date,ADX
2024-10-04,19.3688
2024-10-03,19.6298
2024-10-02,20.1435
2024-10-01,20.5325
2024-09-30,20.9419
2024-09-27,21.8182
2024-09-26,22.811
2024-09-25,23.9109
2024-09-24,24.8606
2024-09-23,25.8603
2024-09-20,27.0502
2024-09-19,28.0324
2024-09-18,29.0662
2024-09-17,29.6319
2024-09-16,30.2274
2024-09-13,30.4721
2024-09-12,30.7297
2024-09-11,30.3814
2024-09-10,29.3601
2024-09-09,28.3425
2024-09-06,27.2713
2024-09-05,26.3622
2024-09-04,25.8532
2024-09-03,25.2299
2024-08-30,24.6183
2024-08-29,24.4693
2024-08-28,24.3125
2024-08-27,24.2776
2024-08-26,24.5575
2024-08-23,24.8522
2024-08-22,24.9432
2024-08-21,25.039
2024-08-20,25.2708
2024-08-19,25.7283
2024-08-16,25.9273
2024-08-15,25.8929
2024-08-14,25.3104
2024-08-13,24.6972
2024-08-12,24.4772
2024-08-09,24.2457
2024-08-08,23.8322
2024-08-07,23.4872
2024-08-06,23.0208
2024-08-05,22.1747
2024-08-02,21.2841
2024-08-01,21.0789
2024-07-31,21.2704
2024-07-30,21.5898
2024-07-29,21.4787
2024-07-26,21.2383
2024-07-25,20.6165
2024-07-24,20.2298
2024-07-23,20.2761
2024-07-22,21.0323
2024-07-19,21.9701
2024-07-18,22.8998
2024-07-17,23.8784
2024-07-16,24.8035
2024-07-15,25.1093
2024-07-12,25.0983
2024-07-11,25.2373
2024-07-10,25.2587
2024-07-09,24.3575
2024-07-08,23.4495
2024-07-05,22.6175
2024-07-03,21.7417
2024-07-02,21.3654
2024-07-01,21.0366
2024-06-28,20.9146
2024-06-27,20.6414
2024-06-26,19.8836
2024-06-25,19.2671
2024-06-24,18.6442
2024-06-21,18.4198
2024-06-20,18.1891
2024-06-18,18.4615
2024-06-17,18.7482
2024-06-14,18.9119
2024-06-13,19.272
2024-06-12,19.5146
2024-06-11,19.5382
2024-06-10,20.0677
2024-06-07,20.6251
2024-06-06,20.9707
2024-06-05,21.0651
2024-06-04,21.2286
2024-06-03,21.773
2024-05-31,22.346
2024-05-30,23.1482
2024-05-29,23.6029
2024-05-28,23.544
2024-05-24,23.482
2024-05-23,23.5869
2024-05-22,23.6975
2024-05-21,23.4169
2024-05-20,23.0135
2024-05-17,22.5417
2024-05-16,22.2749
2024-05-15,22.1039
2024-05-14,22.1682
2024-05-13,22.3808
2024-05-10,22.8148
2024-05-09,22.9453
2024-05-08,22.7711
2024-05-07,22.4999
2024-05-06,22.2144
2024-05-03,22.2337
2024-05-02,22.2705
2024-05-01,22.4193
2024-04-30,22.5759
2024-04-29,22.7408
2024-04-26,22.594
2024-04-25,21.8467
2024-04-24,22.8498
2024-04-23,22.7455
2024-04-22,22.7135
2024-04-19,22.8552
2024-04-18,23.1788
2024-04-17,23.0476
2024-04-16,22.9095
2024-04-15,22.9387
2024-04-12,22.7401
2024-04-11,21.995
2024-04-10,21.2655
2024-04-09,20.8265
2024-04-08,20.2579
2024-04-05,20.0401
2024-04-04,20.0494
2024-04-03,19.8896
2024-04-02,19.2456
2024-04-01,18.6098
2024-03-28,17.9404
2024-03-27,17.7309
2024-03-26,17.5104
2024-03-25,17.0731
2024-03-22,16.8308
2024-03-21,16.3592
2024-03-20,15.9982
2024-03-19,15.7915
2024-03-18,15.5817
2024-03-15,15.1794
2024-03-14,15.9295
2024-03-13,16.6487
2024-03-12,17.2338
2024-03-11,17.5446
2024-03-08,17.8222
2024-03-07,17.9342
2024-03-06,17.4515
2024-03-05,16.6609
2024-03-04,15.758
2024-03-01,14.9348
2024-02-29,14.6544
2024-02-28,14.3574
2024-02-27,13.8833
2024-02-26,13.587
2024-02-23,13.3116
2024-02-22,13.8632
2024-02-21,14.444
2024-02-20,14.6604
2024-02-16,14.7801
2024-02-15,14.9947
2024-02-14,15.2633
2024-02-13,16.0608
2024-02-12,16.9003
2024-02-09,17.2166
2024-02-08,17.5494
2024-02-07,18.33
2024-02-06,19.2562
2024-02-05,20.2676
2024-02-02,21.3323
2024-02-01,22.059
2024-01-31,23.0255
2024-01-30,24.0429
2024-01-29,22.8978
2024-01-26,21.6278
2024-01-25,20.409
2024-01-24,19.1262
2024-01-23,18.0922
2024-01-22,17.3089
2024-01-19,16.4034
2024-01-18,15.681
2024-01-17,15.212
2024-01-16,15.0619
2024-01-12,14.3008
2024-01-11,13.6613
2024-01-10,12.9881
2024-01-09,12.5961
2024-01-08,12.418
2024-01-05,12.6515
2024-01-04,13.2493
2024-01-03,13.6291
2024-01-02,13.8739
2023-12-29,14.163
2023-12-28,13.9746
2023-12-27,13.5541
2023-12-26,13.0807
2023-12-22,12.2876
2023-12-21,11.5417
2023-12-20,10.9273
2023-12-19,10.2805
2023-12-18,10.1976
2023-12-15,10.1605
2023-12-14,10.6525
2023-12-13,11.1703
2023-12-12,11.459
2023-12-11,11.8462
2023-12-08,12.2363
2023-12-07,12.1624
2023-12-06,11.955
2023-12-05,12.2935
2023-12-04,12.6497
2023-12-01,12.5871
2023-11-30,13.0144
2023-11-29,13.5825
2023-11-28,13.6495
2023-11-27,13.9182
2023-11-24,14.0683
2023-11-22,14.2787
2023-11-21,14.1676
2023-11-20,14.4466
2023-11-17,14.8374
2023-11-16,15.3598
2023-11-15,15.7735
2023-11-14,16.5945
2023-11-13,17.4587
2023-11-10,17.7411
2023-11-09,18.0383
2023-11-08,18.4582
2023-11-07,19.0166
2023-11-06,19.5482
2023-11-03,19.8112
2023-11-02,19.9301
2023-11-01,19.9505
2023-10-31,19.4734
2023-10-30,18.7332
2023-10-27,17.9608
2023-10-26,16.7063
2023-10-25,15.4818
2023-10-24,14.5691
2023-10-23,15.0082
2023-10-20,15.7198
2023-10-19,16.3414
2023-10-18,16.3475
2023-10-17,16.3539
2023-10-16,16.5355
2023-10-13,16.4971
2023-10-12,16.4566
2023-10-11,15.9435
2023-10-10,15.3085
2023-10-09,14.8775
2023-10-06,14.5629
2023-10-05,14.3741
2023-10-04,14.7089
2023-10-03,15.0612
2023-10-02,15.7135
2023-09-29,16.4001
2023-09-28,17.1999
2023-09-27,18.0134
2023-09-26,18.3346
2023-09-25,18.5467
2023-09-22,19.092
2023-09-21,19.7896
2023-09-20,20.6141
2023-09-19,21.1592
2023-09-18,20.9383
2023-09-15,20.7058
2023-09-14,20.5675
2023-09-13,20.4218
2023-09-12,20.5654
2023-09-11,20.4551
2023-09-08,20.1875
2023-09-07,20.03
2023-09-06,20.0313
2023-09-05,19.8641
2023-09-01,19.4707
2023-08-31,18.993
2023-08-30,18.2711
2023-08-29,17.7231
2023-08-28,17.1463
2023-08-25,17.0812
2023-08-24,17.2899
2023-08-23,16.9927
2023-08-22,16.8047
2023-08-21,17.1184
2023-08-18,17.7357
2023-08-17,18.3855
2023-08-16,18.4301
2023-08-15,18.7756
2023-08-14,18.8024
2023-08-11,18.8389
2023-08-10,19.1169
2023-08-09,19.1152
2023-08-08,19.115
2023-08-07,18.9939
2023-08-04,18.8663
2023-08-03,18.7453
2023-08-02,18.905
2023-08-01,19.0465
2023-07-31,18.5753
2023-07-28,17.8436
2023-07-27,17.0733
2023-07-26,16.3145
2023-07-25,15.7575
2023-07-24,16.2613
2023-07-21,16.8164
2023-07-20,17.652
2023-07-19,18.5316
2023-07-18,18.8891
2023-07-17,19.0244
2023-07-14,18.9018
2023-07-13,18.818
2023-07-12,19.0072
2023-07-11,19.9676
2023-07-10,20.5143
2023-07-07,21.2353
2023-07-06,22.0381
2023-07-05,23.0361
2023-07-03,23.9044
2023-06-30,25.0022
2023-06-29,26.2929
2023-06-28,27.4813
2023-06-27,28.7323
2023-06-26,29.769
2023-06-23,31.2799
2023-06-22,32.3548
2023-06-21,33.4863
2023-06-20,34.3742
2023-06-16,34.7802
2023-06-15,34.8881
2023-06-14,35.0957
2023-06-13,35.5255
2023-06-12,35.4926
2023-06-09,35.6136
2023-06-08,35.7826
2023-06-07,36.0339
2023-06-06,36.0667
2023-06-05,35.1517
2023-06-02,34.2737
2023-06-01,33.4805
2023-05-31,32.8352
2023-05-30,32.1965
2023-05-26,31.5243
2023-05-25,30.692
2023-05-24,29.8158
2023-05-23,29.2423
2023-05-22,27.9737
2023-05-19,26.4801
2023-05-18,24.9457
2023-05-17,23.5622
2023-05-16,22.2644
2023-05-15,20.991
2023-05-12,19.8946
2023-05-11,18.7914
2023-05-10,17.6421
2023-05-09,17.0556
2023-05-08,16.8834
2023-05-05,17.1096
2023-05-04,17.7898
2023-05-03,18.5686
2023-05-02,19.152
2023-05-01,19.8259
2023-04-28,19.7343
2023-04-27,19.7567
2023-04-26,19.7803
2023-04-25,20.1844
2023-04-24,20.2938
2023-04-21,20.1759
2023-04-20,20.1611
2023-04-19,20.1455
2023-04-18,20.3436
2023-04-17,20.308
2023-04-14,20.16
2023-04-13,19.4028
2023-04-12,18.8067
2023-04-11,18.2853
2023-04-10,17.6493
2023-04-06,16.8696
2023-04-05,16.0488
2023-04-04,15.585
2023-04-03,15.1698
2023-03-31,14.8804
2023-03-30,14.6665
2023-03-29,14.8537
2023-03-28,14.8747
2023-03-27,14.9028
2023-03-24,14.4908
2023-03-23,13.638
2023-03-22,12.6
2023-03-21,11.5073
2023-03-20,10.5195
2023-03-17,9.8821
2023-03-16,9.1648
2023-03-15,8.6169
2023-03-14,8.654
2023-03-13,9.0865
2023-03-10,9.2045
2023-03-09,9.4961
2023-03-08,9.9215
2023-03-07,9.9683
2023-03-06,10.0645
2023-03-03,10.0771
2023-03-02,10.4501
2023-03-01,10.907
2023-02-28,11.1654
2023-02-27,11.4374
2023-02-24,11.538
2023-02-23,11.5976
2023-02-22,11.8239
2023-02-21,12.1803
2023-02-17,12.7103
2023-02-16,13.2784
2023-02-15,13.6522
2023-02-14,14.1184
2023-02-13,14.8113
2023-02-10,15.4248
2023-02-09,16.0145
2023-02-08,16.6352
2023-02-07,16.678
2023-02-06,15.8753
2023-02-03,15.4251
2023-02-02,14.8231
2023-02-01,13.6056
2023-01-31,13.0534
2023-01-30,12.7896
2023-01-27,12.5967
2023-01-26,12.2109
2023-01-25,12.197
2023-01-24,12.4009
2023-01-23,11.9103
2023-01-20,11.3275
2023-01-19,10.9594
2023-01-18,11.3609
2023-01-17,11.9404
2023-01-13,12.4802
2023-01-12,13.0631
2023-01-11,13.6187
2023-01-10,14.1561
2023-01-09,14.1798
2023-01-06,14.5233
2023-01-05,14.409
2023-01-04,14.4485
2023-01-03,14.7074
2022-12-30,15.1855
2022-12-29,15.1369
2022-12-28,15.0918
2022-12-27,14.8797
2022-12-23,14.8065
2022-12-22,14.7377
2022-12-21,14.4767
2022-12-20,14.4638
2022-12-19,14.2587
2022-12-16,14.1403
2022-12-15,14.1833
2022-12-14,14.2912
2022-12-13,14.8934
2022-12-12,15.6142
2022-12-09,15.4699
2022-12-08,15.4781
2022-12-07,15.5857
2022-12-06,15.8795
2022-12-05,16.442
2022-12-02,17.1652
2022-12-01,18.0241
2022-11-30,18.7066
2022-11-29,19.6092
2022-11-28,19.8634
2022-11-25,20.3575
2022-11-23,21.1637
2022-11-22,22.0123
2022-11-21,22.632
2022-11-18,23.4803
2022-11-17,24.5289
2022-11-16,25.6965
2022-11-15,27.0449
2022-11-14,28.4642
2022-11-11,29.4576
2022-11-10,30.5034
2022-11-09,31.1953
2022-11-08,30.9894
2022-11-07,30.8037
2022-11-04,30.3172
2022-11-03,29.3168
2022-11-02,28.2375
2022-11-01,27.3752
2022-10-31,26.7811
2022-10-28,26.5374
2022-10-27,26.2808
2022-10-26,25.774
2022-10-25,25.5495
2022-10-24,26.4876
2022-10-21,26.9947
2022-10-20,27.1637
2022-10-19,27.6221
2022-10-18,27.7642
2022-10-17,28.0863
2022-10-14,27.7112
2022-10-13,27.2444
2022-10-12,26.4797
2022-10-11,25.9884
2022-10-10,25.4711
2022-10-07,25.0222
2022-10-06,24.7298
2022-10-05,24.7744
2022-10-04,24.5515
2022-10-03,24.5657
2022-09-30,23.836
2022-09-29,22.9464
2022-09-28,22.0619
2022-09-27,21.2818
2022-09-26,20.2567
2022-09-23,19.293
2022-09-22,18.2172
2022-09-21,17.2443
2022-09-20,16.279
2022-09-19,15.4179
2022-09-16,14.6431
2022-09-15,13.7802
2022-09-14,13.0477
2022-09-13,12.4463
2022-09-12,11.8694
2022-09-09,12.1596
2022-09-08,12.3343
2022-09-07,12.2235
2022-09-06,12.1068
2022-09-02,11.5643
2022-09-01,11.2092
2022-08-31,10.7725
2022-08-30,10.4218
2022-08-29,9.9832
2022-08-26,9.656
2022-08-25,9.5029
2022-08-24,9.9463
2022-08-23,10.0627
2022-08-22,10.2746
2022-08-19,10.5633
2022-08-18,10.8915
2022-08-17,10.8787
2022-08-16,10.7405
2022-08-15,10.3547
2022-08-12,9.9656
2022-08-11,9.6352
2022-08-10,9.3109
2022-08-09,9.0381
2022-08-08,9.2114
2022-08-05,9.2123
2022-08-04,9.4868
2022-08-03,9.643
2022-08-02,9.8279
2022-08-01,10.316
2022-07-29,10.7468
2022-07-28,11.2023
2022-07-27,11.6085
2022-07-26,11.9821
2022-07-25,11.425
2022-07-22,11.0737
2022-07-21,10.7252
2022-07-20,10.8841
2022-07-19,11.2232
2022-07-18,11.3872
2022-07-15,11.5126
2022-07-14,11.9426
2022-07-13,12.122
2022-07-12,12.6507
2022-07-11,13.1026
2022-07-08,13.3543
2022-07-07,13.3992
2022-07-06,13.5002
2022-07-05,14.0163
2022-07-01,14.6741
2022-06-30,14.7999
2022-06-29,14.9344
2022-06-28,15.5646
2022-06-27,16.3525
2022-06-24,16.7955
2022-06-23,17.3218
2022-06-22,17.8864
2022-06-21,18.4807
2022-06-17,18.987
2022-06-16,18.9578
2022-06-15,18.9368
2022-06-14,19.1821
2022-06-13,18.8978
2022-06-10,18.6299
2022-06-09,18.7902
2022-06-08,19.5029
2022-06-07,20.5052
2022-06-06,21.4349
2022-06-03,22.5627
2022-06-02,23.3193
2022-06-01,24.1157
2022-05-31,24.8408
2022-05-27,25.4099
2022-05-26,25.4909
2022-05-25,24.9469
2022-05-24,23.9685
2022-05-23,22.9306
2022-05-20,22.4179
2022-05-19,21.8782
2022-05-18,21.7402
2022-05-17,21.7721
2022-05-16,22.2172
2022-05-13,22.5594
2022-05-12,22.9196
2022-05-11,22.6684
2022-05-10,22.7976
2022-05-09,22.9126
2022-05-06,22.8226
2022-05-05,22.9554
2022-05-04,23.2108
2022-05-03,23.4922
2022-05-02,23.0136
2022-04-29,22.1764
2022-04-28,21.403
2022-04-27,20.6155
2022-04-26,19.3236
2022-04-25,18.4609
2022-04-22,17.5528
2022-04-21,16.6351
2022-04-20,16.2488
2022-04-19,16.2161
2022-04-18,15.9794
2022-04-14,15.3096
2022-04-13,14.6517
2022-04-12,14.0871
2022-04-11,13.4927
2022-04-08,13.0739
2022-04-07,13.1672
2022-04-06,13.4399
2022-04-05,13.9094
2022-04-04,14.095
2022-04-01,14.2904
2022-03-31,14.9845
2022-03-30,15.5967
2022-03-29,15.7944
2022-03-28,15.9232
2022-03-25,16.3102
2022-03-24,16.7176
2022-03-23,17.2027
2022-03-22,17.9924
2022-03-21,18.8237
2022-03-18,19.346
2022-03-17,19.7685
2022-03-16,19.8615
2022-03-15,19.8347
2022-03-14,19.1887
2022-03-11,18.5086
2022-03-10,18.2354
2022-03-09,18.0917
2022-03-08,17.9405
2022-03-07,17.355
2022-03-04,16.7989
2022-03-03,16.6344
2022-03-02,16.7791
2022-03-01,16.7372
2022-02-28,16.71
2022-02-25,16.6028
2022-02-24,16.4171
2022-02-23,15.8726
2022-02-22,15.5431
2022-02-18,15.2638
2022-02-17,15.1637
2022-02-16,15.293
2022-02-15,15.6957
2022-02-14,16.22
2022-02-11,16.5429
2022-02-10,16.8975
2022-02-09,17.7625
2022-02-08,18.4567
2022-02-07,19.3798
2022-02-04,20.226
2022-02-03,20.9217
2022-02-02,21.3863
2022-02-01,21.4988
2022-01-31,21.8912
2022-01-28,21.8798
2022-01-27,21.4479
2022-01-26,20.8491
2022-01-25,20.2186
2022-01-24,18.8017
2022-01-21,17.3101
2022-01-20,16.2344
2022-01-19,15.4142
2022-01-18,14.7982
2022-01-14,13.9681
2022-01-13,13.281
2022-01-12,12.7341
2022-01-11,12.4637
2022-01-10,11.6719
2022-01-07,10.5197
2022-01-06,9.6278
2022-01-05,8.793
2022-01-04,8.0648
2022-01-03,8.2816
2021-12-31,8.3745
2021-12-30,8.6892
2021-12-29,9.0475
2021-12-28,9.4247
2021-12-27,9.7452
2021-12-23,9.8724
2021-12-22,10.0226
2021-12-21,10.4637
2021-12-20,10.6326
2021-12-17,10.3959
2021-12-16,10.4619
2021-12-15,10.9367
2021-12-14,11.2522
2021-12-13,11.1244
2021-12-10,11.6163
2021-12-09,11.8705
2021-12-08,12.0455
2021-12-07,12.3627
2021-12-06,12.8603
2021-12-03,12.8986
2021-12-02,12.967
2021-12-01,12.9162
2021-11-30,12.9831
2021-11-29,13.1724
2021-11-26,13.7906
2021-11-24,14.0803
2021-11-23,14.7598
2021-11-22,15.4751
2021-11-19,15.798
2021-11-18,15.4708
2021-11-17,15.1907
2021-11-16,15.2489
2021-11-15,15.2927
2021-11-12,15.2783
2021-11-11,15.3791
2021-11-10,15.7083
2021-11-09,16.0548
2021-11-08,15.8453
2021-11-05,15.3506
2021-11-04,14.8695
2021-11-03,14.4435
2021-11-02,14.4411
2021-11-01,14.4478
2021-10-29,14.4549
2021-10-28,14.186
2021-10-27,14.0484
2021-10-26,13.9035
2021-10-25,14.0979
2021-10-22,13.8322
2021-10-21,13.6544
2021-10-20,14.2962
2021-10-19,14.9338
2021-10-18,15.3278
2021-10-15,15.9176
2021-10-14,16.7486
2021-10-13,17.5438
2021-10-12,17.6113
2021-10-11,17.6824
2021-10-08,18.3614
2021-10-07,18.9863
2021-10-06,19.5777
2021-10-05,19.6436
2021-10-04,19.5769
2021-10-01,19.1723
2021-09-30,19.2653
2021-09-29,18.9809
2021-09-28,18.7348
2021-09-27,18.7408
2021-09-24,19.6548
2021-09-23,20.5707
2021-09-22,21.6122
2021-09-21,22.5009
2021-09-20,23.2054
2021-09-17,23.67
2021-09-16,24.6302
2021-09-15,25.0084
2021-09-14,25.4065
2021-09-13,26.0927
2021-09-10,26.9197
2021-09-09,27.7902
2021-09-08,27.9072
2021-09-07,28.0304
2021-09-03,27.9452
2021-09-02,27.9328
2021-09-01,27.6536
2021-08-31,26.7398
2021-08-30,25.9415
2021-08-27,25.1012
2021-08-26,24.4423
2021-08-25,24.1164
2021-08-24,23.8162
2021-08-23,23.5201
2021-08-20,23.4295
2021-08-19,24.0605
2021-08-18,25.0406
2021-08-17,25.7343
2021-08-16,26.2124
2021-08-13,26.7156
2021-08-12,26.6519
2021-08-11,26.7
2021-08-10,26.4472
2021-08-09,26.1478
2021-08-06,25.939
2021-08-05,25.8495
2021-08-04,25.7775
2021-08-03,25.8269
2021-08-02,25.8789
2021-07-30,25.7996
2021-07-29,25.5876
2021-07-28,24.9978
2021-07-27,24.3769
2021-07-26,24.2946
2021-07-23,23.5366
2021-07-22,22.8616
2021-07-21,23.0537
2021-07-20,23.4617
2021-07-19,24.0229
2021-07-16,24.8173
2021-07-15,24.7718
2021-07-14,24.5836
2021-07-13,23.845
2021-07-12,23.3094
2021-07-09,22.9493
2021-07-08,22.8695
2021-07-07,22.8179
2021-07-06,21.8894
2021-07-02,21.081
2021-07-01,20.4457
2021-06-30,20.5009
2021-06-29,20.6584
2021-06-28,20.6806
2021-06-25,20.77
2021-06-24,20.8001
2021-06-23,20.5364
2021-06-22,20.2589
2021-06-21,20.1289
2021-06-18,20.0866
2021-06-17,20.1353
2021-06-16,20.0192
2021-06-15,20.0376
2021-06-14,19.4984
2021-06-11,18.9962
2021-06-10,18.538
2021-06-09,18.1105
2021-06-08,17.8868
2021-06-07,17.6514
2021-06-04,17.5489
2021-06-03,17.494
2021-06-02,17.8651
2021-06-01,17.9388
2021-05-28,18.097
2021-05-27,18.3602
2021-05-26,18.5938
2021-05-25,18.7123
2021-05-24,18.881
2021-05-21,19.2197
2021-05-20,20.0161
2021-05-19,20.9228
2021-05-18,21.7902
2021-05-17,22.7913
2021-05-14,23.9514
2021-05-13,25.1204
2021-05-12,25.8636
2021-05-11,26.6459
2021-05-10,27.8388
2021-05-07,28.9884
2021-05-06,29.4369
2021-05-05,30.2306
2021-05-04,30.8619
2021-05-03,31.6195
2021-04-30,31.2334
2021-04-29,30.6339
2021-04-28,29.5073
2021-04-27,28.3214
2021-04-26,27.899
2021-04-23,27.2271
2021-04-22,26.683
2021-04-21,26.2704
2021-04-20,25.9204
2021-04-19,25.3195
2021-04-16,24.4363
2021-04-15,23.5842
2021-04-14,22.6873
2021-04-13,21.9665
2021-04-12,21.0858
2021-04-09,20.2082
2021-04-08,19.1297
2021-04-07,17.9017
2021-04-06,16.7901
2021-04-05,15.7342
2021-04-01,14.6226
2021-03-31,14.1889
2021-03-30,14.2429
2021-03-29,14.5757
2021-03-26,15.0901
2021-03-25,15.752
2021-03-24,16.4486
2021-03-23,16.7593
2021-03-22,17.1238
2021-03-19,17.6752
2021-03-18,18.3769
2021-03-17,18.924
2021-03-16,19.1955
2021-03-15,19.2901
2021-03-12,19.9678
2021-03-11,20.6248
2021-03-10,21.0209
2021-03-09,21.9628
2021-03-08,22.7542
2021-03-05,23.5872
2021-03-04,24.1913
2021-03-03,25.1457
2021-03-02,26.1504
2021-03-01,26.4236
2021-02-26,26.8819
2021-02-25,27.5519
2021-02-24,28.1877
2021-02-23,28.589
2021-02-22,29.1473
2021-02-19,28.9457
2021-02-18,28.1736
2021-02-17,27.1969
2021-02-16,26.1688
2021-02-12,25.0343
2021-02-11,24.1
2021-02-10,23.1495
2021-02-09,22.149
2021-02-08,20.8495
2021-02-05,19.4817
2021-02-04,18.134
2021-02-03,16.8475
2021-02-02,15.4933
2021-02-01,15.0412
2021-01-29,14.8468
2021-01-28,15.3073
2021-01-27,15.4105
2021-01-26,15.596
2021-01-25,14.603
2021-01-22,13.5578
2021-01-21,12.6022
2021-01-20,11.5499
2021-01-19,10.7122
2021-01-15,10.8718
2021-01-14,10.9776
2021-01-13,11.307
2021-01-12,11.4624
2021-01-11,11.626
2021-01-08,12.1391
2021-01-07,12.5309
2021-01-06,13.104
2021-01-05,13.1175
2021-01-04,13.4472
2020-12-31,13.7942
2020-12-30,14.4174
2020-12-29,15.0733
2020-12-28,15.2978
2020-12-24,15.5551
2020-12-23,16.2201
2020-12-22,16.92
2020-12-21,17.4625
2020-12-18,18.0336
2020-12-17,18.9436
2020-12-16,19.7284
2020-12-15,20.2622
2020-12-14,20.894
2020-12-11,21.4406
2020-12-10,22.177
2020-12-09,22.9818
2020-12-08,23.4003
2020-12-07,23.3541
2020-12-04,23.0984
2020-12-03,22.6422
2020-12-02,22.1024
2020-12-01,21.6305
2020-11-30,21.2295
2020-11-27,21.1946
2020-11-25,20.8915
2020-11-24,20.8305
2020-11-23,20.805
2020-11-20,20.9826
2020-11-19,20.7973
2020-11-18,20.6473
2020-11-17,20.3639
2020-11-16,19.7538
2020-11-13,19.0843
2020-11-12,18.5084
2020-11-11,17.9942
2020-11-10,17.3852
2020-11-09,16.7687
2020-11-06,15.5757
2020-11-05,14.6308
2020-11-04,13.5772
2020-11-03,12.6112
2020-11-02,12.4988
2020-10-30,12.3525
2020-10-29,12.1986
2020-10-28,12.6573
2020-10-27,12.6707
2020-10-26,13.108
2020-10-23,13.5684
2020-10-22,13.3653
2020-10-21,13.4084
2020-10-20,13.4537
2020-10-19,14.0493
2020-10-16,14.6404
2020-10-15,14.721
2020-10-14,14.8863
2020-10-13,14.9854
2020-10-12,14.8904
2020-10-09,14.7904
2020-10-08,15.4795
2020-10-07,15.8286
2020-10-06,15.8729
2020-10-05,16.0729
2020-10-02,16.4846
2020-10-01,16.8281
2020-09-30,17.5899
2020-09-29,18.2583
2020-09-28,18.746
2020-09-25,19.2593
2020-09-24,19.3859
2020-09-23,19.3927
2020-09-22,19.4055
2020-09-21,19.7033
2020-09-18,19.6576
2020-09-17,19.9192
2020-09-16,20.5588
2020-09-15,21.3704
2020-09-14,22.0626
2020-09-11,22.7913
2020-09-10,23.7914
2020-09-09,24.4484
2020-09-08,25.3249
2020-09-04,26.2866
2020-09-03,26.9913
2020-09-02,26.5288
2020-09-01,24.8313
2020-08-31,23.6042
2020-08-28,22.4682
2020-08-27,21.3063
2020-08-26,20.0832
2020-08-25,18.7957
2020-08-24,17.9163
2020-08-21,16.9919
2020-08-20,16.2228
2020-08-19,15.5614
2020-08-18,15.0122
2020-08-17,14.5876
2020-08-14,14.6376
2020-08-13,14.7542
2020-08-12,14.6888
2020-08-11,15.0201
2020-08-10,15.389
2020-08-07,15.8294
2020-08-06,16.1349
2020-08-05,16.6641
2020-08-04,17.4759
2020-08-03,18.3305
2020-07-31,19.1103
2020-07-30,19.9311
2020-07-29,20.1309
2020-07-28,20.2034
2020-07-27,20.367
2020-07-24,20.3401
2020-07-23,20.5659
2020-07-22,20.4482
2020-07-21,19.6758
2020-07-20,18.6742
2020-07-17,17.7839
2020-07-16,17.3183
2020-07-15,16.9142
2020-07-14,16.3069
2020-07-13,15.8131
2020-07-10,14.9012
2020-07-09,14.3132
2020-07-08,13.8353
2020-07-07,13.5476
2020-07-06,13.2447
2020-07-02,13.0589
2020-07-01,13.1255
2020-06-30,13.7457
2020-06-29,14.1559
2020-06-26,14.1381
2020-06-25,14.1642
2020-06-24,14.6138
2020-06-23,14.8894
2020-06-22,14.8863
2020-06-19,15.2629
2020-06-18,15.7657
2020-06-17,16.1618
2020-06-16,16.4153
2020-06-15,16.7552
2020-06-12,17.6117
2020-06-11,18.5133
2020-06-10,19.2579
2020-06-09,18.9722
2020-06-08,18.7376
2020-06-05,18.7481
2020-06-04,18.7968
2020-06-03,18.9157
2020-06-02,18.5334
2020-06-01,18.2039
2020-05-29,17.8739
2020-05-28,17.5819
2020-05-27,17.2746
2020-05-26,17.1612
2020-05-22,16.61
2020-05-21,16.3341
2020-05-20,16.0497
2020-05-19,15.7978
2020-05-18,15.7437
2020-05-15,15.6867
2020-05-14,15.8214
2020-05-13,16.1535
2020-05-12,16.44
2020-05-11,16.0751
2020-05-08,15.676
2020-05-07,15.4321
2020-05-06,15.3755
2020-05-05,15.3877
2020-05-04,15.4005
2020-05-01,15.876
2020-04-30,16.2103
2020-04-29,16.4178
2020-04-28,16.5733
2020-04-27,17.378
2020-04-24,17.9422
2020-04-23,18.7201
2020-04-22,19.3368
2020-04-21,20.0742
2020-04-20,21.0825
2020-04-17,21.61
2020-04-16,22.0377
2020-04-15,22.6583
2020-04-14,23.3115
2020-04-13,23.9991
2020-04-09,25.1695
2020-04-08,26.4763
2020-04-07,27.8117
2020-04-06,29.2173
2020-04-03,30.385
2020-04-02,30.7463
2020-04-01,31.2801
2020-03-31,31.845
2020-03-30,32.8152
2020-03-27,33.5604
2020-03-26,34.3916
2020-03-25,35.2665
2020-03-24,35.8933
2020-03-23,36.4012
2020-03-20,36.0721
2020-03-19,36.0573
2020-03-18,36.0417
2020-03-17,35.327
2020-03-16,34.6384
2020-03-13,34.0091
2020-03-12,33.6042
2020-03-11,32.7905
2020-03-10,32.4411
2020-03-09,32.2441
2020-03-06,31.6569
2020-03-05,31.4793
2020-03-04,31.6954
2020-03-03,32.297
2020-03-02,32.9302
2020-02-28,33.2513
2020-02-27,32.7418
2020-02-26,32.6281
2020-02-25,33.2649
2020-02-24,33.9905
2020-02-21,35.1502
2020-02-20,36.1551
2020-02-19,36.4684
2020-02-18,36.2416
2020-02-14,36.0054
2020-02-13,35.9077
2020-02-12,35.8048
2020-02-11,35.775
2020-02-10,35.7437
2020-02-07,36.0042
2020-02-06,36.6548
2020-02-05,37.4023
2020-02-04,38.4873
2020-02-03,39.6293
2020-01-31,39.8783
2020-01-30,40.4017
2020-01-29,41.1997
2020-01-28,41.7228
2020-01-27,42.4284
2020-01-24,43.4962
2020-01-23,43.0502
2020-01-22,41.7794
2020-01-21,40.326
2020-01-17,38.8937
2020-01-16,37.4764
2020-01-15,36.3292
2020-01-14,35.2595
2020-01-13,34.1336
2020-01-10,32.9638
2020-01-09,31.8198
2020-01-08,30.7011
2020-01-07,29.7721
2020-01-06,28.9296
2020-01-03,28.1292
2020-01-02,27.7507
2019-12-31,27.4609
2019-12-30,27.8634
2019-12-27,28.0311
2019-12-26,27.4598
2019-12-24,26.9493
2019-12-23,26.6921
2019-12-20,26.2248
2019-12-19,25.5934
2019-12-18,25.0785
2019-12-17,24.4532
2019-12-16,23.7804
2019-12-13,23.0887
2019-12-12,22.6178
2019-12-11,22.1222
2019-12-10,21.6995
2019-12-09,21.2939
2019-12-06,20.7902
2019-12-05,20.5678
2019-12-04,20.664
2019-12-03,20.8541
2019-12-02,21.7878
2019-11-29,22.6618
2019-11-27,22.7493
2019-11-26,22.5829
2019-11-25,22.4972
2019-11-22,22.4951
2019-11-21,22.5782
2019-11-20,22.6152
2019-11-19,22.6541
2019-11-18,21.8527
2019-11-15,20.8286
2019-11-14,19.7569
2019-11-13,18.9399
2019-11-12,18.3392
2019-11-11,17.6275
2019-11-08,16.9643
2019-11-07,16.0619
2019-11-06,15.1121
2019-11-05,14.6824
2019-11-04,13.9777
2019-11-01,13.3315
2019-10-31,13.0763
2019-10-30,12.9619
2019-10-29,12.8039
2019-10-28,12.4819
2019-10-25,11.5865
2019-10-24,11.3402
2019-10-23,11.213
2019-10-22,11.2058
2019-10-21,11.4475
2019-10-18,11.6978
2019-10-17,11.9568
2019-10-16,11.9462
2019-10-15,12.1633
2019-10-14,12.5659
2019-10-11,12.8904
2019-10-10,13.2766
2019-10-09,13.3013
2019-10-08,13.1081
2019-10-07,12.8564
2019-10-04,12.9157
2019-10-03,12.7906
2019-10-02,11.9787
2019-10-01,11.3109
2019-09-30,11.3791
2019-09-27,11.6699
2019-09-26,12.0257
2019-09-25,12.4282
2019-09-24,12.852
2019-09-23,13.2557
2019-09-20,13.285
2019-09-19,13.3158
2019-09-18,13.0826
2019-09-17,13.015
2019-09-16,12.7375
2019-09-13,12.3906
2019-09-12,11.9711
2019-09-11,11.5295
2019-09-10,11.4412
2019-09-09,11.6057
2019-09-06,11.7788
2019-09-05,11.7163
2019-09-04,11.6506
2019-09-03,12.1579
2019-08-30,12.6918
2019-08-29,12.7497
2019-08-28,12.8327
2019-08-27,13.3267
2019-08-26,13.7514
2019-08-23,14.4649
2019-08-22,15.216
2019-08-21,15.3805
2019-08-20,15.3386
2019-08-19,15.3384
2019-08-16,15.1692
2019-08-15,15.4251
2019-08-14,15.8302
2019-08-13,16.2566
2019-08-12,16.4589
2019-08-09,17.0119
2019-08-08,17.2558
2019-08-07,17.5126
2019-08-06,18.2355
2019-08-05,18.7822
2019-08-02,19.4354
2019-08-01,19.0649
2019-07-31,18.2152
2019-07-30,17.3391
2019-07-29,15.9383
2019-07-26,14.323
2019-07-25,12.6227
2019-07-24,12.9417
2019-07-23,13.1193
2019-07-22,13.1631
2019-07-19,13.4421
2019-07-18,13.5435
2019-07-17,13.7365
2019-07-16,13.4982
2019-07-15,13.2437
2019-07-12,13.153
2019-07-11,13.1291
2019-07-10,13.0761
2019-07-09,13.2569
2019-07-08,13.7837
2019-07-05,14.2195
2019-07-03,14.5307
2019-07-02,15.0038
2019-07-01,15.7398
2019-06-28,16.4128
2019-06-27,16.4576
2019-06-26,16.5462
2019-06-25,16.6395
2019-06-24,16.9483
2019-06-21,17.783
2019-06-20,18.6616
2019-06-19,19.616
2019-06-18,20.3208
2019-06-17,21.1597
2019-06-14,21.6377
2019-06-13,21.9829
2019-06-12,22.3653
2019-06-11,22.4339
2019-06-10,22.6668
2019-06-07,22.6947
2019-06-06,22.1836
2019-06-05,20.978
2019-06-04,19.709
2019-06-03,18.4059
2019-05-31,17.0342
2019-05-30,16.6013
2019-05-29,16.3705
2019-05-28,16.1275
2019-05-24,16.3844
2019-05-23,16.5997
2019-05-22,16.7173
2019-05-21,17.1938
2019-05-20,17.5554
2019-05-17,17.8159
2019-05-16,18.6658
2019-05-15,19.6049
2019-05-14,20.2313
2019-05-13,19.9934
2019-05-10,19.7784
2019-05-09,19.9471
2019-05-08,20.2945
2019-05-07,20.9395
2019-05-06,21.6183
2019-05-03,22.4631
2019-05-02,23.2579
2019-05-01,23.8084
2019-04-30,24.647
2019-04-29,25.7605
2019-04-26,24.5096
2019-04-25,23.5085
2019-04-24,22.5729
2019-04-23,21.5039
2019-04-22,20.3787
2019-04-18,19.5782
2019-04-17,18.9168
2019-04-16,18.2388
2019-04-15,17.7245
2019-04-12,17.3355
2019-04-11,17.0721
2019-04-10,17.047
2019-04-09,17.1163
2019-04-08,17.2335
2019-04-05,17.1475
2019-04-04,16.8786
2019-04-03,16.5955
2019-04-02,16.2975
2019-04-01,16.2817
2019-03-29,16.3834
2019-03-28,16.8509
2019-03-27,17.5011
2019-03-26,18.1654
2019-03-25,18.4057
2019-03-22,18.4281
2019-03-21,17.9764
2019-03-20,17.1631
2019-03-19,16.4127
2019-03-18,16.1057
2019-03-15,15.955
2019-03-14,15.6281
2019-03-13,15.1562
2019-03-12,14.4573
2019-03-11,13.7451
2019-03-08,13.4547
2019-03-07,13.7177
2019-03-06,13.6604
2019-03-05,12.9052
2019-03-04,12.1102
2019-03-01,11.487
2019-02-28,11.1589
2019-02-27,11.1918
2019-02-26,11.4369
2019-02-25,11.6949
2019-02-22,11.7559
2019-02-21,12.0124
2019-02-20,12.2825
2019-02-19,12.193
2019-02-15,11.9614
2019-02-14,11.7153
2019-02-13,11.516
2019-02-12,11.0772
2019-02-11,10.7916
2019-02-08,10.8589
2019-02-07,11.0979
2019-02-06,11.3495
2019-02-05,11.0287
2019-02-04,10.5582
2019-02-01,10.2413
2019-01-31,10.0464
2019-01-30,9.9595
2019-01-29,10.4059
2019-01-28,10.7135
2019-01-25,11.213
2019-01-24,11.4968
2019-01-23,12.0889
2019-01-22,12.7122
2019-01-18,13.3274
2019-01-17,13.3618
2019-01-16,13.7267
2019-01-15,14.0044
2019-01-14,14.5694
2019-01-11,14.8542
2019-01-10,15.3133
2019-01-09,15.966
2019-01-08,16.7564
2019-01-07,17.5884
2019-01-04,18.3499
2019-01-03,19.0972
2019-01-02,19.6057
2018-12-31,20.0283
2018-12-28,20.5991
2018-12-27,21.3464
2018-12-26,21.9277
2018-12-24,22.4474
2018-12-21,22.2498
2018-12-20,22.0876
2018-12-19,22.2803
2018-12-18,22.6532
2018-12-17,22.7124
2018-12-14,22.7747
2018-12-13,23.3063
2018-12-12,24.1137
2018-12-11,25.0771
2018-12-10,25.6848
2018-12-07,26.1073
2018-12-06,26.6422
2018-12-04,27.0971
2018-12-03,27.8267
2018-11-30,29.1592
2018-11-29,30.3445
2018-11-28,31.3982
2018-11-27,32.3574
2018-11-26,32.793
2018-11-23,33.02
2018-11-21,32.9158
2018-11-20,32.9401
2018-11-19,32.5283
2018-11-16,32.3328
2018-11-15,32.5521
2018-11-14,32.7829
2018-11-13,32.6956
2018-11-12,32.6037
2018-11-09,32.5069
2018-11-08,32.6918
2018-11-07,33.1523
2018-11-06,33.6369
2018-11-05,33.4533
2018-11-02,33.0998
2018-11-01,33.1157
2018-10-31,33.2619
2018-10-30,33.4159
2018-10-29,32.013
2018-10-26,30.5363
2018-10-25,29.2857
2018-10-24,28.3307
2018-10-23,27.2854
2018-10-22,26.4812
2018-10-19,25.9353
2018-10-18,25.3365
2018-10-17,24.7063
2018-10-16,24.462
2018-10-15,23.8737
2018-10-12,22.7719
2018-10-11,21.612
2018-10-10,20.066
2018-10-09,18.6173
2018-10-08,17.879
2018-10-05,17.1019
2018-10-04,16.645
2018-10-03,16.3643
2018-10-02,17.068
2018-10-01,17.8086
2018-09-28,18.6937
2018-09-27,19.1154
2018-09-26,19.5652
2018-09-25,19.7133
2018-09-24,19.4955
2018-09-21,18.8134
2018-09-20,18.5631
2018-09-19,18.4048
2018-09-18,17.487
2018-09-17,16.5817
2018-09-14,15.6287
2018-09-13,14.9533
2018-09-12,14.2366
2018-09-11,13.4821
2018-09-10,12.688
2018-09-07,11.9447
2018-09-06,11.1623
2018-09-05,10.3387
2018-09-04,9.688
2018-08-31,9.6764
2018-08-30,10.1715
2018-08-29,10.0481
2018-08-28,9.7241
2018-08-27,9.6601
2018-08-24,9.5927
2018-08-23,10.0971
2018-08-22,10.5612
2018-08-21,10.7847
2018-08-20,11.0693
2018-08-17,11.1621
2018-08-16,11.2597
2018-08-15,11.7594
2018-08-14,12.2926
2018-08-13,12.4757
2018-08-10,12.4431
2018-08-09,12.5203
2018-08-08,12.2102
2018-08-07,11.8888
2018-08-06,11.667
2018-08-03,11.9674
2018-08-02,12.2836
2018-08-01,12.6651
2018-07-31,12.8929
2018-07-30,13.2329
2018-07-27,13.3961
2018-07-26,13.0355
2018-07-25,12.1096
2018-07-24,11.2894
2018-07-23,10.481
2018-07-20,10.9393
2018-07-19,11.2865
2018-07-18,11.6189
2018-07-17,11.7732
2018-07-16,12.0035
2018-07-13,11.9228
2018-07-12,11.7834
2018-07-11,11.8173
2018-07-10,12.357
2018-07-09,12.736
2018-07-06,13.2684
2018-07-05,13.8151
2018-07-03,14.0745
2018-07-02,14.3476
2018-06-29,14.4563
2018-06-28,15.013
2018-06-27,15.4135
2018-06-26,16.073
2018-06-25,16.781
2018-06-22,17.5263
2018-06-21,17.2412
2018-06-20,16.8215
2018-06-19,15.768
2018-06-18,14.9831
2018-06-15,14.1568
2018-06-14,13.671
2018-06-13,13.1596
2018-06-12,12.8274
2018-06-11,12.6192
2018-06-08,12.4206
2018-06-07,12.3918
2018-06-06,12.2859
2018-06-05,11.9062
2018-06-04,11.2017
2018-06-01,10.5135
2018-05-31,10.1281
2018-05-30,10.2872
2018-05-29,10.4288
2018-05-25,10.5778
2018-05-24,11.0539
2018-05-23,11.6169
2018-05-22,12.2094
2018-05-21,12.7073
2018-05-18,13.0955
2018-05-17,13.6239
2018-05-16,14.2304
2018-05-15,14.7457
2018-05-14,15.2881
2018-05-11,15.2252
2018-05-10,15.3349
2018-05-09,15.4504
2018-05-08,15.8684
2018-05-07,16.4663
2018-05-04,17.0902
2018-05-03,17.4355
2018-05-02,17.2462
2018-05-01,17.3361
2018-04-30,17.371
2018-04-27,17.5524
2018-04-26,17.9216
2018-04-25,18.3102
2018-04-24,18.3415
2018-04-23,18.3744
2018-04-20,19.2065
2018-04-19,19.952
2018-04-18,20.7367
2018-04-17,21.761
2018-04-16,22.8393
2018-04-13,23.1783
2018-04-12,23.5352
2018-04-11,23.6989
2018-04-10,23.6437
2018-04-09,23.5856
2018-04-06,23.5806
2018-04-05,23.3704
2018-04-04,23.4003
2018-04-03,23.0968
2018-04-02,22.5866
2018-03-29,22.0497
2018-03-28,21.6014
2018-03-27,20.5804
2018-03-26,19.6515
2018-03-23,18.8177
2018-03-22,18.1053
2018-03-21,17.6658
2018-03-20,17.7589
2018-03-19,17.7863
2018-03-16,17.9163
2018-03-15,18.8027
2018-03-14,19.7633
2018-03-13,20.6424
2018-03-12,21.5679
2018-03-09,22.0523
2018-03-08,22.8554
2018-03-07,23.8464
2018-03-06,24.5594
2018-03-05,25.0699
2018-03-02,25.5055
2018-03-01,25.6315
2018-02-28,26.0306
2018-02-27,27.0955
2018-02-26,28.5041
2018-02-23,29.7448
2018-02-22,31.2461
2018-02-21,32.7492
2018-02-20,34.3788
2018-02-16,35.6637
2018-02-15,36.8334
2018-02-14,37.7279
2018-02-13,38.1927
2018-02-12,38.2877
2018-02-09,38.3877
2018-02-08,38.1074
2018-02-07,37.8989
2018-02-06,38.3479
2018-02-05,38.8205
2018-02-02,39.7586
2018-02-01,41.7194
2018-01-31,41.4481
2018-01-30,41.0099
2018-01-29,40.4163
2018-01-26,39.2512
2018-01-25,38.1732
2018-01-24,36.8131
2018-01-23,35.3814
2018-01-22,33.9829
2018-01-19,32.6712
2018-01-18,31.6756
2018-01-17,30.6885
2018-01-16,29.6733
2018-01-12,28.43
2018-01-11,27.4456
2018-01-10,26.7791
2018-01-09,26.1284
2018-01-08,25.2071
2018-01-05,24.1372
2018-01-04,23.1274
2018-01-03,22.274
2018-01-02,21.5655
2017-12-29,21.3808
2017-12-28,21.831
2017-12-27,22.2697
2017-12-26,22.4737
2017-12-22,22.6751
2017-12-21,22.4151
2017-12-20,22.0678
2017-12-19,21.7022
2017-12-18,21.131
2017-12-15,20.5297
2017-12-14,20.1882
2017-12-13,20.0595
2017-12-12,20.2832
2017-12-11,20.5188
2017-12-08,20.9735
2017-12-07,21.3815
2017-12-06,22.0473
2017-12-05,23.0614
2017-12-04,24.2292
2017-12-01,25.2122
2017-11-30,25.9604
2017-11-29,26.212
2017-11-28,26.4768
2017-11-27,25.5724
2017-11-24,24.7741
2017-11-22,24.2489
2017-11-21,23.8181
2017-11-20,23.5002
2017-11-17,23.5038
2017-11-16,23.4563
2017-11-15,23.2008
2017-11-14,23.2812
2017-11-13,23.3658
2017-11-10,22.9846
2017-11-09,22.6383
2017-11-08,22.2738
2017-11-07,21.3605
2017-11-06,20.606
2017-11-03,19.8304
2017-11-02,19.0564
2017-11-01,18.3536
2017-10-31,17.3828
2017-10-30,16.5011
2017-10-27,15.5969
2017-10-26,14.4629
2017-10-25,14.7611
2017-10-24,15.5227
2017-10-23,16.1016
2017-10-20,16.941
2017-10-19,16.9073
2017-10-18,16.9221
2017-10-17,16.5007
2017-10-16,16.1163
2017-10-13,15.797
2017-10-12,15.1669
2017-10-11,14.6021
2017-10-10,14.1299
2017-10-09,13.9613
2017-10-06,13.2476
2017-10-05,12.6938
2017-10-04,12.3739
2017-10-03,12.4976
2017-10-02,12.7075
2017-09-29,12.9286
2017-09-28,12.976
2017-09-27,13.392
2017-09-26,13.8593
2017-09-25,13.8755
2017-09-22,13.6664
2017-09-21,14.1241
2017-09-20,14.6058
2017-09-19,14.9755
2017-09-18,14.7233
2017-09-15,14.3966
2017-09-14,14.2719
2017-09-13,14.4245
2017-09-12,14.8579
2017-09-11,15.0723
2017-09-08,15.4442
2017-09-07,15.7389
2017-09-06,16.0395
2017-09-05,16.0729
2017-09-01,16.211
2017-08-31,16.9222
2017-08-30,17.6212
2017-08-29,17.8347
2017-08-28,17.6676
2017-08-25,17.7346
2017-08-24,17.9534
2017-08-23,18.2072
2017-08-22,18.6376
2017-08-21,18.9354
2017-08-18,18.5825
2017-08-17,18.3642
2017-08-16,18.2693
2017-08-15,18.6017
2017-08-14,18.6163
2017-08-11,18.53
2017-08-10,18.0446
2017-08-09,17.55
2017-08-08,17.4041
2017-08-07,17.5454
2017-08-04,17.5231
2017-08-03,17.4317
2017-08-02,17.3354
2017-08-01,17.1946
2017-07-31,17.426
2017-07-28,17.6695
2017-07-27,18.0362
2017-07-26,18.4221
2017-07-25,19.1892
2017-07-24,19.8631
2017-07-21,19.4084
2017-07-20,19.2688
2017-07-19,19.0994
2017-07-18,19.0158
2017-07-17,19.0748
2017-07-14,19.3779
2017-07-13,19.8922
2017-07-12,20.4335
2017-07-11,21.3085
2017-07-10,22.0739
2017-07-07,22.8085
2017-07-06,23.2332
2017-07-05,23.3046
2017-07-03,23.3798
2017-06-30,23.3711
2017-06-29,23.7635
2017-06-28,24.1765
2017-06-27,24.8019
2017-06-26,25.7982
2017-06-23,26.6056
2017-06-22,27.7154
2017-06-21,29.1099
2017-06-20,30.6084
2017-06-19,32.1857
2017-06-16,33.8629
2017-06-15,34.9154
2017-06-14,36.0232
2017-06-13,37.8108
2017-06-12,39.7816
2017-06-09,41.4879
2017-06-08,43.4517
2017-06-07,43.0702
2017-06-06,42.7123
2017-06-05,42.3357
2017-06-02,41.9682
2017-06-01,41.8595
2017-05-31,41.8372
2017-05-30,41.7876
2017-05-26,41.0641
2017-05-25,40.3281
2017-05-24,39.5656
2017-05-23,39.1565
2017-05-22,38.8178
2017-05-19,38.7261
2017-05-18,38.7863
2017-05-17,39.0177
2017-05-16,39.2613
2017-05-15,38.0265
2017-05-12,36.7907
2017-05-11,35.5868
2017-05-10,34.3196
2017-05-09,33.0109
2017-05-08,31.2829
2017-05-05,29.4831
2017-05-04,27.6282
2017-05-03,25.6757
2017-05-02,23.7579
2017-05-01,21.8593
2017-04-28,19.988
2017-04-27,17.855
2017-04-26,16.6282
2017-04-25,15.35
2017-04-24,14.0288
2017-04-21,13.0772
2017-04-20,12.9126
2017-04-19,12.7392
2017-04-18,12.7646
2017-04-17,12.9526
2017-04-13,13.2512
2017-04-12,13.5613
2017-04-11,13.8872
2017-04-10,14.2301
2017-04-07,14.96
2017-04-06,15.6753
2017-04-05,16.1535
2017-04-04,16.4216
2017-04-03,17.1439
2017-03-31,17.9027
2017-03-30,18.3841
2017-03-29,18.9794
2017-03-28,19.579
2017-03-27,19.7979
2017-03-24,19.7424
2017-03-23,19.9189
2017-03-22,20.3051
2017-03-21,21.1904
2017-03-20,22.0754
2017-03-17,21.6087
2017-03-16,20.7337
2017-03-15,19.894
2017-03-14,19.1466
2017-03-13,18.4731
2017-03-10,17.699
2017-03-09,17.0213
2017-03-08,16.4799
2017-03-07,16.1029
2017-03-06,15.8983
2017-03-03,15.9298
2017-03-02,15.678
2017-03-01,15.0738
2017-02-28,14.4123
2017-02-27,14.1889
2017-02-24,13.8251
2017-02-23,13.5655
2017-02-22,13.2921
2017-02-21,12.6837
2017-02-17,12.1175
2017-02-16,11.7738
2017-02-15,11.6282
2017-02-14,11.522
2017-02-13,11.4102
2017-02-10,11.2668
2017-02-09,11.3289
2017-02-08,11.6461
2017-02-07,11.9799
2017-02-06,12.4415
2017-02-03,12.7864
2017-02-02,13.3959
2017-02-01,13.9582
2017-01-31,14.5226
2017-01-30,15.1677
2017-01-27,15.7395
2017-01-26,15.1796
2017-01-25,13.9879
2017-01-24,12.8071
2017-01-23,11.818
2017-01-20,11.0035
2017-01-19,10.8922
2017-01-18,10.775
2017-01-17,10.8146
2017-01-13,10.8563
2017-01-12,10.5059
2017-01-11,10.3355
2017-01-10,10.1784
2017-01-09,9.9148
2017-01-06,9.6373
2017-01-05,9.4043
2017-01-04,9.8377
2017-01-03,10.309
2016-12-30,10.8035
2016-12-29,10.9223
2016-12-28,11.4384
2016-12-27,11.8884
2016-12-23,12.1941
2016-12-22,12.7441
2016-12-21,13.2797
2016-12-20,13.8434
2016-12-19,14.1719
2016-12-16,14.5281
2016-12-15,14.7448
2016-12-14,14.8024
2016-12-13,14.8292
2016-12-12,14.8575
2016-12-09,15.3033
2016-12-08,15.8198
2016-12-07,16.5609
2016-12-06,17.0802
2016-12-05,17.3657
2016-12-02,17.4549
2016-12-01,17.1501
2016-11-30,16.8294
2016-11-29,17.0587
2016-11-28,17.7126
2016-11-25,18.4009
2016-11-23,18.4337
2016-11-22,18.4682
2016-11-21,18.8537
2016-11-18,18.9523
2016-11-17,19.056
2016-11-16,19.2982
2016-11-15,19.3366
2016-11-14,19.2455
2016-11-11,18.8009
2016-11-10,18.9265
2016-11-09,19.1401
2016-11-08,20.105
2016-11-07,20.8076
2016-11-04,21.8222
2016-11-03,22.1175
2016-11-02,22.727
2016-11-01,23.6359
2016-10-31,24.5378
2016-10-28,24.9446
2016-10-27,24.8019
2016-10-26,25.1794
2016-10-25,25.4605
2016-10-24,25.1185
2016-10-21,24.4679
2016-10-20,24.3413
2016-10-19,24.0267
2016-10-18,23.479
2016-10-17,22.942
2016-10-14,23.0724
2016-10-13,23.3933
2016-10-12,23.9287
2016-10-11,23.6727
2016-10-10,23.4032
2016-10-07,23.2393
2016-10-06,23.6972
2016-10-05,23.8622
2016-10-04,24.0188
2016-10-03,24.2938
2016-09-30,24.7484
2016-09-29,24.8012
2016-09-28,24.8568
2016-09-27,25.0993
2016-09-26,25.3546
2016-09-23,25.7917
2016-09-22,25.2722
2016-09-21,24.7255
2016-09-20,24.7647
2016-09-19,24.979
2016-09-16,25.2046
2016-09-15,25.715
2016-09-14,26.2522
2016-09-13,27.2407
2016-09-12,28.3139
2016-09-09,29.4435
2016-09-08,30.33
2016-09-07,30.2532
2016-09-06,29.9293
2016-09-02,29.5883
2016-09-01,29.8713
2016-08-31,30.4041
2016-08-30,31.0404
2016-08-29,31.5231
2016-08-26,31.9618
2016-08-25,32.4237
2016-08-24,33.1392
2016-08-23,33.6273
2016-08-22,33.7276
2016-08-19,33.905
2016-08-18,33.8907
2016-08-17,33.4894
2016-08-16,33.1488
2016-08-15,32.8372
2016-08-12,31.9388
2016-08-11,31.1141
2016-08-10,30.0493
2016-08-09,29.0093
2016-08-08,27.9145
2016-08-05,26.914
2016-08-04,25.871
2016-08-03,24.9642
2016-08-02,24.0281
2016-08-01,22.9413
2016-07-29,21.7973
2016-07-28,20.2758
2016-07-27,19.6786
2016-07-26,19.2296
2016-07-25,18.9745
2016-07-22,18.6139
2016-07-21,18.2493
2016-07-20,17.9154
2016-07-19,17.4056
2016-07-18,17.0142
2016-07-15,16.6543
2016-07-14,16.8304
2016-07-13,17.2318
2016-07-12,17.682
2016-07-11,18.1558
2016-07-08,18.9401
2016-07-07,19.5844
2016-07-06,19.8497
2016-07-05,20.1289
2016-07-01,20.1592
2016-06-30,20.3636
2016-06-29,20.0916
2016-06-28,19.5525
2016-06-27,18.566
2016-06-24,16.8877
2016-06-23,15.4389
2016-06-22,14.4103
2016-06-21,13.5426
2016-06-20,12.6292
2016-06-17,11.6955
2016-06-16,10.7126
2016-06-15,10.2361
2016-06-14,10.5281
2016-06-13,10.7628
2016-06-10,11.1954
2016-06-09,11.689
2016-06-08,12.0607
2016-06-07,12.4582
2016-06-06,12.9712
2016-06-03,13.5112
2016-06-02,14.0727
2016-06-01,14.4974
2016-05-31,14.5286
2016-05-27,14.4895
2016-05-26,14.6912
2016-05-25,15.2211
2016-05-24,15.8368
2016-05-23,16.58
2016-05-20,16.787
2016-05-19,17.005
2016-05-18,16.8205
2016-05-17,16.8162
2016-05-16,16.9343
2016-05-13,16.8828
2016-05-12,16.9653
2016-05-11,17.0813
2016-05-10,17.3409
2016-05-09,17.7558
2016-05-06,17.9223
2016-05-05,17.6798
2016-05-04,16.9621
2016-05-03,16.0642
2016-05-02,15.2106
2016-04-29,14.3121
2016-04-28,13.1957
2016-04-27,12.0205
2016-04-26,10.9227
2016-04-25,10.0515
2016-04-22,9.5612
2016-04-21,9.0451
2016-04-20,8.8807
2016-04-19,8.7936
2016-04-18,8.7018
2016-04-15,8.2281
2016-04-14,8.0253
2016-04-13,7.8644
2016-04-12,7.8477
2016-04-11,8.2314
2016-04-08,8.4288
2016-04-07,8.6404
2016-04-06,8.7867
2016-04-05,8.9765
2016-04-04,9.3871
2016-04-01,9.5701
2016-03-31,9.8496
2016-03-30,10.025
2016-03-29,9.833
2016-03-28,9.9692
2016-03-24,10.4352
2016-03-23,10.9533
2016-03-22,11.2932
2016-03-21,11.5827
2016-03-18,11.9406
2016-03-17,12.3547
2016-03-16,12.6058
2016-03-15,13.0553
2016-03-14,13.7071
2016-03-11,14.3686
2016-03-10,14.9102
2016-03-09,15.2235
2016-03-08,15.2205
2016-03-07,15.0848
2016-03-04,14.9678
2016-03-03,15.3375
2016-03-02,15.8309
2016-03-01,16.4432
2016-02-29,17.0664
2016-02-26,17.4007
2016-02-25,17.8687
2016-02-24,18.181
2016-02-23,18.2807
2016-02-22,18.6709
2016-02-19,19.252
2016-02-18,19.5783
2016-02-17,19.9715
2016-02-16,20.3287
2016-02-12,20.4281
2016-02-11,20.354
2016-02-10,20.181
2016-02-09,20.2293
2016-02-08,20.2252
2016-02-05,19.8137
2016-02-04,19.6541
2016-02-03,19.8635
2016-02-02,20.3358
2016-02-01,20.9846
2016-01-29,21.6638
2016-01-28,21.9941
2016-01-27,21.8726
2016-01-26,21.1728
2016-01-25,20.7069
2016-01-22,20.3337
2016-01-21,20.1147
2016-01-20,19.4722
2016-01-19,18.3611
2016-01-15,17.6265
2016-01-14,16.8032
2016-01-13,16.0083
2016-01-12,15.4224
2016-01-11,15.2844
2016-01-08,14.5987
2016-01-07,14.1106
2016-01-06,13.7637
2016-01-05,13.7572
2016-01-04,13.9843
2015-12-31,13.9527
2015-12-30,14.4008
2015-12-29,14.4299
2015-12-28,14.4605
2015-12-24,15.0859
2015-12-23,15.4039
2015-12-22,15.7387
2015-12-21,16.2293
2015-12-18,16.5675
2015-12-17,17.0129
2015-12-16,17.8378
2015-12-15,18.7096
2015-12-14,19.4918
2015-12-11,19.857
2015-12-10,20.7139
2015-12-09,21.7253
2015-12-08,22.7899
2015-12-07,23.4547
2015-12-04,23.9604
2015-12-03,24.4927
2015-12-02,25.0531
2015-12-01,25.0102
2015-11-30,25.2042
2015-11-27,25.7303
2015-11-25,26.008
2015-11-24,26.3313
2015-11-23,26.6716
2015-11-20,26.3052
2015-11-19,26.0106
2015-11-18,26.1484
2015-11-17,26.3578
2015-11-16,26.766
2015-11-13,27.2962
2015-11-12,27.629
2015-11-11,27.1839
2015-11-10,26.5076
2015-11-09,25.9973
2015-11-06,25.4241
2015-11-05,24.5171
2015-11-04,23.4363
2015-11-03,22.4258
2015-11-02,21.5317
2015-10-30,20.6651
2015-10-29,19.512
2015-10-28,18.2982
2015-10-27,17.1981
2015-10-26,16.0671
2015-10-23,14.8952
2015-10-22,13.6617
2015-10-21,13.9783
2015-10-20,14.4266
2015-10-19,14.7778
2015-10-16,14.313
2015-10-15,13.9494
2015-10-14,13.6308
2015-10-13,13.4229
2015-10-12,13.2524
2015-10-09,13.4045
2015-10-08,13.6938
2015-10-07,14.0706
2015-10-06,14.3333
2015-10-05,14.425
2015-10-02,14.6908
2015-10-01,15.4393
2015-09-30,15.7516
2015-09-29,15.9025
2015-09-28,15.8779
2015-09-25,15.8521
2015-09-24,16.4901
2015-09-23,17.2467
2015-09-22,17.969
2015-09-21,18.7772
2015-09-18,19.1618
2015-09-17,19.4904
2015-09-16,19.6511
2015-09-15,20.218
2015-09-14,20.8147
2015-09-11,21.8363
2015-09-10,22.9308
2015-09-09,24.0953
2015-09-08,25.321
2015-09-04,26.3388
2015-09-03,27.0817
2015-09-02,28.0501
2015-09-01,28.8774
2015-08-31,29.7294
2015-08-28,31.1627
2015-08-27,32.7285
2015-08-26,34.3768
2015-08-25,35.9513
2015-08-24,37.1551
2015-08-21,38.3408
2015-08-20,39.6801
2015-08-19,39.6321
2015-08-18,38.9078
2015-08-17,38.23
2015-08-14,37.5357
2015-08-13,36.8505
2015-08-12,36.1292
2015-08-11,35.37
2015-08-10,34.3802
2015-08-07,33.9195
2015-08-06,33.4955
2015-08-05,32.9527
2015-08-04,32.1311
2015-08-03,31.4924
2015-07-31,30.8463
2015-07-30,30.1981
2015-07-29,29.5158
2015-07-28,28.8821
2015-07-27,28.1908
2015-07-24,27.4632
2015-07-23,26.6339
2015-07-22,25.0077
2015-07-21,22.3407
2015-07-20,19.5898
2015-07-17,16.7531
2015-07-16,13.7671
2015-07-15,12.0365
2015-07-14,10.7272
2015-07-13,9.3491
2015-07-10,8.6059
2015-07-09,8.6069
2015-07-08,8.7166
2015-07-07,8.7809
2015-07-06,8.8485
2015-07-02,8.7252
2015-07-01,8.6904
2015-06-30,8.4838
2015-06-29,8.2664
2015-06-26,8.077
2015-06-25,8.4012
2015-06-24,8.3279
2015-06-23,8.2821
2015-06-22,8.2093
2015-06-19,8.0086
2015-06-18,8.2514
2015-06-17,8.5478
2015-06-16,8.5472
2015-06-15,8.4272
2015-06-12,8.1117
2015-06-11,8.1444
2015-06-10,8.3944
2015-06-09,8.6543
2015-06-08,8.239
2015-06-05,8.0309
2015-06-04,8.0735
2015-06-03,8.2235
2015-06-02,8.5659
2015-06-01,8.9263
2015-05-29,8.7725
2015-05-28,8.6899
2015-05-27,8.9259
2015-05-26,9.1451
2015-05-22,9.2569
2015-05-21,9.4999
2015-05-20,9.7913
2015-05-19,10.1831
2015-05-18,10.697
2015-05-15,10.9532
2015-05-14,11.2355
2015-05-13,11.4835
2015-05-12,11.4245
2015-05-11,11.3137
2015-05-08,11.6699
2015-05-07,12.1611
2015-05-06,12.2804
2015-05-05,12.3373
2015-05-04,12.8592
2015-05-01,13.4129
2015-04-30,13.9686
2015-04-29,14.6928
2015-04-28,14.8235
2015-04-27,14.8474
2015-04-24,14.7965
2015-04-23,14.3932
2015-04-22,15.0665
2015-04-21,15.3006
2015-04-20,15.3208
2015-04-17,15.2022
2015-04-16,14.6346
2015-04-15,14.4849
2015-04-14,14.1722
2015-04-13,14.0147
2015-04-10,14.4547
2015-04-09,14.6695
2015-04-08,14.8609
2015-04-07,15.2984
2015-04-06,15.6686
2015-04-02,15.7409
2015-04-01,16.0759
2015-03-31,16.7565
2015-03-30,17.2317
2015-03-27,17.5794
2015-03-26,17.9357
2015-03-25,18.217
2015-03-24,17.8829
2015-03-23,17.4471
2015-03-20,17.6049
2015-03-19,17.9163
2015-03-18,18.252
2015-03-17,18.6296
2015-03-16,19.3492
2015-03-13,20.1067
2015-03-12,20.904
2015-03-11,21.4386
2015-03-10,22.0013
2015-03-09,22.3366
2015-03-06,22.1048
2015-03-05,21.6561
2015-03-04,20.7468
2015-03-03,19.8399
2015-03-02,18.9095
2015-02-27,18.0811
2015-02-26,17.4247
2015-02-25,17.0697
2015-02-24,17.136
2015-02-23,17.7027
2015-02-20,18.2399
2015-02-19,18.4356
2015-02-18,18.4746
2015-02-17,18.5156
2015-02-13,18.3338
2015-02-12,17.9369
2015-02-11,17.6743
2015-02-10,17.6455
2015-02-09,17.6526
2015-02-06,17.9465
2015-02-05,18.1983
2015-02-04,18.8632
2015-02-03,19.5631
2015-02-02,20.2166
2015-01-30,20.9419
2015-01-29,21.7054
2015-01-28,21.933
2015-01-27,22.5347
2015-01-26,23.5547
2015-01-23,24.3768
2015-01-22,25.0316
2015-01-21,26.0316
2015-01-20,26.7443
2015-01-16,27.0572
2015-01-15,27.0271
2015-01-14,26.9109
2015-01-13,26.6768
2015-01-12,26.4303
2015-01-09,25.5463
2015-01-08,24.875
2015-01-07,24.0821
2015-01-06,23.5538
2015-01-05,23.0695
2015-01-02,23.0709
2014-12-31,23.5931
2014-12-30,24.2744
2014-12-29,25.1884
2014-12-26,26.3622
2014-12-24,27.5549
2014-12-23,28.6254
2014-12-22,29.7524
2014-12-19,30.3368
2014-12-18,30.002
2014-12-17,29.2374
2014-12-16,27.7194
2014-12-15,26.1215
2014-12-12,25.0421
2014-12-11,24.1717
2014-12-10,23.6515
2014-12-09,23.1039
2014-12-08,22.2265
2014-12-05,21.4827
2014-12-04,20.713
2014-12-03,20.3151
2014-12-02,19.7612
2014-12-01,19.1782
2014-11-28,18.7792
2014-11-26,18.7076
2014-11-25,18.6789
2014-11-24,18.7516
2014-11-21,18.7153
2014-11-20,18.7255
2014-11-19,18.2519
2014-11-18,17.7535
2014-11-17,17.4589
2014-11-14,17.1814
2014-11-13,17.3229
2014-11-12,17.563
2014-11-11,17.8959
2014-11-10,18.2874
2014-11-07,18.5743
2014-11-06,18.5305
2014-11-05,18.5426
2014-11-04,18.7243
2014-11-03,19.1183
2014-10-31,19.7003
2014-10-30,20.4755
2014-10-29,20.9232
2014-10-28,21.5831
2014-10-27,21.9265
2014-10-24,21.951
2014-10-23,21.9768
2014-10-22,22.0175
2014-10-21,21.6451
2014-10-20,20.3989
2014-10-17,18.6343
2014-10-16,16.7769
2014-10-15,14.9827
2014-10-14,13.1838
2014-10-13,11.7715
2014-10-10,10.2848
2014-10-09,9.0975
2014-10-08,8.4742
2014-10-07,7.8181
2014-10-06,7.4586
2014-10-03,7.7648
2014-10-02,7.7898
2014-10-01,7.4243
2014-09-30,7.2848
2014-09-29,7.5762
2014-09-26,7.7571
2014-09-25,8.1439
2014-09-24,8.5511
2014-09-23,8.5858
2014-09-22,8.8458
2014-09-19,8.9131
2014-09-18,8.6361
2014-09-17,8.8388
2014-09-16,9.1532
2014-09-15,9.3647
2014-09-12,9.0908
2014-09-11,9.2245
2014-09-10,9.566
2014-09-09,10.0059
2014-09-08,10.3493
2014-09-05,10.0934
2014-09-04,10.1685
2014-09-03,10.283
2014-09-02,10.6533
2014-08-29,10.9868
2014-08-28,10.7844
2014-08-27,10.5714
2014-08-26,10.5482
2014-08-25,11.0007
2014-08-22,11.5406
2014-08-21,12.1422
2014-08-20,12.6909
2014-08-19,13.1289
2014-08-18,13.4851
2014-08-15,14.0378
2014-08-14,14.5538
2014-08-13,14.9784
2014-08-12,15.3075
2014-08-11,14.8593
2014-08-08,14.687
2014-08-07,14.4954
2014-08-06,14.1942
2014-08-05,13.8771
2014-08-04,13.6861
2014-08-01,13.5827
2014-07-31,13.4478
2014-07-30,13.6751
2014-07-29,13.9522
2014-07-28,14.2439
2014-07-25,14.523
2014-07-24,14.6089
2014-07-23,14.3388
2014-07-22,14.1425
2014-07-21,13.9359
2014-07-18,13.9351
2014-07-17,13.9343
2014-07-16,14.5072
2014-07-15,14.5574
2014-07-14,14.7061
2014-07-11,14.7653
2014-07-10,15.1986
2014-07-09,15.8322
2014-07-08,16.1749
2014-07-07,16.5356
2014-07-03,15.873
2014-07-02,15.2408
2014-07-01,14.5666
2014-06-30,13.8781
2014-06-27,13.416
2014-06-26,12.9295
2014-06-25,12.4175
2014-06-24,11.9737
2014-06-23,11.7203
2014-06-20,11.8105
2014-06-19,12.2953
2014-06-18,12.8999
2014-06-17,13.4292
2014-06-16,13.5512
2014-06-13,13.8007
2014-06-12,14.2433
2014-06-11,14.8784
2014-06-10,15.439
2014-06-09,15.8982
2014-06-06,16.3814
2014-06-05,17.0324
2014-06-04,17.8884
2014-06-03,18.5708
2014-06-02,19.4636
2014-05-30,20.3859
2014-05-29,20.924
2014-05-28,21.3573
2014-05-27,21.7396
2014-05-23,22.2437
2014-05-22,23.1521
2014-05-21,24.3398
2014-05-20,25.2225
2014-05-19,25.9925
2014-05-16,26.4647
2014-05-15,26.5184
2014-05-14,26.6307
2014-05-13,27.0045
2014-05-12,27.563
2014-05-09,27.8925
2014-05-08,27.6295
2014-05-07,27.3577
2014-05-06,26.9136
2014-05-05,26.7487
2014-05-02,26.7305
2014-05-01,26.8833
2014-04-30,26.9204
2014-04-29,26.7832
2014-04-28,26.6388
2014-04-25,25.8972
2014-04-24,25.3866
2014-04-23,25.0684
2014-04-22,24.7335
2014-04-21,24.5874
2014-04-17,24.2433
2014-04-16,24.018
2014-04-15,24.1578
2014-04-14,23.7707
2014-04-11,23.6373
2014-04-10,23.222
2014-04-09,23.1306
2014-04-08,23.3516
2014-04-07,23.1763
2014-04-04,22.4243
2014-04-03,22.0502
2014-04-02,22.502
2014-04-01,21.9875
2014-03-31,21.1496
2014-03-28,20.1657
2014-03-27,19.2154
2014-03-26,18.1674
2014-03-25,17.6134
2014-03-24,17.3827
2014-03-21,17.1399
2014-03-20,17.9079
2014-03-19,18.5155
2014-03-18,19.155
2014-03-17,19.8427
2014-03-14,20.7302
2014-03-13,21.4423
2014-03-12,22.5438
2014-03-11,23.6662
2014-03-10,24.5379
2014-03-07,25.172
2014-03-06,25.5465
2014-03-05,25.6427
2014-03-04,25.8236
2014-03-03,26.2011
2014-02-28,26.8237
2014-02-27,26.9108
2014-02-26,26.5163
2014-02-25,26.1009
2014-02-24,25.7597
2014-02-21,25.4958
2014-02-20,25.4527
2014-02-19,25.4775
2014-02-18,25.5036
2014-02-14,25.44
2014-02-13,25.5532
2014-02-12,25.7695
2014-02-11,26.2166
2014-02-10,26.6872
2014-02-07,27.3917
2014-02-06,28.2343
2014-02-05,29.5433
2014-02-04,31.0328
2014-02-03,32.496
2014-01-31,34.0361
2014-01-30,35.1394
2014-01-29,36.7977
2014-01-28,37.4669
2014-01-27,38.4452
2014-01-24,39.4751
2014-01-23,41.2013
2014-01-22,41.3364
2014-01-21,41.1689
2014-01-17,41.0983
2014-01-16,41.117
2014-01-15,40.8846
2014-01-14,40.7132
2014-01-13,40.6336
2014-01-10,40.6546
2014-01-09,40.8869
2014-01-08,40.9337
2014-01-07,40.5026
2014-01-06,40.2231
2014-01-03,40.5084
2014-01-02,40.8712
2013-12-31,41.0367
2013-12-30,41.211
2013-12-27,41.2236
2013-12-26,40.9934
2013-12-24,40.7804
2013-12-23,40.6418
2013-12-20,40.4959
2013-12-19,40.6873
2013-12-18,41.1352
2013-12-17,41.8105
2013-12-16,41.9976
2013-12-13,42.358
2013-12-12,42.7373
2013-12-11,42.4914
2013-12-10,41.8428
2013-12-09,41.1298
2013-12-06,40.5661
2013-12-05,40.233
2013-12-04,40.1316
2013-12-03,40.0249
2013-12-02,39.9255
2013-11-29,39.723
2013-11-27,39.0086
2013-11-26,38.2243
2013-11-25,37.5127
2013-11-22,36.9175
2013-11-21,36.6507
2013-11-20,36.3699
2013-11-19,36.1852
2013-11-18,35.8501
2013-11-15,35.1702
2013-11-14,34.6633
2013-11-13,34.1276
2013-11-12,33.7003
2013-11-11,33.5844
2013-11-08,33.3129
2013-11-07,33.0028
2013-11-06,32.6765
2013-11-05,31.9769
2013-11-04,31.1453
2013-11-01,30.0584
2013-10-31,28.7744
2013-10-30,27.4228
2013-10-29,26.0506
2013-10-28,24.6131
2013-10-25,23.2686
2013-10-24,21.8533
2013-10-23,19.8186
2013-10-22,17.7348
2013-10-21,15.7758
2013-10-18,13.564
2013-10-17,11.2729
2013-10-16,11.4215
2013-10-15,11.5778
2013-10-14,12.0388
2013-10-11,12.0124
2013-10-10,11.8232
2013-10-09,11.3477
2013-10-08,10.4601
2013-10-07,9.8584
2013-10-04,9.7891
2013-10-03,10.0225
2013-10-02,10.3813
2013-10-01,10.7784
2013-09-30,11.0683
2013-09-27,11.5595
2013-09-26,11.8873
2013-09-25,12.4255
2013-09-24,13.0232
2013-09-23,13.4599
2013-09-20,13.7109
2013-09-19,13.3495
2013-09-18,12.9692
2013-09-17,12.6503
2013-09-16,13.0251
2013-09-13,13.1921
2013-09-12,13.4317
2013-09-11,13.3827
2013-09-10,13.3721
2013-09-09,13.5808
2013-09-06,13.9018
2013-09-05,14.5151
2013-09-04,15.2102
2013-09-03,15.6224
2013-08-30,15.6619
2013-08-29,15.2209
2013-08-28,14.8727
2013-08-27,14.2026
2013-08-26,13.5017
2013-08-23,13.4702
2013-08-22,13.605
2013-08-21,13.5601
2013-08-20,13.5128
2013-08-19,13.1945
2013-08-16,12.8533
2013-08-15,11.9447
2013-08-14,11.0355
2013-08-13,10.3865
2013-08-12,10.0424
2013-08-09,9.9014
2013-08-08,10.118
2013-08-07,10.346
2013-08-06,10.753
2013-08-05,11.1523
2013-08-02,11.7182
2013-08-01,12.2841
2013-07-31,12.8766
2013-07-30,13.1444
2013-07-29,13.3857
2013-07-26,13.6053
2013-07-25,13.6284
2013-07-24,13.7894
2013-07-23,14.4927
2013-07-22,15.2329
2013-07-19,15.9999
2013-07-18,16.4402
2013-07-17,16.5911
2013-07-16,16.0584
2013-07-15,15.4977
2013-07-12,14.7743
2013-07-11,14.1622
2013-07-10,13.5836
2013-07-09,13.2769
2013-07-08,12.9541
2013-07-05,12.8273
2013-07-03,13.0684
2013-07-02,13.5544
2013-07-01,14.066
2013-06-28,14.294
2013-06-27,14.8999
2013-06-26,15.4409
2013-06-25,16.2534
2013-06-24,17.1087
2013-06-21,17.8906
2013-06-20,18.6084
2013-06-19,18.9769
2013-06-18,18.7632
2013-06-17,18.8312
2013-06-14,19.2847
2013-06-13,19.9291
2013-06-12,20.789
2013-06-11,21.5311
2013-06-10,21.9055
2013-06-07,22.2756
2013-06-06,23.0188
2013-06-05,24.1628
2013-06-04,25.1064
2013-06-03,26.0996
2013-05-31,27.108
2013-05-30,27.6606
2013-05-29,28.2424
2013-05-28,28.881
2013-05-24,28.8705
2013-05-23,29.2186
2013-05-22,29.4502
2013-05-21,29.0782
2013-05-20,28.111
2013-05-17,26.6636
2013-05-16,25.2644
2013-05-15,23.7051
2013-05-14,22.1236
2013-05-13,21.0087
2013-05-10,19.9863
2013-05-09,18.9576
2013-05-08,17.8958
2013-05-07,16.9159
2013-05-06,16.1388
2013-05-03,15.3741
2013-05-02,14.9966
2013-05-01,15.0053
2013-04-30,15.3827
2013-04-29,15.7199
2013-04-26,16.2622
2013-04-25,16.7715
2013-04-24,17.5204
2013-04-23,18.2918
2013-04-22,19.2083
2013-04-19,19.7522
2013-04-18,20.3006
2013-04-17,19.9697
2013-04-16,20.2668
2013-04-15,20.8412
2013-04-12,21.4458
2013-04-11,22.3501
2013-04-10,23.3539
2013-04-09,24.375
2013-04-08,25.0302
2013-04-05,25.5024
2013-04-04,26.3156
2013-04-03,27.5434
2013-04-02,28.3219
2013-04-01,28.945
2013-03-28,30.1929
2013-03-27,31.5036
2013-03-26,32.417
2013-03-25,32.9656
2013-03-22,33.543
2013-03-21,34.3143
2013-03-20,35.1138
2013-03-19,35.864
2013-03-18,36.6537
2013-03-15,37.7211
2013-03-14,38.1753
2013-03-13,38.404
2013-03-12,38.3329
2013-03-11,38.1715
2013-03-08,37.4901
2013-03-07,36.8797
2013-03-06,35.9324
2013-03-05,34.9353
2013-03-04,33.9586
2013-03-01,33.2999
2013-02-28,33.0276
2013-02-27,32.4045
2013-02-26,31.8082
2013-02-25,31.4266
2013-02-22,30.602
2013-02-21,29.9261
2013-02-20,29.2146
2013-02-19,28.4279
2013-02-15,27.3736
2013-02-14,26.6045
2013-02-13,25.9196
2013-02-12,25.294
2013-02-11,24.6355
2013-02-08,24.0755
2013-02-07,23.1439
2013-02-06,22.3651
2013-02-05,21.7046
2013-02-04,21.0603
2013-02-01,20.3991
2013-01-31,19.7031
2013-01-30,19.4996
2013-01-29,19.1515
2013-01-28,18.9029
2013-01-25,18.6805
2013-01-24,18.3391
2013-01-23,18.0235
2013-01-22,17.9015
2013-01-18,18.2874
2013-01-17,18.9365
2013-01-16,19.806
2013-01-15,20.5938
2013-01-14,21.423
2013-01-11,21.7989
2013-01-10,21.4018
2013-01-09,20.9838
2013-01-08,20.7673
2013-01-07,20.6101
2013-01-04,20.0941
2013-01-03,19.5509
2013-01-02,19.2776
2012-12-31,19.1549
2012-12-28,19.6529
2012-12-27,19.9661
2012-12-26,20.2959
2012-12-24,20.45
2012-12-21,20.3496
2012-12-20,20.0831
2012-12-19,19.4541
2012-12-18,18.8384
2012-12-17,18.1904
2012-12-14,17.5082
2012-12-13,17.7286
2012-12-12,17.9061
2012-12-11,18.596
2012-12-10,19.3882
2012-12-07,20.1487
2012-12-06,20.9492
2012-12-05,21.8741
2012-12-04,22.8021
2012-12-03,23.9034
2012-11-30,24.9393
2012-11-29,26.2264
2012-11-28,27.3768
2012-11-27,28.2241
2012-11-26,28.6799
2012-11-23,28.7784
2012-11-21,29.0889
2012-11-20,29.4063
2012-11-19,29.8596
2012-11-16,29.9249
2012-11-15,29.1759
2012-11-14,28.5651
2012-11-13,28.0793
2012-11-12,27.7624
2012-11-09,27.4969
2012-11-08,27.1446
2012-11-07,26.7957
2012-11-06,26.8116
2012-11-05,27.1451
2012-11-02,27.4961
2012-11-01,28.2242
2012-10-31,28.7925
2012-10-26,28.9472
2012-10-25,29.1101
2012-10-24,29.3415
2012-10-23,29.6295
2012-10-22,29.9327
2012-10-19,30.1489
2012-10-18,30.427
2012-10-17,30.8062
2012-10-16,31.6272
2012-10-15,32.8231
2012-10-12,34.1992
2012-10-11,35.0344
2012-10-10,35.5999
2012-10-09,36.5643
2012-10-08,37.3622
2012-10-05,37.5571
2012-10-04,37.0702
2012-10-03,36.6702
2012-10-02,36.4051
2012-10-01,36.1259
2012-09-28,35.4556
2012-09-27,34.8798
2012-09-26,34.2427
2012-09-25,33.6066
2012-09-24,32.5392
2012-09-21,31.7138
2012-09-20,31.2127
2012-09-19,30.7807
2012-09-18,30.4025
2012-09-17,30.2881
2012-09-14,30.3473
2012-09-13,30.294
2012-09-12,30.3579
2012-09-11,30.8921
2012-09-10,30.8641
2012-09-07,30.3557
2012-09-06,29.8362
2012-09-05,29.6585
2012-09-04,29.9543
2012-08-31,30.325
2012-08-30,30.2917
2012-08-29,30.2982
2012-08-28,30.305
2012-08-27,30.7147
2012-08-24,31.3671
2012-08-23,31.0736
2012-08-22,30.7647
2012-08-21,30.4396
2012-08-20,30.1776
2012-08-17,29.1726
2012-08-16,28.1554
2012-08-15,27.1494
2012-08-14,26.0999
2012-08-13,25.0278
2012-08-10,24.2163
2012-08-09,23.9184
2012-08-08,23.2395
2012-08-07,22.5405
2012-08-06,21.8538
2012-08-03,20.9567
2012-08-02,20.1736
2012-08-01,19.5193
2012-07-31,18.3298
2012-07-30,17.1581
2012-07-27,15.8449
2012-07-26,14.66
2012-07-25,13.9712
2012-07-24,13.3697
2012-07-23,12.7365
2012-07-20,12.07
2012-07-19,11.5457
2012-07-18,11.525
2012-07-17,12.093
2012-07-16,12.5386
2012-07-13,13.1675
2012-07-12,13.8275
2012-07-11,14.1798
2012-07-10,14.6722
2012-07-09,15.0518
2012-07-06,15.623
2012-07-05,16.148
2012-07-03,16.4193
2012-07-02,17.2132
2012-06-29,17.9285
2012-06-28,18.5397
2012-06-27,18.4231
2012-06-26,18.6718
2012-06-25,18.4766
2012-06-22,18.2711
2012-06-21,18.4053
2012-06-20,18.5466
2012-06-19,19.1309
2012-06-18,19.7459
2012-06-15,19.8255
2012-06-14,19.2803
2012-06-13,18.7065
2012-06-12,18.1788
2012-06-11,17.6232
2012-06-08,17.3222
2012-06-07,17.3086
2012-06-06,17.4017
2012-06-05,17.165
2012-06-04,16.6907
2012-06-01,16.3146
2012-05-31,15.4528
2012-05-30,14.9057
2012-05-29,14.4969
2012-05-25,14.2497
2012-05-24,13.9894
2012-05-23,14.1345
2012-05-22,14.1647
2012-05-21,14.1964
2012-05-18,14.383
2012-05-17,14.5795
2012-05-16,14.8298
2012-05-15,15.4439
2012-05-14,15.6162
2012-05-11,15.3888
2012-05-10,15.336
2012-05-09,15.5356
2012-05-08,15.7458
2012-05-07,15.967
2012-05-04,15.8407
2012-05-03,15.5506
2012-05-02,15.7492
2012-05-01,15.5558
2012-04-30,15.3522
2012-04-27,15.1543
2012-04-26,15.3544
2012-04-25,15.5651
2012-04-24,15.4284
2012-04-23,15.0171
2012-04-20,14.0898
2012-04-19,13.2996
2012-04-18,12.5755
2012-04-17,11.9442
2012-04-16,11.4265
2012-04-13,10.8816
2012-04-12,11.1751
2012-04-11,11.1428
2012-04-10,11.3595
2012-04-09,11.4859
2012-04-05,11.6598
2012-04-04,12.023
2012-04-03,12.546
2012-04-02,12.8711
2012-03-30,13.2375
2012-03-29,13.2422
2012-03-28,13.0325
2012-03-27,12.3449
2012-03-26,11.8429
2012-03-23,11.4979
2012-03-22,11.0439
2012-03-21,10.566
2012-03-20,9.9692
2012-03-19,9.8266
2012-03-16,9.6766
2012-03-15,10.0691
2012-03-14,10.5887
2012-03-13,11.0984
2012-03-12,11.379
2012-03-09,11.0507
2012-03-08,10.7368
2012-03-07,10.6833
2012-03-06,10.6095
2012-03-05,10.4022
2012-03-02,10.8974
2012-03-01,10.9054
2012-02-29,10.9138
2012-02-28,10.9273
2012-02-27,11.21
2012-02-24,11.7241
2012-02-23,12.2289
2012-02-22,12.5728
2012-02-21,13.2338
2012-02-17,13.9295
2012-02-16,14.1565
2012-02-15,14.3953
2012-02-14,14.8493
2012-02-13,15.4202
2012-02-10,16.2175
2012-02-09,16.8328
2012-02-08,17.6901
2012-02-07,18.4571
2012-02-06,19.1811
2012-02-03,19.9431
2012-02-02,20.151
2012-02-01,19.8434
2012-01-31,19.473
2012-01-30,19.0086
2012-01-27,18.3236
2012-01-26,17.6024
2012-01-25,16.5666
2012-01-24,15.5159
2012-01-23,14.6705
2012-01-20,13.9032
2012-01-19,13.0954
2012-01-18,13.7572
2012-01-17,14.1972
2012-01-13,14.808
2012-01-12,15.2272
2012-01-11,15.8864
2012-01-10,16.4293
2012-01-09,17.0008
2012-01-06,17.762
2012-01-05,17.5342
2012-01-04,16.9267
2012-01-03,16.0257
2011-12-30,15.139
2011-12-29,14.941
2011-12-28,14.8862
2011-12-27,14.6632
2011-12-23,14.4477
2011-12-22,14.6085
2011-12-21,14.9016
2011-12-20,15.2102
2011-12-19,15.0802
2011-12-16,15.0675
2011-12-15,14.9806
2011-12-14,15.0797
2011-12-13,15.184
2011-12-12,14.8012
2011-12-09,14.7472
2011-12-08,14.6904
2011-12-07,14.6866
2011-12-06,14.5592
2011-12-05,14.3323
2011-12-02,14.0018
2011-12-01,13.878
2011-11-30,13.9872
2011-11-29,14.6557
2011-11-28,15.1462
2011-11-25,15.6025
2011-11-23,15.4788
2011-11-22,15.6329
2011-11-21,15.9698
2011-11-18,16.3245
2011-11-17,16.862
2011-11-16,17.2995
2011-11-15,17.1277
2011-11-14,16.9539
2011-11-11,16.771
2011-11-10,16.7582
2011-11-09,16.9354
2011-11-08,16.8215
2011-11-07,16.4857
2011-11-04,16.2877
2011-11-03,16.3426
2011-11-02,16.4672
2011-11-01,16.8907
2011-10-31,17.4137
2011-10-28,17.3898
2011-10-27,17.2588
2011-10-26,17.121
2011-10-25,17.3162
2011-10-24,17.1327
2011-10-21,16.7926
2011-10-20,16.6172
2011-10-19,16.5321
2011-10-18,16.4424
2011-10-17,16.348
2011-10-14,16.2652
2011-10-13,15.8657
2011-10-12,16.4647
2011-10-11,17.2105
2011-10-10,17.9735
2011-10-07,18.4686
2011-10-06,18.3659
2011-10-05,18.0469
2011-10-04,17.4056
2011-10-03,16.5475
2011-09-30,15.9634
2011-09-29,15.8528
2011-09-28,15.8818
2011-09-27,16.1611
2011-09-26,16.7206
2011-09-23,16.7561
2011-09-22,16.5149
2011-09-21,16.261
2011-09-20,16.7661
2011-09-19,17.435
2011-09-16,17.7894
2011-09-15,18.4339
2011-09-14,19.0383
2011-09-13,19.3491
2011-09-12,19.5485
2011-09-09,19.6811
2011-09-08,19.9261
2011-09-07,20.5028
2011-09-06,20.9929
2011-09-02,20.9945
2011-09-01,21.2844
2011-08-31,21.9115
2011-08-30,22.726
2011-08-29,23.4615
2011-08-26,24.1065
2011-08-25,24.4478
2011-08-24,24.9477
2011-08-23,25.1992
2011-08-22,25.1242
2011-08-19,24.4215
2011-08-18,23.6817
2011-08-17,23.0968
2011-08-16,23.228
2011-08-15,23.3661
2011-08-12,23.987
2011-08-11,25.1491
2011-08-10,26.2936
2011-08-09,27.327
2011-08-08,28.4147
2011-08-05,29.3475
2011-08-04,30.8563
2011-08-03,31.816
2011-08-02,32.548
2011-08-01,32.9397
2011-07-29,32.9646
2011-07-28,32.7519
2011-07-27,32.5281
2011-07-26,32.2049
2011-07-25,31.2111
2011-07-22,30.2023
2011-07-21,29.246
2011-07-20,28.4577
2011-07-19,27.7339
2011-07-18,26.9632
2011-07-15,26.2025
2011-07-14,25.4357
2011-07-13,26.2162
2011-07-12,26.5245
2011-07-11,27.0207
2011-07-08,27.6742
2011-07-07,28.2721
2011-07-06,28.4479
2011-07-05,29.0695
2011-07-01,29.8447
2011-06-30,31.2738
2011-06-29,32.2837
2011-06-28,32.9444
2011-06-27,33.372
2011-06-24,33.2662
2011-06-23,32.5456
2011-06-22,31.8082
2011-06-21,31.4603
2011-06-20,31.0941
2011-06-17,30.0623
2011-06-16,29.1444
2011-06-15,28.5957
2011-06-14,28.1772
2011-06-13,28.0151
2011-06-10,27.4949
2011-06-09,27.2636
2011-06-08,27.3402
2011-06-07,27.4281
2011-06-06,27.6872
2011-06-03,27.9733
2011-06-02,28.388
2011-06-01,28.8735
2011-05-31,29.5245
2011-05-27,29.9151
2011-05-26,29.7682
2011-05-25,29.6136
2011-05-24,29.539
2011-05-23,29.4951
2011-05-20,29.1635
2011-05-19,29.1776
2011-05-18,29.4705
2011-05-17,29.3153
2011-05-16,29.152
2011-05-13,28.6828
2011-05-12,28.6749
2011-05-11,28.7462
2011-05-10,28.9404
2011-05-09,29.3133
2011-05-06,29.2774
2011-05-05,29.4076
2011-05-04,29.3971
2011-05-03,29.4449
2011-05-02,29.4953
2011-04-29,29.8348
2011-04-28,30.0887
2011-04-27,30.0443
2011-04-26,29.9241
2011-04-25,29.7557
2011-04-21,28.8954
2011-04-20,27.9994
2011-04-19,26.9602
2011-04-18,25.8663
2011-04-15,24.5167
2011-04-14,23.3278
2011-04-13,23.4351
2011-04-12,23.4151
2011-04-11,23.3459
2011-04-08,23.4845
2011-04-07,23.8585
2011-04-06,23.9729
2011-04-05,23.7143
2011-04-04,23.4421
2011-04-01,23.9208
2011-03-31,24.7284
2011-03-30,25.0852
2011-03-29,25.2618
2011-03-28,25.1718
2011-03-25,25.1525
2011-03-24,25.3373
2011-03-23,25.5319
2011-03-22,25.3139
2011-03-21,24.8442
2011-03-18,24.3498
2011-03-17,22.8974
2011-03-16,21.3902
2011-03-15,19.8036
2011-03-14,18.242
2011-03-11,16.9599
2011-03-10,15.7855
2011-03-09,14.7661
2011-03-08,13.9354
2011-03-07,13.2439
2011-03-04,12.516
2011-03-03,12.3434
2011-03-02,12.412
2011-03-01,12.1023
2011-02-28,11.9861
2011-02-25,12.3542
2011-02-24,12.6232
2011-02-23,12.7983
2011-02-22,13.128
2011-02-18,13.6862
2011-02-17,13.4325
2011-02-16,13.3869
2011-02-15,13.1991
2011-02-14,12.9258
2011-02-11,12.6609
2011-02-10,12.6173
2011-02-09,12.9872
2011-02-08,13.326
2011-02-07,13.5443
2011-02-04,13.8388
2011-02-03,14.526
2011-02-02,15.2493
2011-02-01,15.9345
2011-01-31,16.7057
2011-01-28,17.1819
2011-01-27,17.8897
2011-01-26,18.2747
2011-01-25,18.5538
2011-01-24,18.9329
2011-01-21,19.741
2011-01-20,19.9664
2011-01-19,19.3091
2011-01-18,18.0547
2011-01-14,16.7697
2011-01-13,16.1977
2011-01-12,15.8542
2011-01-11,15.4368
2011-01-10,15.0274
2011-01-07,14.7818
2011-01-06,14.3943
2011-01-05,13.9863
2011-01-04,13.9887
2011-01-03,14.236
2010-12-31,14.5314
2010-12-30,15.2886
2010-12-29,15.7139
2010-12-28,16.0514
2010-12-27,16.4068
2010-12-23,16.6805
2010-12-22,16.7993
2010-12-21,16.8413
2010-12-20,16.9937
2010-12-17,17.4933
2010-12-16,18.3043
2010-12-15,19.1355
2010-12-14,19.9517
2010-12-13,20.631
2010-12-10,21.2594
2010-12-09,22.3488
2010-12-08,23.4954
2010-12-07,24.6148
2010-12-06,25.8988
2010-12-03,26.7102
2010-12-02,27.2661
2010-12-01,27.6762
2010-11-30,28.011
2010-11-29,28.3634
2010-11-26,29.8397
2010-11-24,31.0493
2010-11-23,32.3199
2010-11-22,34.0162
2010-11-19,35.5761
2010-11-18,36.799
2010-11-17,38.0862
2010-11-16,39.9258
2010-11-15,41.7526
2010-11-12,43.0749
2010-11-11,44.0077
2010-11-10,44.0123
2010-11-09,43.7365
2010-11-08,43.1865
2010-11-05,42.3788
2010-11-04,41.6217
2010-11-03,40.7412
2010-11-02,40.0013
2010-11-01,39.267
2010-10-29,38.494
2010-10-28,37.5452
2010-10-27,36.5238
2010-10-26,35.4679
2010-10-25,34.3565
2010-10-22,32.9282
2010-10-21,31.5891
2010-10-20,30.1794
2010-10-19,28.6024
2010-10-18,26.981
2010-10-15,25.2744
2010-10-14,23.7624
2010-10-13,23.7531
2010-10-12,23.3455
2010-10-11,22.9776
2010-10-08,22.6459
2010-10-07,22.5868
2010-10-06,22.4181
2010-10-05,22.1859
2010-10-04,21.9414
2010-10-01,22.1566
2010-09-30,22.1169
2010-09-29,22.075
2010-09-28,21.661
2010-09-27,21.2253
2010-09-24,20.0682
2010-09-23,19.1249
2010-09-22,18.4111
2010-09-21,17.7285
2010-09-20,17.0099
2010-09-17,16.6015
2010-09-16,17.0626
2010-09-15,17.85
2010-09-14,18.6433
2010-09-13,19.5705
2010-09-10,20.5234
2010-09-09,21.2623
2010-09-08,22.0401
2010-09-07,22.389
2010-09-03,22.44
2010-09-02,22.6864
2010-09-01,22.446
2010-08-31,22.193
2010-08-30,21.1958
2010-08-27,20.2939
2010-08-26,19.3444
2010-08-25,18.4356
2010-08-24,17.479
2010-08-23,16.5
2010-08-20,15.68
2010-08-19,14.9226
2010-08-18,14.3321
2010-08-17,14.2534
2010-08-16,14.3627
2010-08-13,14.2034
2010-08-12,14.2661
2010-08-11,14.3322
2010-08-10,14.7897
2010-08-09,15.5294
2010-08-06,16.17
2010-08-05,16.8443
2010-08-04,17.1876
2010-08-03,17.6141
2010-08-02,18.3704
2010-07-30,19.1747
2010-07-29,19.7362
2010-07-28,20.3351
2010-07-27,21.0982
2010-07-26,22.2067
2010-07-23,23.081
2010-07-22,23.9943
2010-07-21,25.0499
2010-07-20,26.0269
2010-07-19,26.9452
2010-07-16,27.334
2010-07-15,27.8052
2010-07-14,29.1238
2010-07-13,30.6448
2010-07-12,32.2354
2010-07-09,33.3248
2010-07-08,34.1757
2010-07-07,34.2038
2010-07-06,33.8579
2010-07-02,33.2614
2010-07-01,32.2792
2010-06-30,31.2454
2010-06-29,30.3957
2010-06-28,29.6523
2010-06-25,29.3639
2010-06-24,29.1086
2010-06-23,28.9228
2010-06-22,28.8799
2010-06-21,29.084
2010-06-18,29.299
2010-06-17,29.9955
2010-06-16,30.7287
2010-06-15,31.4063
2010-06-14,31.9396
2010-06-11,32.1988
2010-06-10,32.1631
2010-06-09,32.1144
2010-06-08,32.0631
2010-06-07,32.148
2010-06-04,32.3816
2010-06-03,33.0059
2010-06-02,33.6072
2010-06-01,33.5731
2010-05-28,33.3952
2010-05-27,33.2742
2010-05-26,33.0928
2010-05-25,32.7843
2010-05-24,31.8677
2010-05-21,31.1305
2010-05-20,30.1097
2010-05-19,29.1997
2010-05-18,28.5123
2010-05-17,27.99
2010-05-14,27.3098
2010-05-13,26.5937
2010-05-12,26.1381
2010-05-11,25.1697
2010-05-10,24.2743
2010-05-07,23.4208
2010-05-06,21.5993
2010-05-05,19.682
2010-05-04,18.442
2010-05-03,17.2321
2010-04-30,16.5865
2010-04-29,15.9193
2010-04-28,15.2579
2010-04-27,14.4644
2010-04-26,13.8253
2010-04-23,13.216
2010-04-22,13.0265
2010-04-21,12.8671
2010-04-20,13.0355
2010-04-19,13.1846
2010-04-16,13.072
2010-04-15,13.1202
2010-04-14,12.4998
2010-04-13,12.0857
2010-04-12,11.807
2010-04-09,12.3004
2010-04-08,12.7457
2010-04-07,13.2144
2010-04-06,13.8115
2010-04-05,14.4324
2010-04-01,14.8724
2010-03-31,15.411
2010-03-30,16.1736
2010-03-29,16.961
2010-03-26,17.6352
2010-03-25,18.3449
2010-03-24,19.092
2010-03-23,19.2426
2010-03-22,19.495
2010-03-19,20.3062
2010-03-18,21.306
2010-03-17,22.2113
2010-03-16,23.0985
2010-03-15,24.1692
2010-03-12,25.2963
2010-03-11,25.2182
2010-03-10,25.2139
2010-03-09,25.5129
2010-03-08,26.4696
2010-03-05,27.1986
2010-03-04,27.9659
2010-03-03,29.3637
2010-03-02,30.5036
2010-03-01,31.5464
2010-02-26,31.755
2010-02-25,31.8511
2010-02-24,31.6899
2010-02-23,31.9764
2010-02-22,32.3631
2010-02-19,33.2199
2010-02-18,33.8478
2010-02-17,34.5088
2010-02-16,35.0824
2010-02-12,35.6863
2010-02-11,35.7956
2010-02-10,35.9106
2010-02-09,35.8273
2010-02-08,36.0082
2010-02-05,36.1986
2010-02-04,35.7528
2010-02-03,35.3802
2010-02-02,35.072
2010-02-01,34.1801
2010-01-29,33.3122
2010-01-28,32.3986
2010-01-27,31.5651
2010-01-26,30.8139
2010-01-25,30.0494
2010-01-22,29.2447
2010-01-21,28.3976
2010-01-20,28.7515
2010-01-19,29.2665
2010-01-15,29.8553
2010-01-14,30.5548
2010-01-13,31.5121
2010-01-12,32.1535
2010-01-11,33.5348
2010-01-08,35.2513
2010-01-07,37.082
2010-01-06,38.8461
2010-01-05,39.7483
2010-01-04,39.2513
2009-12-31,38.4165
2009-12-30,37.6817
2009-12-29,37.0059
2009-12-28,36.2637
2009-12-24,35.4624
2009-12-23,34.8458
2009-12-22,34.4609
2009-12-21,34.6113
2009-12-18,34.8632
2009-12-17,35.179
2009-12-16,35.5818
2009-12-15,35.7269
2009-12-14,36.0842
2009-12-11,36.3053
2009-12-10,36.6654
2009-12-09,36.7951
2009-12-08,37.1914
2009-12-07,37.6085
2009-12-04,38.1422
2009-12-03,38.704
2009-12-02,38.8077
2009-12-01,38.8112
2009-11-30,38.8822
2009-11-27,39.2579
2009-11-25,39.7039
2009-11-24,39.1463
2009-11-23,38.6501
2009-11-20,38.1277
2009-11-19,38.1299
2009-11-18,38.0755
2009-11-17,37.8257
2009-11-16,37.4102
2009-11-13,36.99
2009-11-12,36.699
2009-11-11,36.3927
2009-11-10,36.0416
2009-11-09,35.8222
2009-11-06,35.8016
2009-11-05,36.1969
2009-11-04,36.6978
2009-11-03,37.4084
2009-11-02,38.5295
2009-10-30,39.7096
2009-10-29,40.5446
2009-10-28,40.9228
2009-10-27,41.3916
2009-10-26,41.4271
2009-10-23,40.896
2009-10-22,40.4449
2009-10-21,40.0552
2009-10-20,39.5623
2009-10-19,39.2274
2009-10-16,38.1854
2009-10-15,37.0885
2009-10-14,36.4076
2009-10-13,35.4306
2009-10-12,34.6456
2009-10-09,33.8738
2009-10-08,33.2005
2009-10-07,32.4917
2009-10-06,31.8845
2009-10-05,32.0596
2009-10-02,32.6288
2009-10-01,33.2685
2009-09-30,33.5432
2009-09-29,33.8103
2009-09-28,33.546
2009-09-25,33.24
2009-09-24,32.9826
2009-09-23,32.6214
2009-09-22,31.8076
2009-09-21,31.124
2009-09-18,30.5162
2009-09-17,29.403
2009-09-16,28.2313
2009-09-15,27.252
2009-09-14,26.6179
2009-09-11,26.0395
2009-09-10,25.5818
2009-09-09,25.2043
2009-09-08,25.0214
2009-09-04,24.8288
2009-09-03,24.8293
2009-09-02,25.0424
2009-09-01,25.2668
2009-08-31,25.3706
2009-08-28,25.7086
2009-08-27,25.6762
2009-08-26,25.81
2009-08-25,25.5021
2009-08-24,25.0201
2009-08-21,24.6771
2009-08-20,24.4766
2009-08-19,24.4278
2009-08-18,25.2388
2009-08-17,25.8179
2009-08-14,26.3688
2009-08-13,25.795
2009-08-12,24.9945
2009-08-11,24.2745
2009-08-10,23.712
2009-08-07,22.99
2009-08-06,22.1215
2009-08-05,21.3887
2009-08-04,20.6174
2009-08-03,19.9202
2009-07-31,19.1901
2009-07-30,18.4665
2009-07-29,17.7495
2009-07-28,17.5475
2009-07-27,17.0312
2009-07-24,16.3778
2009-07-23,15.69
2009-07-22,15.3378
2009-07-21,15.4867
2009-07-20,15.4956
2009-07-17,15.4704
2009-07-16,15.4157
2009-07-15,14.8814
2009-07-14,14.6164
2009-07-13,14.9225
2009-07-10,15.3646
2009-07-09,16.1071
2009-07-08,16.711
2009-07-07,16.7905
2009-07-06,16.8742
2009-07-02,17.2536
2009-07-01,17.9361
2009-06-30,18.3888
2009-06-29,18.8606
2009-06-26,19.0822
2009-06-25,19.3156
2009-06-24,20.2452
2009-06-23,21.1648
2009-06-22,21.9206
2009-06-19,22.7163
2009-06-18,23.4805
2009-06-17,24.3903
2009-06-16,25.348
2009-06-15,26.1056
2009-06-12,26.9031
2009-06-11,27.2655
2009-06-10,27.1193
2009-06-09,26.9654
2009-06-08,26.4159
2009-06-05,25.6525
2009-06-04,24.4175
2009-06-03,23.2978
2009-06-02,22.4093
2009-06-01,21.5631
2009-05-29,20.6848
2009-05-28,20.2311
2009-05-27,20.0014
2009-05-26,19.7448
2009-05-22,19.7889
2009-05-21,20.1562
2009-05-20,20.4176
2009-05-19,20.6149
2009-05-18,21.0162
2009-05-15,21.6549
2009-05-14,22.0995
2009-05-13,22.658
2009-05-12,23.025
2009-05-11,22.9807
2009-05-08,22.514
2009-05-07,22.0915
2009-05-06,21.8392
2009-05-05,20.9714
2009-05-04,20.1689
2009-05-01,19.4129
2009-04-30,18.7848
2009-04-29,17.9007
2009-04-28,17.2762
2009-04-27,16.8457
2009-04-24,16.313
2009-04-23,15.7522
2009-04-22,15.2843
2009-04-21,14.7917
2009-04-20,14.4722
2009-04-17,14.1359
2009-04-16,13.2969
2009-04-15,12.6328
2009-04-14,12.3516
2009-04-13,12.2121
2009-04-09,11.8145
2009-04-08,11.5709
2009-04-07,11.6837
2009-04-06,11.8538
2009-04-03,11.7331
2009-04-02,11.606
2009-04-01,11.3618
2009-03-31,11.6457
2009-03-30,11.6837
2009-03-27,12.1172
2009-03-26,12.1167
2009-03-25,11.9608
2009-03-24,12.1051
2009-03-23,11.8576
2009-03-20,11.7672
2009-03-19,12.3706
2009-03-18,12.9865
2009-03-17,13.6029
2009-03-16,14.1717
2009-03-13,14.5027
2009-03-12,14.741
2009-03-11,14.874
2009-03-10,14.7721
2009-03-09,14.1742
2009-03-06,13.33
2009-03-05,12.5846
2009-03-04,12.0645
2009-03-03,11.9704
2009-03-02,12.1492
2009-02-27,12.4887
2009-02-26,13.0627
2009-02-25,13.5661
2009-02-24,14.0172
2009-02-23,14.599
2009-02-20,15.2114
2009-02-19,15.6347
2009-02-18,15.8105
2009-02-17,16.2156
2009-02-13,16.8666
2009-02-12,16.8833
2009-02-11,16.9009
2009-02-10,16.8525
2009-02-09,16.5875
2009-02-06,15.8766
2009-02-05,15.3174
2009-02-04,15.282
2009-02-03,15.1456
2009-02-02,15.3851
2009-01-30,15.6373
2009-01-29,15.7352
2009-01-28,15.6652
2009-01-27,15.5915
2009-01-26,16.0932
2009-01-23,16.8279
2009-01-22,17.6013
2009-01-21,17.765
2009-01-20,17.6748
2009-01-16,17.3966
2009-01-15,17.5028
2009-01-14,17.4027
2009-01-13,17.6551
2009-01-12,18.3892
2009-01-09,19.0921
2009-01-08,19.9515
2009-01-07,20.9984
2009-01-06,22.048
2009-01-05,22.8651
2009-01-02,24.0632
2008-12-31,24.9734
2008-12-30,25.4757
2008-12-29,25.8175
2008-12-26,25.9308
2008-12-24,26.2453
2008-12-23,26.5784
2008-12-22,26.8018
2008-12-19,27.037
2008-12-18,27.7912
2008-12-17,28.5884
2008-12-16,29.5221
2008-12-15,30.505
2008-12-12,31.1554
2008-12-11,31.7678
2008-12-10,32.5022
2008-12-09,33.4346
2008-12-08,34.4162
2008-12-05,35.1817
2008-12-04,35.0947
2008-12-03,35.0895
2008-12-02,35.0044
2008-12-01,34.7838
2008-11-28,34.605
2008-11-26,34.7948
2008-11-25,34.9606
2008-11-24,34.8346
2008-11-21,34.0883
2008-11-20,33.2807
2008-11-19,32.5825
2008-11-18,32.1265
2008-11-17,31.7508
2008-11-14,31.5581
2008-11-13,31.4319
2008-11-12,30.8832
2008-11-11,30.4207
2008-11-10,30.1323
2008-11-07,29.9752
2008-11-06,30.0875
2008-11-05,30.2143
2008-11-04,30.6332
2008-11-03,31.1544
2008-10-31,31.4265
2008-10-30,31.9469
2008-10-29,32.5713
2008-10-28,33.2013
2008-10-27,33.8201
2008-10-24,33.7357
2008-10-23,33.6468
2008-10-22,33.7409
2008-10-21,33.9274
2008-10-20,34.3974
2008-10-17,34.8189
2008-10-16,35.3214
2008-10-15,35.0565
2008-10-14,35.1813
2008-10-13,35.6023
2008-10-10,35.6662
2008-10-09,34.2662
2008-10-08,32.9102
2008-10-07,31.5301
2008-10-06,30.2968
2008-10-03,29.1483
2008-10-02,28.3216
2008-10-01,27.4996
2008-09-30,26.9327
2008-09-29,26.336
2008-09-26,25.6464
2008-09-25,25.7486
2008-09-24,26.2608
2008-09-23,26.598
2008-09-22,26.7816
2008-09-19,27.0578
2008-09-18,27.7317
2008-09-17,27.452
2008-09-16,27.2298
2008-09-15,27.3075
2008-09-12,27.0414
2008-09-11,26.8948
2008-09-10,26.4075
2008-09-09,25.3456
2008-09-08,24.3343
2008-09-05,23.321
2008-09-04,22.7672
2008-09-03,22.438
2008-09-02,22.3968
2008-08-29,22.4111
2008-08-28,21.851
2008-08-27,21.4899
2008-08-26,21.0241
2008-08-25,20.697
2008-08-22,20.6863
2008-08-21,20.9434
2008-08-20,20.972
2008-08-19,21.1096
2008-08-18,21.3873
2008-08-15,21.9837
2008-08-14,22.9861
2008-08-13,23.9139
2008-08-12,24.7204
2008-08-11,25.7157
2008-08-08,26.7633
2008-08-07,27.3321
2008-08-06,27.3891
2008-08-05,27.449
2008-08-04,27.0422
2008-08-01,26.247
2008-07-31,25.4228
2008-07-30,24.7471
2008-07-29,24.0659
2008-07-28,23.4615
2008-07-25,22.8252
2008-07-24,22.2896
2008-07-23,21.7258
2008-07-22,21.182
2008-07-21,19.9083
2008-07-18,18.5692
2008-07-17,17.3662
2008-07-16,17.1442
2008-07-15,16.8859
2008-07-14,16.2067
2008-07-11,15.8844
2008-07-10,15.663
2008-07-09,15.7839
2008-07-08,16.2592
2008-07-07,16.7394
2008-07-03,16.9932
2008-07-02,16.8376
2008-07-01,16.6739
2008-06-30,16.3446
2008-06-27,16.1631
2008-06-26,15.6329
2008-06-25,15.4313
2008-06-24,15.7011
2008-06-23,15.7031
2008-06-20,15.9305
2008-06-19,16.2522
2008-06-18,16.8014
2008-06-17,17.6725
2008-06-16,18.2686
2008-06-13,18.8962
2008-06-12,19.6677
2008-06-11,20.2948
2008-06-10,20.9296
2008-06-09,21.6708
2008-06-06,22.451
2008-06-05,23.2804
2008-06-04,23.8022
2008-06-03,24.6673
2008-06-02,25.5779
2008-05-30,26.1347
2008-05-29,26.31
2008-05-28,26.6029
2008-05-27,27.3248
2008-05-23,28.3681
2008-05-22,29.7958
2008-05-21,31.2101
2008-05-20,32.4172
2008-05-19,32.5881
2008-05-16,32.7376
2008-05-15,32.6578
2008-05-14,32.6154
2008-05-13,32.5708
2008-05-12,32.3752
2008-05-09,32.1941
2008-05-08,31.9024
2008-05-07,31.2718
2008-05-06,30.6081
2008-05-05,30.0313
2008-05-02,29.2595
2008-05-01,28.4471
2008-04-30,27.7016
2008-04-29,27.069
2008-04-28,26.7633
2008-04-25,26.5626
2008-04-24,26.4213
2008-04-23,26.2727
2008-04-22,26.0873
2008-04-21,25.8922
2008-04-18,25.9868
2008-04-17,26.0864
2008-04-16,26.5303
2008-04-15,26.9573
2008-04-14,27.4738
2008-04-11,28.1762
2008-04-10,29.0366
2008-04-09,30.115
2008-04-08,31.1945
2008-04-07,32.4386
2008-04-04,34.0338
2008-04-03,35.5073
2008-04-02,36.6421
2008-04-01,38.1244
2008-03-31,39.4126
2008-03-28,39.9785
2008-03-27,40.6201
2008-03-26,41.4185
2008-03-25,42.4383
2008-03-24,43.3358
2008-03-20,44.2806
2008-03-19,44.2209
2008-03-18,44.3792
2008-03-17,44.2813
2008-03-14,43.889
2008-03-13,43.7355
2008-03-12,43.4771
2008-03-11,43.338
2008-03-10,42.8807
2008-03-07,42.0185
2008-03-06,41.2605
2008-03-05,40.5211
2008-03-04,39.9001
2008-03-03,39.2141
2008-02-29,38.6722
2008-02-28,38.302
2008-02-27,37.9511
2008-02-26,37.4491
2008-02-25,36.586
2008-02-22,36.1985
2008-02-21,35.9854
2008-02-20,35.7939
2008-02-19,35.509
2008-02-15,35.33
2008-02-14,35.4448
2008-02-13,35.6875
2008-02-12,35.731
2008-02-11,35.6229
2008-02-08,35.2667
2008-02-07,34.6794
2008-02-06,33.9365
2008-02-05,33.1921
2008-02-04,32.3371
2008-02-01,31.4808
2008-01-31,30.7756
2008-01-30,30.341
2008-01-29,29.481
2008-01-28,28.5757
2008-01-25,27.7135
2008-01-24,27.0176
2008-01-23,25.8078
2008-01-22,24.1477
2008-01-18,22.8533
2008-01-17,22.0403
2008-01-16,21.1845
2008-01-15,20.3477
2008-01-14,20.0972
2008-01-11,20.0557
2008-01-10,19.726
2008-01-09,19.5997
2008-01-08,19.3298
2008-01-07,19.2303
2008-01-04,19.2676
2008-01-03,19.7336
2008-01-02,20.7063
2007-12-31,21.6929
2007-12-28,22.3232
2007-12-27,22.7866
2007-12-26,23.1324
2007-12-24,23.5633
2007-12-21,24.3268
2007-12-20,25.1678
2007-12-19,26.2627
2007-12-18,27.5678
2007-12-17,28.8655
2007-12-14,30.2451
2007-12-13,30.9953
2007-12-12,31.8337
2007-12-11,32.4858
2007-12-10,32.8348
2007-12-07,32.6613
2007-12-06,32.5993
2007-12-05,32.5593
2007-12-04,32.8416
2007-12-03,33.2757
2007-11-30,33.6009
2007-11-29,33.9122
2007-11-28,34.3881
2007-11-27,35.0453
2007-11-26,36.0895
2007-11-23,36.752
2007-11-21,37.7532
2007-11-20,38.9848
2007-11-19,40.5234
2007-11-16,42.6131
2007-11-15,44.7786
2007-11-14,47.0076
2007-11-13,49.0237
2007-11-12,51.5027
2007-11-09,54.1121
2007-11-08,55.8296
2007-11-07,57.0576
2007-11-06,56.0502
2007-11-05,55.0382
2007-11-02,54.0826
2007-11-01,53.2607
2007-10-31,52.0905
2007-10-30,50.9252
2007-10-29,49.7727
2007-10-26,48.8034
2007-10-25,47.8316
2007-10-24,46.8087
2007-10-23,45.7516
2007-10-22,44.6108
2007-10-19,43.7277
2007-10-18,42.3119
2007-10-17,41.0606
2007-10-16,39.8641
2007-10-15,38.7488
2007-10-12,37.2975
2007-10-11,35.5593
2007-10-10,33.7297
2007-10-09,32.0308
2007-10-08,30.2728
2007-10-05,28.6579
2007-10-04,27.2643
2007-10-03,26.0845
2007-10-02,24.5574
2007-10-01,22.95
2007-09-28,21.5903
2007-09-27,20.6678
2007-09-26,19.5464
2007-09-25,18.366
2007-09-24,17.2014
2007-09-21,15.9755
2007-09-20,15.0728
2007-09-19,14.2845
2007-09-18,13.777
2007-09-17,13.8839
2007-09-14,14.5092
2007-09-13,15.1674
2007-09-12,15.866
2007-09-11,16.6015
2007-09-10,16.9456
2007-09-07,17.3079
2007-09-06,18.0329
2007-09-05,18.8826
2007-09-04,19.7317
2007-08-31,20.7117
2007-08-30,21.1208
2007-08-29,21.4737
2007-08-28,21.6988
2007-08-27,21.9357
2007-08-24,22.4564
2007-08-23,22.8839
2007-08-22,23.3339
2007-08-21,23.9083
2007-08-20,24.0245
2007-08-17,23.7793
2007-08-16,23.4166
2007-08-15,22.7264
2007-08-14,22.5964
2007-08-13,22.9854
2007-08-10,23.6623
2007-08-09,24.3066
2007-08-08,25.4907
2007-08-07,26.7776
2007-08-06,27.8731
2007-08-03,28.3311
2007-08-02,28.8391
2007-08-01,29.6952
2007-07-31,30.5962
2007-07-30,31.6434
2007-07-27,32.6747
2007-07-26,33.5863
2007-07-25,34.2828
2007-07-24,35.3229
2007-07-23,36.4915
2007-07-20,37.9657
2007-07-19,39.5175
2007-07-18,39.8505
2007-07-17,40.0526
2007-07-16,39.382
2007-07-13,38.6761
2007-07-12,38.1397
2007-07-11,37.7825
2007-07-10,37.4393
2007-07-09,36.9108
2007-07-06,36.3544
2007-07-05,35.9422
2007-07-03,35.5083
2007-07-02,35.4382
2007-06-29,35.4739
2007-06-28,35.7098
2007-06-27,35.5683
2007-06-26,35.4811
2007-06-25,34.7611
2007-06-22,34.0032
2007-06-21,33.5618
2007-06-20,33.5212
2007-06-19,33.1986
2007-06-18,32.6038
2007-06-15,32.027
2007-06-14,31.7135
2007-06-13,31.5261
2007-06-12,31.3288
2007-06-11,30.6939
2007-06-08,29.3075
2007-06-07,27.8481
2007-06-06,25.9823
2007-06-05,24.166
2007-06-04,22.3022
2007-06-01,20.5895
2007-05-31,18.9709
2007-05-30,17.2671
2007-05-29,15.845
2007-05-25,14.6652
2007-05-24,13.7841
2007-05-23,13.2075
2007-05-22,12.3545
2007-05-21,11.7346
2007-05-18,11.0821
2007-05-17,10.8378
2007-05-16,10.4742
2007-05-15,10.2372
2007-05-14,10.6931
2007-05-11,11.0936
2007-05-10,11.4194
2007-05-09,11.7605
2007-05-08,11.8555
2007-05-07,12.2395
2007-05-04,12.4862
2007-05-03,12.7459
2007-05-02,13.0755
2007-05-01,13.6417
2007-04-30,14.2377
2007-04-27,14.287
2007-04-26,13.6888
2007-04-25,13.0591
2007-04-24,12.5747
2007-04-23,12.1463
2007-04-20,11.4518
2007-04-19,10.3697
2007-04-18,9.8222
2007-04-17,9.3771
2007-04-16,9.1407
2007-04-13,8.8919
2007-04-12,9.2136
2007-04-11,9.6115
2007-04-10,10.002
2007-04-09,10.2189
2007-04-05,10.4149
2007-04-04,10.3152
2007-04-03,10.2102
2007-04-02,10.0997
2007-03-30,10.2484
2007-03-29,10.6849
2007-03-28,11.1443
2007-03-27,11.4672
2007-03-26,11.8209
2007-03-23,12.2076
2007-03-22,12.7128
2007-03-21,13.3177
2007-03-20,13.7383
2007-03-19,13.5592
2007-03-16,13.3707
2007-03-15,13.0444
2007-03-14,12.8973
2007-03-13,12.6644
2007-03-12,12.601
2007-03-09,12.9595
2007-03-08,13.3369
2007-03-07,13.9456
2007-03-06,14.4551
2007-03-05,14.758
2007-03-02,14.2083
2007-03-01,13.7016
2007-02-28,13.2236
2007-02-27,12.8474
2007-02-26,12.6271
2007-02-23,13.2273
2007-02-22,13.7474
2007-02-21,13.876
2007-02-20,14.3184
2007-02-16,15.0046
2007-02-15,15.5634
2007-02-14,15.8925
2007-02-13,16.239
2007-02-12,16.189
2007-02-09,16.1104
2007-02-08,16.337
2007-02-07,16.76
2007-02-06,17.3936
2007-02-05,18.0007
2007-02-02,18.6399
2007-02-01,19.3279
2007-01-31,19.8393
2007-01-30,19.4632
2007-01-29,19.3807
2007-01-26,19.2938
2007-01-25,19.2399
2007-01-24,19.1831
2007-01-23,19.3323
2007-01-22,20.2134
2007-01-19,21.071
2007-01-18,21.4738
2007-01-17,21.854
2007-01-16,21.801
2007-01-12,21.0909
2007-01-11,20.6648
2007-01-10,20.3571
2007-01-09,20.4184
2007-01-08,20.7601
2007-01-05,21.0488
2007-01-04,21.4747
2007-01-03,22.1083
2006-12-29,23.1838
2006-12-28,23.6766
2006-12-27,24.3324
2006-12-26,24.9874
2006-12-22,25.0304
2006-12-21,25.0093
2006-12-20,24.9871
2006-12-19,25.4503
2006-12-18,25.7758
2006-12-15,26.2297
2006-12-14,27.3234
2006-12-13,28.4991
2006-12-12,29.7366
2006-12-11,30.8086
2006-12-08,31.6795
2006-12-07,32.6126
2006-12-06,33.423
2006-12-05,34.1268
2006-12-04,35.0085
2006-12-01,36.0326
2006-11-30,37.1106
2006-11-29,38.0558
2006-11-28,39.0077
2006-11-27,40.2098
2006-11-24,41.0053
2006-11-22,40.3776
2006-11-21,39.5563
2006-11-20,38.7682
2006-11-17,38.2685
2006-11-16,37.7115
2006-11-15,37.1839
2006-11-14,36.6284
2006-11-13,36.3436
2006-11-10,36.3522
2006-11-09,36.6163
2006-11-08,36.7707
2006-11-07,36.9333
2006-11-06,36.8676
2006-11-03,36.7571
2006-11-02,36.8349
2006-11-01,36.8244
2006-10-31,36.8133
2006-10-30,36.2071
2006-10-27,35.6119
2006-10-26,34.812
2006-10-25,33.0864
2006-10-24,31.3249
2006-10-23,29.6539
2006-10-20,27.895
2006-10-19,26.5806
2006-10-18,25.3429
2006-10-17,25.3025
2006-10-16,25.3197
2006-10-13,24.8599
2006-10-12,23.9032
2006-10-11,22.8961
2006-10-10,21.8361
2006-10-09,20.7202
2006-10-06,19.7933
2006-10-05,19.3178
2006-10-04,19.0291
2006-10-03,18.8737
2006-10-02,19.3472
2006-09-29,19.5964
2006-09-28,19.8004
2006-09-27,20.0151
2006-09-26,20.0775
2006-09-25,20.3651
2006-09-22,20.6058
2006-09-21,20.981
2006-09-20,21.3759
2006-09-19,21.8523
2006-09-18,22.3538
2006-09-15,21.4969
2006-09-14,21.0142
2006-09-13,20.7137
2006-09-12,20.3974
2006-09-11,20.9754
2006-09-08,21.8715
2006-09-07,22.4156
2006-09-06,23.0454
2006-09-05,23.8976
2006-09-01,24.7947
2006-08-31,25.341
2006-08-30,25.9916
2006-08-29,26.6988
2006-08-28,27.2281
2006-08-25,27.658
2006-08-24,27.5591
2006-08-23,27.455
2006-08-22,27.3664
2006-08-21,27.3861
2006-08-18,27.4262
2006-08-17,27.7576
2006-08-16,28.2827
2006-08-15,28.7107
2006-08-14,28.5836
2006-08-11,27.8195
2006-08-10,27.0152
2006-08-09,26.3469
2006-08-08,25.8086
2006-08-07,25.3617
2006-08-04,24.4439
2006-08-03,23.5008
2006-08-02,22.249
2006-08-01,20.9931
2006-07-31,20.0533
2006-07-28,19.4092
2006-07-27,18.7311
2006-07-26,17.8338
2006-07-25,17.1092
2006-07-24,16.3821
2006-07-21,15.6167
2006-07-20,14.6425
2006-07-19,13.9455
2006-07-18,13.641
2006-07-17,13.4819
2006-07-14,13.6466
2006-07-13,13.82
2006-07-12,14.4919
2006-07-11,14.6088
2006-07-10,14.7319
2006-07-07,14.6081
2006-07-06,14.4777
2006-07-05,13.8732
2006-07-03,13.3594
2006-06-30,12.5184
2006-06-29,11.8333
2006-06-28,11.1638
2006-06-27,11.0516
2006-06-26,10.9335
2006-06-23,10.6516
2006-06-22,10.355
2006-06-21,10.2259
2006-06-20,10.1887
2006-06-19,10.6367
2006-06-16,11.1354
2006-06-15,11.4329
2006-06-14,11.746
2006-06-13,12.0113
2006-06-12,12.061
2006-06-09,12.2446
2006-06-08,12.7329
2006-06-07,13.1878
2006-06-06,13.7125
2006-06-05,14.3664
2006-06-02,14.6049
2006-06-01,15.0076
2006-05-31,15.2115
2006-05-30,15.1633
2006-05-26,15.3064
2006-05-25,15.8394
2006-05-24,16.2501
2006-05-23,16.6823
2006-05-22,17.2191
2006-05-19,17.2346
2006-05-18,17.251
2006-05-17,17.6623
2006-05-16,17.9979
2006-05-15,18.2052
2006-05-12,18.4234
2006-05-11,18.8415
2006-05-10,19.7214
2006-05-09,20.0949
2006-05-08,20.5961
2006-05-05,21.6349
2006-05-04,22.6474
2006-05-03,23.7923
2006-05-02,24.9975
2006-05-01,26.266
2006-04-28,27.1769
2006-04-27,27.2576
2006-04-26,27.1707
2006-04-25,26.8472
2006-04-24,26.3679
2006-04-21,25.2414
2006-04-20,24.0555
2006-04-19,23.1208
2006-04-18,22.829
2006-04-17,22.6581
2006-04-13,22.4782
2006-04-12,22.3827
2006-04-11,22.0151
2006-04-10,21.5696
2006-04-07,21.1574
2006-04-06,20.8505
2006-04-05,20.4559
2006-04-04,20.0406
2006-04-03,19.871
2006-03-31,20.0757
2006-03-30,20.3105
2006-03-29,20.5577
2006-03-28,20.8179
2006-03-27,21.7673
2006-03-24,22.8347
2006-03-23,23.899
2006-03-22,24.0023
2006-03-21,24.0323
2006-03-20,24.1093
2006-03-17,24.2597
2006-03-16,24.05
2006-03-15,23.9047
2006-03-14,23.8175
2006-03-13,23.7257
2006-03-10,23.3769
2006-03-09,22.9457
2006-03-08,22.7021
2006-03-07,22.648
2006-03-06,22.7689
2006-03-03,23.1157
2006-03-02,23.7016
2006-03-01,24.1116
2006-02-28,24.1316
2006-02-27,24.1525
2006-02-24,25.296
2006-02-23,26.0696
2006-02-22,26.8838
2006-02-21,27.2614
2006-02-17,27.6928
2006-02-16,28.093
2006-02-15,28.3186
2006-02-14,27.6662
2006-02-13,27.0701
2006-02-10,26.3941
2006-02-09,25.9024
2006-02-08,25.4447
2006-02-07,24.8107
2006-02-06,24.3082
2006-02-03,24.1172
2006-02-02,23.916
2006-02-01,24.258
2006-01-31,24.4488
2006-01-30,25.7059
2006-01-27,26.8477
2006-01-26,28.1925
2006-01-25,29.6082
2006-01-24,31.0388
2006-01-23,32.4798
2006-01-20,33.3512
2006-01-19,34.2686
2006-01-18,35.4616
2006-01-17,36.1837
2006-01-13,35.7013
2006-01-12,35.2788
2006-01-11,34.834
2006-01-10,33.8123
2006-01-09,32.8477
2006-01-06,31.8322
2006-01-05,30.8273
2006-01-04,30.2532
2006-01-03,29.7253
2005-12-30,29.6042
2005-12-29,30.2229
2005-12-28,30.4668
2005-12-27,30.561
2005-12-23,30.5445
2005-12-22,30.048
2005-12-21,29.5254
2005-12-20,28.9753
2005-12-19,28.5491
2005-12-16,28.1005
2005-12-15,28.1168
2005-12-14,28.5359
2005-12-13,29.1367
2005-12-12,29.8506
2005-12-09,30.7328
2005-12-08,31.6615
2005-12-07,32.8738
2005-12-06,34.3375
2005-12-05,35.7351
2005-12-02,37.0692
2005-12-01,37.9321
2005-11-30,39.0045
2005-11-29,40.4288
2005-11-28,41.5459
2005-11-25,41.2491
2005-11-23,40.6854
2005-11-22,40.2068
2005-11-21,39.9307
2005-11-18,39.8928
2005-11-17,39.2735
2005-11-16,38.6424
2005-11-15,38.1289
2005-11-14,37.6461
2005-11-11,37.0884
2005-11-10,36.5395
2005-11-09,36.1251
2005-11-08,35.7824
2005-11-07,34.5436
2005-11-04,32.912
2005-11-03,31.3083
2005-11-02,29.7317
2005-11-01,28.1066
2005-10-31,26.4196
2005-10-28,24.8501
2005-10-27,23.6414
2005-10-26,22.4295
2005-10-25,21.1887
2005-10-24,20.1738
2005-10-21,19.1054
2005-10-20,18.0807
2005-10-19,18.9183
2005-10-18,19.5533
2005-10-17,20.3748
2005-10-14,21.4284
2005-10-13,22.0994
2005-10-12,22.8056
2005-10-11,23.7746
2005-10-10,24.212
2005-10-07,24.1886
2005-10-06,23.9992
2005-10-05,23.9483
2005-10-04,23.8947
2005-10-03,23.5348
2005-09-30,22.9226
2005-09-29,22.4241
2005-09-28,22.3192
2005-09-27,22.2089
2005-09-26,21.181
2005-09-23,20.099
2005-09-22,19.1573
2005-09-21,18.1659
2005-09-20,17.4244
2005-09-19,16.7909
2005-09-16,16.4664
2005-09-15,16.228
2005-09-14,15.9769
2005-09-13,15.4711
2005-09-12,14.2966
2005-09-09,13.2864
2005-09-08,13.0801
2005-09-07,12.863
2005-09-06,12.9514
2005-09-02,13.6321
2005-09-01,14.3486
2005-08-31,14.8497
2005-08-30,15.3771
2005-08-29,16.0697
2005-08-26,16.7625
2005-08-25,17.1013
2005-08-24,17.3572
2005-08-23,17.6266
2005-08-22,17.4184
2005-08-19,17.1993
2005-08-18,17.397
2005-08-17,17.5145
2005-08-16,18.344
2005-08-15,19.2171
2005-08-12,20.1717
2005-08-11,20.9608
2005-08-10,21.4739
2005-08-09,22.3342
2005-08-08,23.4863
2005-08-05,24.5331
2005-08-04,25.5669
2005-08-03,26.3209
2005-08-02,27.0845
2005-08-01,27.9013
2005-07-29,29.2394
2005-07-28,30.648
2005-07-27,31.6418
2005-07-26,32.6879
2005-07-25,33.803
2005-07-22,34.7604
2005-07-21,35.6647
2005-07-20,35.2994
2005-07-19,35.1442
2005-07-18,35.0861
2005-07-15,35.4613
2005-07-14,35.6503
2005-07-13,35.8202
2005-07-12,36.4057
2005-07-11,37.3202
2005-07-08,38.2746
2005-07-07,39.0002
2005-07-06,39.8604
2005-07-05,40.5045
2005-07-01,41.267
2005-06-30,42.0697
2005-06-29,42.7618
2005-06-28,43.3986
2005-06-27,43.1839
2005-06-24,43.1321
2005-06-23,43.3371
2005-06-22,43.6908
2005-06-21,44.1732
2005-06-20,44.7711
2005-06-17,45.5185
2005-06-16,46.6618
2005-06-15,47.9688
2005-06-14,49.3957
2005-06-13,50.0166
2005-06-10,50.6702
2005-06-09,51.0375
2005-06-08,51.3749
2005-06-07,51.7299
2005-06-06,50.9232
2005-06-03,50.2045
2005-06-02,49.5552
2005-06-01,48.0424
2005-05-31,46.45
2005-05-27,45.0182
2005-05-26,43.8019
2005-05-25,42.5859
2005-05-24,41.3866
2005-05-23,39.7102
2005-05-20,38.1296
2005-05-19,37.0783
2005-05-18,35.9964
2005-05-17,34.9162
2005-05-16,34.1387
2005-05-13,33.4362
2005-05-12,32.7303
2005-05-11,31.8358
2005-05-10,30.9084
2005-05-09,30.1774
2005-05-06,29.2928
2005-05-05,28.1956
2005-05-04,27.0735
2005-05-03,25.7227
2005-05-02,24.3822
2005-04-29,23.1941
2005-04-28,22.0207
2005-04-27,20.7944
2005-04-26,19.5658
2005-04-25,18.0706
2005-04-22,16.4966
2005-04-21,14.8716
2005-04-20,14.2555
2005-04-19,13.984
2005-04-18,14.5985
2005-04-15,14.9314
2005-04-14,15.4272
2005-04-13,15.7665
2005-04-12,16.1289
2005-04-11,16.5103
2005-04-08,16.4778
2005-04-07,16.4435
2005-04-06,16.4572
2005-04-05,17.0289
2005-04-04,17.6308
2005-04-01,18.218
2005-03-31,18.4893
2005-03-30,18.5354
2005-03-29,18.8028
2005-03-28,19.0842
2005-03-24,19.7071
2005-03-23,19.7825
2005-03-22,19.7649
2005-03-21,19.7463
2005-03-18,19.7267
2005-03-17,19.455
2005-03-16,19.0608
2005-03-15,18.5011
2005-03-14,17.912
2005-03-11,17.0781
2005-03-10,16.5249
2005-03-09,15.961
2005-03-08,15.5727
2005-03-07,15.5569
2005-03-04,15.7229
2005-03-03,15.6208
2005-03-02,15.5133
2005-03-01,15.3912
2005-02-28,15.3403
2005-02-25,15.3204
2005-02-24,15.2994
2005-02-23,15.2709
2005-02-22,15.6895
2005-02-18,16.2598
2005-02-17,16.8668
2005-02-16,17.4931
2005-02-15,18.1831
2005-02-14,18.9094
2005-02-11,19.6426
2005-02-10,20.5634
2005-02-09,21.5406
2005-02-08,22.2491
2005-02-07,22.5783
2005-02-04,22.8416
2005-02-03,22.479
2005-02-02,21.7797
2005-02-01,21.0435
2005-01-31,20.9646
2005-01-28,21.3893
2005-01-27,21.9615
2005-01-26,23.0367
2005-01-25,24.1685
2005-01-24,24.8724
2005-01-21,25.9496
2005-01-20,26.7839
2005-01-19,27.2147
2005-01-18,27.0579
2005-01-14,26.6188
2005-01-13,26.5243
2005-01-12,26.6388
2005-01-11,26.8828
2005-01-10,26.7727
2005-01-07,26.6568
2005-01-06,26.8339
2005-01-05,27.0204
2005-01-04,26.617
2005-01-03,26.0156
2004-12-31,25.0994
2004-12-30,24.3601
2004-12-29,23.6863
2004-12-28,23.2974
2004-12-27,22.8881
2004-12-23,22.4741
2004-12-22,22.3693
2004-12-21,22.391
2004-12-20,22.3684
2004-12-17,22.3446
2004-12-16,22.9285
2004-12-15,23.544
2004-12-14,24.1204
2004-12-13,24.8722
2004-12-10,26.1349
2004-12-09,27.2954
2004-12-08,28.6339
2004-12-07,30.0205
2004-12-06,31.3268
2004-12-03,32.2122
2004-12-02,32.9942
2004-12-01,33.7284
2004-11-30,34.4096
2004-11-29,35.0642
2004-11-26,35.7559
2004-11-24,36.642
2004-11-23,37.7307
2004-11-22,39.2535
2004-11-19,40.939
2004-11-18,42.328
2004-11-17,43.7901
2004-11-16,45.0867
2004-11-15,46.3145
2004-11-12,46.9746
2004-11-11,47.6695
2004-11-10,48.6554
2004-11-09,50.2457
2004-11-08,51.9197
2004-11-05,53.3604
2004-11-04,54.8769
2004-11-03,55.1613
2004-11-02,54.6341
2004-11-01,53.7646
2004-10-29,52.8818
2004-10-28,51.9525
2004-10-27,51.0876
2004-10-26,50.2847
2004-10-25,49.4396
2004-10-22,48.5501
2004-10-21,47.9571
2004-10-20,48.6739
2004-10-19,49.5092
2004-10-18,49.1446
2004-10-15,48.9329
2004-10-14,48.9315
