date,EMA
2024-10-04,242.5853
2024-10-03,241.7964
2024-10-02,241.916
2024-10-01,241.1682
2024-09-30,239.3943
2024-09-27,237.0537
2024-09-26,234.5899
2024-09-25,232.5235
2024-09-24,229.945
2024-09-23,227.3844
2024-09-20,225.0039
2024-09-19,223.6095
2024-09-18,221.4716
2024-09-17,220.8686
2024-09-16,220.1316
2024-09-13,219.4318
2024-09-12,218.2888
2024-09-11,217.076
2024-09-10,215.9125
2024-09-09,214.8327
2024-09-06,214.6814
2024-09-05,215.0974
2024-09-04,213.5108
2024-09-03,212.8898
2024-08-30,213.1309
2024-08-29,213.0278
2024-08-28,213.7381
2024-08-27,214.5789
2024-08-26,215.1441
2024-08-23,215.3477
2024-08-22,214.8243
2024-08-21,215.2626
2024-08-20,214.4197
2024-08-19,213.7165
2024-08-16,212.7688
2024-08-15,212.4161
2024-08-14,212.2346
2024-08-13,213.3772
2024-08-12,213.9611
2024-08-09,215.6949
2024-08-08,217.347
2024-08-07,219.2951
2024-08-06,222.1935
2024-08-05,224.4623
2024-08-02,227.1552
2024-08-01,229.2063
2024-07-31,230.5059
2024-07-30,230.3412
2024-07-29,231.154
2024-07-26,231.0544
2024-07-25,232.2391
2024-07-24,233.5011
2024-07-23,235.3444
2024-07-22,234.1827
2024-07-19,232.3588
2024-07-18,231.6387
2024-07-17,229.787
2024-07-16,227.8172
2024-07-15,224.7916
2024-07-12,221.8602
2024-07-11,219.0844
2024-07-10,216.7744
2024-07-09,211.8811
2024-07-08,206.5707
2024-07-05,201.6898
2024-07-03,196.4445
2024-07-02,191.187
2024-07-01,186.9688
2024-06-28,184.5592
2024-06-27,183.1571
2024-06-26,181.6557
2024-06-25,180.1068
2024-06-24,179.3444
2024-06-21,179.0038
2024-06-20,178.5821
2024-06-18,178.2676
2024-06-17,177.5736
2024-06-14,176.5351
2024-06-13,176.3798
2024-06-12,175.7387
2024-06-11,175.5755
2024-06-10,176.0929
2024-06-07,176.3353
2024-06-06,176.2148
2024-06-05,176.0332
2024-06-04,176.1419
2024-06-03,176.2863
2024-05-31,176.286
2024-05-30,176.0971
2024-05-29,175.8136
2024-05-28,175.774
2024-05-24,175.6713
2024-05-23,175.2956
2024-05-22,175.4594
2024-05-21,174.9699
2024-05-20,173.7456
2024-05-17,173.6189
2024-05-16,173.2145
2024-05-15,173.0434
2024-05-14,172.9438
2024-05-13,172.4589
2024-05-10,172.5188
2024-05-09,172.945
2024-05-08,173.0476
2024-05-07,172.8716
2024-05-06,172.3518
2024-05-03,171.0456
2024-05-02,169.9778
2024-05-01,168.9218
2024-04-30,167.7567
2024-04-29,166.1227
2024-04-26,163.183
2024-04-25,162.6454
2024-04-24,161.8523
2024-04-23,161.823
2024-04-22,163.6276
2024-04-19,165.8989
2024-04-18,167.883
2024-04-17,169.7728
2024-04-16,171.2804
2024-04-15,172.772
2024-04-12,173.9607
2024-04-11,174.2671
2024-04-10,174.232
2024-04-09,174.4922
2024-04-08,174.2409
2024-04-05,174.3736
2024-04-04,175.3708
2024-04-03,175.8193
2024-04-02,176.6024
2024-04-01,177.6521
2024-03-28,177.9082
2024-03-27,178.1311
2024-03-26,177.9523
2024-03-25,177.982
2024-03-22,178.5454
2024-03-21,179.3575
2024-03-20,180.0457
2024-03-19,180.5073
2024-03-18,181.4744
2024-03-15,182.2822
2024-03-14,184.2519
2024-03-13,186.5416
2024-03-12,188.3376
2024-03-11,189.4742
2024-03-08,190.7062
2024-03-07,192.3237
2024-03-06,193.763
2024-03-05,195.576
2024-03-04,197.1376
2024-03-01,198.0848
2024-02-29,197.6053
2024-02-28,197.1553
2024-02-27,196.6411
2024-02-26,196.316
2024-02-23,195.9913
2024-02-22,196.4146
2024-02-21,196.3099
2024-02-20,196.472
2024-02-16,196.7574
2024-02-15,196.4214
2024-02-14,195.9973
2024-02-13,196.7644
2024-02-12,198.1059
2024-02-09,199.156
2024-02-08,199.744
2024-02-07,200.816
2024-02-06,202.2092
2024-02-05,204.0102
2024-02-02,206.426
2024-02-01,208.3751
2024-01-31,210.4293
2024-01-30,212.865
2024-01-29,215.1045
2024-01-26,217.6492
2024-01-25,221.2701
2024-01-24,225.3375
2024-01-23,227.1804
2024-01-22,229.0794
2024-01-19,231.2141
2024-01-18,233.2166
2024-01-17,235.4626
2024-01-16,237.5586
2024-01-12,239.4164
2024-01-11,241.5771
2024-01-10,243.0883
2024-01-09,244.0513
2024-01-08,245.0083
2024-01-05,245.4881
2024-01-04,246.33
2024-01-03,247.2142
2024-01-02,248.1368
2023-12-29,248.107
2023-12-28,248.0677
2023-12-27,247.5296
2023-12-26,246.0653
2023-12-22,244.9554
2023-12-21,244.157
2023-12-20,243.0682
2023-12-19,242.6396
2023-12-18,241.1048
2023-12-15,239.9496
2023-12-14,238.5232
2023-12-13,237.2046
2023-12-12,236.9851
2023-12-11,236.9825
2023-12-08,236.6922
2023-12-07,235.9398
2023-12-06,235.2345
2023-12-05,234.7992
2023-12-04,234.3865
2023-12-01,234.2608
2023-11-30,233.7799
2023-11-29,233.1167
2023-11-28,231.9563
2023-11-27,230.4023
2023-11-24,229.8046
2023-11-22,229.2104
2023-11-21,228.6841
2023-11-20,227.3666
2023-11-17,226.5
2023-11-16,225.6789
2023-11-15,224.8461
2023-11-14,222.9521
2023-11-13,221.4302
2023-11-10,221.1902
2023-11-09,221.8786
2023-11-08,223.1311
2023-11-07,223.2386
2023-11-06,223.35
2023-11-03,223.7795
2023-11-02,224.1816
2023-11-01,224.7786
2023-10-31,226.791
2023-10-30,229.5227
2023-10-27,232.9083
2023-10-26,235.6039
2023-10-25,238.7454
2023-10-24,241.5165
2023-10-23,244.1477
2023-10-20,247.5232
2023-10-19,251.2635
2023-10-18,254.5429
2023-10-17,255.7916
2023-10-16,255.8907
2023-10-13,256.0981
2023-10-12,256.6222
2023-10-11,256.3855
2023-10-10,255.6903
2023-10-09,254.8556
2023-10-06,254.3489
2023-10-05,253.6982
2023-10-04,253.0296
2023-10-03,252.1738
2023-10-02,252.7678
2023-09-29,252.8908
2023-09-28,253.1719
2023-09-27,253.8868
2023-09-26,255.296
2023-09-25,256.4724
2023-09-22,257.4706
2023-09-21,258.7959
2023-09-20,259.1218
2023-09-19,258.7567
2023-09-18,257.9416
2023-09-15,257.1691
2023-09-14,255.3564
2023-09-13,253.1792
2023-09-12,251.2717
2023-09-11,249.5656
2023-09-08,247.0378
2023-09-07,246.8839
2023-09-06,246.399
2023-09-05,245.8178
2023-09-01,244.6945
2023-08-31,244.6612
2023-08-30,243.2487
2023-08-29,241.8118
2023-08-28,240.1941
2023-08-25,240.3387
2023-08-24,240.5228
2023-08-23,241.6262
2023-08-22,242.1279
2023-08-21,243.0688
2023-08-18,244.3097
2023-08-17,247.3434
2023-08-16,250.3037
2023-08-15,252.9041
2023-08-14,255.0035
2023-08-11,256.608
2023-08-10,258.0773
2023-08-09,259.4181
2023-08-08,261.2316
2023-08-07,262.4454
2023-08-04,263.6028
2023-08-03,264.6284
2023-08-02,265.1872
2023-08-01,266.3532
2023-07-31,266.9093
2023-07-28,266.8545
2023-07-27,266.8981
2023-07-26,268.0758
2023-07-25,268.468
2023-07-24,268.8036
2023-07-21,268.7766
2023-07-20,269.6984
2023-07-19,270.414
2023-07-18,268.2197
2023-07-17,265.5754
2023-07-14,262.9644
2023-07-13,261.0259
2023-07-12,259.2497
2023-07-11,257.9087
2023-07-10,256.658
2023-07-07,255.2946
2023-07-06,253.2804
2023-07-05,250.832
2023-07-03,247.5006
2023-06-30,244.0986
2023-06-29,242.2384
2023-06-28,240.6319
2023-06-27,238.989
2023-06-26,237.8078
2023-06-23,237.4665
2023-06-22,235.4525
2023-06-21,232.3833
2023-06-20,229.5331
2023-06-16,224.805
2023-06-15,221.0434
2023-06-14,217.3743
2023-06-13,213.2253
2023-06-12,208.4374
2023-06-09,204.0803
2023-06-08,199.8361
2023-06-07,196.1494
2023-06-06,193.1578
2023-06-05,190.1944
2023-06-02,187.3085
2023-06-01,184.502
2023-05-31,182.0791
2023-05-30,179.779
2023-05-26,177.5284
2023-05-25,175.8819
2023-05-24,174.9779
2023-05-23,174.1439
2023-05-22,172.9201
2023-05-19,171.2412
2023-05-18,170.3045
2023-05-17,169.6113
2023-05-16,169.1641
2023-05-15,169.4424
2023-05-12,169.7679
2023-05-11,169.9561
2023-05-10,169.7325
2023-05-09,169.8581
2023-05-08,169.9326
2023-05-05,169.7371
2023-05-04,169.7031
2023-05-03,170.5981
2023-05-02,171.6495
2023-05-01,172.8432
2023-04-28,174.0024
2023-04-27,175.0227
2023-04-26,176.584
2023-04-25,178.9876
2023-04-24,180.9158
2023-04-21,182.849
2023-04-20,184.7194
2023-04-19,187.0068
2023-04-18,187.6822
2023-04-17,188.0372
2023-04-14,188.1421
2023-04-13,188.4729
2023-04-12,188.7437
2023-04-11,189.6073
2023-04-10,189.9038
2023-04-06,190.4716
2023-04-05,191.0412
2023-04-04,191.6224
2023-04-03,191.5216
2023-03-31,191.1797
2023-03-30,189.466
2023-03-29,188.8539
2023-03-28,188.3249
2023-03-27,188.2338
2023-03-24,187.8574
2023-03-23,187.5887
2023-03-22,187.1012
2023-03-21,186.675
2023-03-20,185.5271
2023-03-17,185.7668
2023-03-16,186.3601
2023-03-15,186.5949
2023-03-14,187.2417
2023-03-13,187.6608
2023-03-10,189.0483
2023-03-09,190.6913
2023-03-08,192.5619
2023-03-07,193.6737
2023-03-06,194.3015
2023-03-03,194.3532
2023-03-02,193.9914
2023-03-01,194.3169
2023-02-28,193.4271
2023-02-27,192.1341
2023-02-24,190.503
2023-02-23,189.8317
2023-02-22,188.5435
2023-02-21,187.247
2023-02-17,186.1814
2023-02-16,183.8521
2023-02-15,181.9376
2023-02-14,178.5373
2023-02-13,175.3044
2023-02-10,173.2691
2023-02-09,170.7826
2023-02-08,166.9366
2023-02-07,163.3205
2023-02-06,159.7952
2023-02-03,156.1147
2023-02-02,152.55
2023-02-01,148.79
2023-01-31,145.3563
2023-01-30,142.4233
2023-01-27,139.872
2023-01-26,135.8691
2023-01-25,133.3006
2023-01-24,132.129
2023-01-23,130.891
2023-01-20,129.5375
2023-01-19,129.1288
2023-01-18,129.335
2023-01-17,129.3934
2023-01-13,129.1727
2023-01-12,129.8856
2023-01-11,130.5515
2023-01-10,131.3232
2023-01-09,132.6362
2023-01-06,133.9905
2023-01-05,136.1937
2023-01-04,138.9151
2023-01-03,141.5757
2022-12-30,145.0994
2022-12-29,147.4068
2022-12-28,150.1001
2022-12-27,154.0359
2022-12-23,158.766
2022-12-22,162.515
2022-12-21,166.4271
2022-12-20,169.4647
2022-12-19,172.7979
2022-12-16,175.2113
2022-12-15,177.8409
2022-12-14,179.9642
2022-12-13,182.4025
2022-12-12,184.6607
2022-12-09,186.4334
2022-12-08,187.2106
2022-12-07,188.6601
2022-12-06,190.1991
2022-12-05,191.2916
2022-12-02,192.2223
2022-12-01,191.9447
2022-11-30,191.6547
2022-11-29,191.3341
2022-11-28,192.4398
2022-11-25,193.4419
2022-11-23,194.5558
2022-11-22,195.7511
2022-11-21,198.4712
2022-11-18,201.6924
2022-11-17,203.9558
2022-11-16,206.1438
2022-11-15,208.1674
2022-11-14,209.6144
2022-11-11,211.5791
2022-11-10,213.2222
2022-11-09,215.5908
2022-11-08,219.5909
2022-11-07,222.5689
2022-11-04,225.252
2022-11-03,227.1237
2022-11-02,228.3673
2022-11-01,229.7765
2022-10-31,229.9824
2022-10-28,230.2395
2022-10-27,230.4205
2022-10-26,230.9816
2022-10-25,231.6492
2022-10-24,232.6212
2022-10-21,234.8708
2022-10-20,237.0214
2022-10-19,240.1521
2022-10-18,242.0586
2022-10-17,244.3606
2022-10-14,246.9933
2022-10-13,251.4147
2022-10-12,254.5404
2022-10-11,258.4668
2022-10-10,262.8843
2022-10-07,267.0869
2022-10-06,271.7202
2022-10-05,275.2561
2022-10-04,278.882
2022-10-03,281.9811
2022-09-30,286.1475
2022-09-29,288.3473
2022-09-28,290.467
2022-09-27,290.7467
2022-09-26,291.5684
2022-09-23,293.2062
2022-09-22,295.0879
2022-09-21,295.7719
2022-09-20,295.2426
2022-09-19,293.8229
2022-09-16,292.2179
2022-09-15,291.0461
2022-09-14,289.7089
2022-09-13,288.3508
2022-09-12,287.953
2022-09-09,286.2197
2022-09-08,284.8028
2022-09-07,284.3336
2022-09-06,284.4003
2022-09-02,285.4509
2022-09-01,287.0552
2022-08-31,288.0968
2022-08-30,289.4111
2022-08-29,290.6439
2022-08-26,291.2569
2022-08-25,291.5903
2022-08-24,291.1188
2022-08-23,290.4895
2022-08-22,289.8617
2022-08-19,289.8563
2022-08-18,289.1394
2022-08-17,287.6941
2022-08-16,285.978
2022-08-15,283.8112
2022-08-12,281.126
2022-08-11,279.1361
2022-08-10,278.3473
2022-08-09,276.6621
2022-08-08,275.9599
2022-08-05,274.4374
2022-08-04,272.9919
2022-08-03,269.2401
2022-08-02,265.2237
2022-08-01,261.5012
2022-07-29,257.7354
2022-07-28,253.5865
2022-07-27,250.7114
2022-07-26,248.1736
2022-07-25,247.0488
2022-07-22,244.7977
2022-07-21,241.9087
2022-07-20,238.7721
2022-07-19,237.8534
2022-07-18,237.0453
2022-07-15,236.6768
2022-07-14,236.3199
2022-07-13,236.1101
2022-07-12,236.0122
2022-07-11,236.3219
2022-07-08,236.5302
2022-07-07,235.032
2022-07-06,234.0308
2022-07-05,234.2726
2022-07-01,234.3995
2022-06-30,235.1507
2022-06-29,236.2747
2022-06-28,237.0941
2022-06-27,237.5605
2022-06-24,236.7858
2022-06-23,235.8468
2022-06-22,235.9285
2022-06-21,235.9119
2022-06-17,235.7935
2022-06-16,237.797
2022-06-15,240.3967
2022-06-14,241.1753
2022-06-13,243.3106
2022-06-10,246.2131
2022-06-09,247.685
2022-06-08,248.5248
2022-06-07,249.2257
2022-06-06,250.314
2022-06-03,251.5808
2022-06-02,253.377
2022-06-01,252.8553
2022-05-31,253.4937
2022-05-27,253.5717
2022-05-26,253.6097
2022-05-25,255.4728
2022-05-24,259.2489
2022-05-23,264.4976
2022-05-20,268.6587
2022-05-19,273.6439
2022-05-18,277.5566
2022-05-17,281.8674
2022-05-16,284.8145
2022-05-13,289.3785
2022-05-12,292.8363
2022-05-11,298.1173
2022-05-10,303.7436
2022-05-09,307.6451
2022-05-06,312.4109
2022-05-05,314.9226
2022-05-04,317.4309
2022-05-03,317.4194
2022-05-02,318.9285
2022-04-29,320.8178
2022-04-28,324.0351
2022-04-27,327.3542
2022-04-26,330.8824
2022-04-25,334.9605
2022-04-22,335.2013
2022-04-21,335.2207
2022-04-20,335.1113
2022-04-19,336.0985
2022-04-18,335.4018
2022-04-14,335.469
2022-04-13,336.2202
2022-04-12,335.7391
2022-04-11,336.4503
2022-04-08,337.6229
2022-04-07,337.1801
2022-04-06,335.5759
2022-04-05,334.2063
2022-04-04,331.0961
2022-04-01,325.7571
2022-03-31,321.9915
2022-03-30,318.0748
2022-03-29,313.1708
2022-03-28,307.5547
2022-03-25,301.6187
2022-03-24,297.907
2022-03-23,293.6895
2022-03-22,289.5477
2022-03-21,285.1499
2022-03-18,282.8443
2022-03-17,280.8493
2022-03-16,279.83
2022-03-15,279.804
2022-03-14,281.1206
2022-03-11,283.822
2022-03-10,285.791
2022-03-09,286.4602
2022-03-08,286.4746
2022-03-07,287.7036
2022-03-04,289.7573
2022-03-03,290.8443
2022-03-02,292.0108
2022-03-01,291.8754
2022-02-28,292.2704
2022-02-25,292.4943
2022-02-24,294.8666
2022-02-23,297.808
2022-02-22,302.3478
2022-02-18,305.3483
2022-02-17,307.4208
2022-02-16,309.0317
2022-02-15,309.1617
2022-02-14,309.3391
2022-02-11,311.1727
2022-02-10,313.7523
2022-02-09,315.0402
2022-02-08,315.5006
2022-02-07,316.3603
2022-02-04,317.8249
2022-02-03,318.8829
2022-02-02,321.1815
2022-02-01,323.2125
2022-01-31,324.5595
2022-01-28,325.8563
2022-01-27,330.4604
2022-01-26,336.1545
2022-01-25,338.6476
2022-01-24,342.0702
2022-01-21,345.446
2022-01-20,348.6894
2022-01-19,350.4367
2022-01-18,352.3897
2022-01-14,353.3251
2022-01-13,353.6888
2022-01-12,354.7241
2022-01-11,353.2488
2022-01-10,353.0855
2022-01-07,353.1254
2022-01-06,354.2628
2022-01-05,354.1957
2022-01-04,353.2998
2022-01-03,350.1527
2021-12-31,344.9134
2021-12-30,344.1401
2021-12-29,342.8095
2021-12-28,340.7828
2021-12-27,338.4628
2021-12-23,335.7066
2021-12-22,333.6055
2021-12-21,333.3229
2021-12-20,335.4787
2021-12-17,339.2154
2021-12-16,342.2005
2021-12-15,345.6981
2021-12-14,347.8421
2021-12-13,350.8251
2021-12-10,353.845
2021-12-09,355.4066
2021-12-08,357.5967
2021-12-07,357.7311
2021-12-06,358.4835
2021-12-03,360.8147
2021-12-02,363.1823
2021-12-01,363.3558
2021-11-30,363.1828
2021-11-29,361.2455
2021-11-26,359.377
2021-11-24,359.244
2021-11-23,357.9013
2021-11-22,356.6618
2021-11-19,353.6132
2021-11-18,350.9388
2021-11-17,349.4102
2021-11-16,347.9794
2021-11-15,347.6007
2021-11-12,348.6327
2021-11-11,349.0706
2021-11-10,348.4987
2021-11-09,347.7108
2021-11-08,348.3997
2021-11-05,344.2684
2021-11-04,337.6269
2021-11-03,330.0118
2021-11-02,322.1583
2021-11-01,314.9469
2021-10-29,305.6925
2021-10-28,298.783
2021-10-27,292.4429
2021-10-26,286.8103
2021-10-25,281.2664
2021-10-22,274.9134
2021-10-21,271.9331
2021-10-20,269.1892
2021-10-19,267.146
2021-10-18,264.9413
2021-10-15,262.2997
2021-10-14,260.3302
2021-10-13,259.0204
2021-10-12,257.8268
2021-10-11,256.6956
2021-10-08,255.9288
2021-10-07,255.3076
2021-10-06,254.3361
2021-10-05,253.6434
2021-10-04,252.9536
2021-10-01,252.1582
2021-09-30,251.5005
2021-09-29,250.7644
2021-09-28,249.7463
2021-09-27,248.7525
2021-09-24,247.17
2021-09-23,246.0163
2021-09-22,245.4693
2021-09-21,244.9243
2021-09-20,244.7626
2021-09-17,244.9071
2021-09-16,244.038
2021-09-15,243.1652
2021-09-14,242.2412
2021-09-13,241.6178
2021-09-10,240.9811
2021-09-09,240.5134
2021-09-08,239.3443
2021-09-07,238.0869
2021-09-03,236.7304
2021-09-02,235.9101
2021-09-01,235.0449
2021-08-31,234.0289
2021-08-30,232.8488
2021-08-27,231.7132
2021-08-26,231.1244
2021-08-25,230.8512
2021-08-24,230.197
2021-08-23,229.5689
2021-08-20,228.9516
2021-08-19,229.183
2021-08-18,229.677
2021-08-17,229.6784
2021-08-16,230.4969
2021-08-13,230.6836
2021-08-12,229.8022
2021-08-11,228.6498
2021-08-10,227.8824
2021-08-09,226.9581
2021-08-06,225.8042
2021-08-05,225.0432
2021-08-04,223.6573
2021-08-03,222.2556
2021-08-02,220.7478
2021-07-30,219.0837
2021-07-29,218.0328
2021-07-28,217.217
2021-07-27,217.3809
2021-07-26,217.6392
2021-07-23,217.4742
2021-07-22,217.7915
2021-07-21,217.9359
2021-07-20,217.8838
2021-07-19,217.6435
2021-07-16,217.879
2021-07-15,218.2094
2021-07-14,218.3508
2021-07-13,218.4094
2021-07-12,217.9424
2021-07-09,216.824
2021-07-08,216.5967
2021-07-07,216.4908
2021-07-06,216.66
2021-07-02,216.3231
2021-07-01,215.2729
2021-06-30,214.1466
2021-06-29,212.8392
2021-06-28,211.357
2021-06-25,209.4395
2021-06-24,207.9113
2021-06-23,205.9434
2021-06-22,204.5841
2021-06-21,204.2347
2021-06-18,203.9496
2021-06-17,203.5475
2021-06-16,203.3384
2021-06-15,203.519
2021-06-14,203.9118
2021-06-11,203.7029
2021-06-10,203.7457
2021-06-09,203.7849
2021-06-08,204.2261
2021-06-07,204.545
2021-06-04,204.8434
2021-06-03,205.3865
2021-06-02,206.9065
2021-06-01,207.4539
2021-05-28,207.3999
2021-05-27,207.2939
2021-05-26,206.9793
2021-05-25,207.0427
2021-05-24,207.6195
2021-05-21,208.1956
2021-05-20,209.7291
2021-05-19,211.2171
2021-05-18,213.68
2021-05-17,215.8964
2021-05-14,218.3827
2021-05-13,220.6778
2021-05-12,223.8477
2021-05-11,226.7127
2021-05-10,228.9211
2021-05-07,230.9464
2021-05-06,231.6647
2021-05-05,232.7683
2021-05-04,233.7285
2021-05-03,234.6964
2021-04-30,235.3697
2021-04-29,235.2528
2021-04-28,236.2619
2021-04-27,236.7667
2021-04-26,236.9618
2021-04-23,236.0033
2021-04-22,235.2528
2021-04-21,234.764
2021-04-20,233.3665
2021-04-19,232.7037
2021-04-16,232.1241
2021-04-15,230.601
2021-04-14,228.9502
2021-04-13,227.358
2021-04-12,224.5423
2021-04-09,223.5475
2021-04-08,223.3237
2021-04-07,222.8385
2021-04-06,222.7524
2021-04-05,221.9326
2021-04-01,221.0466
2021-03-31,221.0953
2021-03-30,220.9324
2021-03-29,221.886
2021-03-26,223.7936
2021-03-25,225.6417
2021-03-24,226.9237
2021-03-23,228.6956
2021-03-22,229.5352
2021-03-19,230.188
2021-03-18,231.4404
2021-03-17,232.8847
2021-03-16,232.774
2021-03-15,233.5263
2021-03-12,233.268
2021-03-11,233.4811
2021-03-10,233.5107
2021-03-09,234.6501
2021-03-08,235.7157
2021-03-05,240.7735
2021-03-04,245.1374
2021-03-03,249.1364
2021-03-02,252.442
2021-03-01,254.9293
2021-02-26,256.5559
2021-02-25,259.86
2021-02-24,263.2761
2021-02-23,264.9536
2021-02-22,268.3228
2021-02-19,271.4971
2021-02-18,272.6617
2021-02-17,273.7355
2021-02-16,274.5445
2021-02-12,275.5064
2021-02-11,275.8713
2021-02-10,276.4311
2021-02-09,277.2898
2021-02-08,276.6726
2021-02-05,275.5006
2021-02-04,274.5978
2021-02-03,273.6787
2021-02-02,272.4978
2021-02-01,270.5576
2021-01-29,269.5703
2021-01-28,270.103
2021-01-27,269.2216
2021-01-26,267.2393
2021-01-25,264.3841
2021-01-22,261.3088
2021-01-21,259.1083
2021-01-20,256.7341
2021-01-19,253.9183
2021-01-15,251.0133
2021-01-14,248.4476
2021-01-13,244.9509
2021-01-12,240.7559
2021-01-11,236.2937
2021-01-08,232.7039
2021-01-07,226.3212
2021-01-06,221.5115
2021-01-05,218.3029
2021-01-04,215.4888
2020-12-31,212.5659
2020-12-30,210.1809
2020-12-29,207.9269
2020-12-28,206.4459
2020-12-24,204.8897
2020-12-23,203.237
2020-12-22,201.9644
2020-12-21,200.7557
2020-12-18,199.0858
2020-12-17,195.6562
2020-12-16,193.2376
2020-12-15,191.7268
2020-12-14,189.6893
2020-12-11,187.2064
2020-12-10,185.5092
2020-12-09,183.034
2020-12-08,181.0909
2020-12-07,177.3503
2020-12-04,173.5009
2020-12-03,170.7452
2020-12-02,167.898
2020-12-01,165.6129
2020-11-30,162.528
2020-11-27,159.7204
2020-11-25,155.9801
2020-11-24,152.2587
2020-11-23,148.7989
2020-11-20,146.1514
2020-11-19,144.3564
2020-11-18,142.0336
2020-11-17,139.9094
2020-11-16,139.1417
2020-11-13,139.4692
2020-11-12,139.8168
2020-11-11,140.0867
2020-11-10,140.1965
2020-11-09,140.5554
2020-11-06,140.5697
2020-11-05,140.2805
2020-11-04,139.6753
2020-11-03,139.6068
2020-11-02,139.4285
2020-10-30,140.0522
2020-10-29,141.1791
2020-10-28,141.625
2020-10-27,142.2866
2020-10-26,142.3631
2020-10-23,142.602
2020-10-22,142.8538
2020-10-21,142.951
2020-10-20,143.169
2020-10-19,143.4345
2020-10-16,143.4161
2020-10-15,143.0855
2020-10-14,142.3969
2020-10-13,141.2001
2020-10-12,140.3913
2020-10-09,139.6501
2020-10-08,139.122
2020-10-07,138.8219
2020-10-06,138.5119
2020-10-05,138.5665
2020-10-02,138.2163
2020-10-01,138.2008
2020-09-30,137.0234
2020-09-29,136.3939
2020-09-28,136.0469
2020-09-25,135.5887
2020-09-24,135.5686
2020-09-23,136.2323
2020-09-22,137.2266
2020-09-21,136.7862
2020-09-18,135.4167
2020-09-17,134.157
2020-09-16,133.4216
2020-09-15,131.9657
2020-09-14,130.0758
2020-09-11,129.0444
2020-09-10,129.5502
2020-09-09,130.1575
2020-09-08,131.0064
2020-09-04,133.2102
2020-09-03,132.5545
2020-09-02,132.2269
2020-09-01,130.4483
2020-08-31,127.5113
2020-08-28,123.4486
2020-08-27,120.9106
2020-08-26,117.9275
2020-08-25,115.2309
2020-08-24,113.1616
2020-08-21,110.9386
2020-08-20,108.2306
2020-08-19,105.5753
2020-08-18,103.5058
2020-08-17,101.1585
2020-08-14,98.925
2020-08-13,97.7543
2020-08-12,96.6688
2020-08-11,95.9338
2020-08-10,96.3873
2020-08-07,96.5784
2020-08-06,96.5501
2020-08-05,96.2601
2020-08-04,95.9715
2020-08-03,95.6387
2020-07-31,95.2849
2020-07-30,95.2745
2020-07-29,94.8648
2020-07-28,94.3305
2020-07-27,93.8987
2020-07-24,92.9786
2020-07-23,92.8219
2020-07-22,91.9746
2020-07-21,90.4819
2020-07-20,89.0003
2020-07-17,86.8389
2020-07-16,85.4477
2020-07-15,83.9114
2020-07-14,81.8949
2020-07-13,79.8713
2020-07-10,77.7731
2020-07-09,75.1201
2020-07-08,73.243
2020-07-07,71.3677
2020-07-06,69.1267
2020-07-02,66.778
2020-07-01,65.3255
2020-06-30,64.3448
2020-06-29,63.5403
2020-06-26,63.1456
2020-06-25,63.0575
2020-06-24,62.776
2020-06-23,62.6412
2020-06-22,62.205
2020-06-19,61.7752
2020-06-18,61.2539
2020-06-17,60.6564
2020-06-16,60.0813
2020-06-15,59.5136
2020-06-12,58.8245
2020-06-11,58.4531
2020-06-10,57.7792
2020-06-09,56.6678
2020-06-08,56.0317
2020-06-05,55.2636
2020-06-04,54.8657
2020-06-03,54.5752
2020-06-02,54.1238
2020-06-01,53.6346
2020-05-29,52.9779
2020-05-28,52.6949
2020-05-27,52.5869
2020-05-26,52.3664
2020-05-22,52.1322
2020-05-21,51.8873
2020-05-20,51.5414
2020-05-19,51.2436
2020-05-18,50.9674
2020-05-15,50.6227
2020-05-14,50.3432
2020-05-13,50.0051
2020-05-12,49.7182
2020-05-11,49.2716
2020-05-08,48.7648
2020-05-07,48.1477
2020-05-06,47.7419
2020-05-05,47.2755
2020-05-04,46.861
2020-05-01,46.452
2020-04-30,46.4202
2020-04-29,45.8196
2020-04-28,45.0251
2020-04-27,44.3673
2020-04-24,43.4322
2020-04-23,42.9153
2020-04-22,42.4809
2020-04-21,41.8149
2020-04-20,41.3974
2020-04-17,40.5174
2020-04-16,39.492
2020-04-15,38.4195
2020-04-14,37.342
2020-04-13,36.2911
2020-04-09,35.5431
2020-04-08,35.2635
2020-04-07,35.1239
2020-04-06,34.9934
2020-04-03,35.0542
2020-04-02,35.3756
2020-04-01,35.9101
2020-03-31,36.3108
2020-03-30,36.4558
2020-03-27,36.7695
2020-03-26,37.0304
2020-03-25,37.222
2020-03-24,37.3559
2020-03-23,37.7442
2020-03-20,38.6696
2020-03-19,39.7399
2020-03-18,40.9221
2020-03-17,42.6948
2020-03-16,44.17
2020-03-13,45.6962
2020-03-12,46.6704
2020-03-11,47.6494
2020-03-10,48.2144
2020-03-09,48.761
2020-03-06,49.627
2020-03-05,49.9142
2020-03-04,50.0838
2020-03-03,50.0962
2020-03-02,50.1378
2020-02-28,50.1971
2020-02-27,50.7934
2020-02-26,51.3751
2020-02-25,51.3178
2020-02-24,51.1062
2020-02-21,50.6347
2020-02-20,49.6418
2020-02-19,48.5556
2020-02-18,47.2287
2020-02-14,46.1763
2020-02-13,45.4227
2020-02-12,44.5619
2020-02-11,43.8682
2020-02-10,43.0516
2020-02-07,42.1709
2020-02-06,41.3603
2020-02-05,40.4582
2020-02-04,39.5612
2020-02-03,37.5005
2020-01-31,35.9742
2020-01-30,35.1956
2020-01-29,34.4035
2020-01-28,33.9478
2020-01-27,33.543
2020-01-24,33.1579
2020-01-23,32.6845
2020-01-22,32.1096
2020-01-21,31.4926
2020-01-17,30.9676
2020-01-16,30.6449
2020-01-15,30.2673
2020-01-14,29.8147
2020-01-13,29.1782
2020-01-10,28.5664
2020-01-09,28.218
2020-01-08,27.8104
2020-01-07,27.2842
2020-01-06,26.8646
2020-01-03,26.5238
2020-01-02,26.2069
2019-12-31,25.9462
2019-12-30,25.7417
2019-12-27,25.5412
2019-12-26,25.2095
2019-12-24,24.839
2019-12-23,24.4694
2019-12-20,24.1032
2019-12-19,23.7942
2019-12-18,23.4635
2019-12-17,23.1743
2019-12-16,22.9542
2019-12-13,22.6932
2019-12-12,22.5669
2019-12-11,22.4183
2019-12-10,22.3031
2019-12-09,22.2028
2019-12-06,22.1572
2019-12-05,22.1325
2019-12-04,22.1438
2019-12-03,22.1377
2019-12-02,22.1087
2019-11-29,22.0859
2019-11-27,22.0954
2019-11-26,22.0964
2019-11-25,22.1141
2019-11-22,22.0816
2019-11-21,22.0689
2019-11-20,21.9019
2019-11-19,21.7357
2019-11-18,21.5007
2019-11-15,21.3078
2019-11-14,21.0794
2019-11-13,20.8467
2019-11-12,20.6122
2019-11-11,20.3263
2019-11-08,20.0442
2019-11-07,19.7882
2019-11-06,19.5166
2019-11-05,19.2791
2019-11-04,19.0824
2019-11-01,18.8632
2019-10-31,18.6502
2019-10-30,18.4034
2019-10-29,18.13
2019-10-28,17.8193
2019-10-25,17.3953
2019-10-24,16.9237
2019-10-23,16.6022
2019-10-22,16.5625
2019-10-21,16.5124
2019-10-18,16.4716
2019-10-17,16.4023
2019-10-16,16.2905
2019-10-15,16.1825
2019-10-14,16.0761
2019-10-11,15.9651
2019-10-10,15.9061
2019-10-09,15.8629
2019-10-08,15.8167
2019-10-07,15.7971
2019-10-04,15.7917
2019-10-03,15.8299
2019-10-02,15.8609
2019-10-01,15.8243
2019-09-30,15.7729
2019-09-27,15.7429
2019-09-26,15.7009
2019-09-25,15.6515
2019-09-24,15.6941
2019-09-23,15.7797
2019-09-20,15.7479
2019-09-19,15.717
2019-09-18,15.6409
2019-09-17,15.5786
2019-09-16,15.5006
2019-09-13,15.4283
2019-09-12,15.3316
2019-09-11,15.2201
2019-09-10,15.0882
2019-09-09,15.0235
2019-09-06,14.9783
2019-09-05,14.9588
2019-09-04,14.9223
2019-09-03,14.9445
2019-08-30,14.9386
2019-08-29,14.9278
2019-08-28,14.9433
2019-08-27,15.0034
2019-08-26,15.0804
2019-08-23,15.159
2019-08-22,15.2712
2019-08-21,15.3197
2019-08-20,15.3827
2019-08-19,15.4169
2019-08-16,15.4479
2019-08-15,15.5306
2019-08-14,15.6521
2019-08-13,15.7585
2019-08-12,15.7682
2019-08-09,15.8209
2019-08-08,15.8371
2019-08-07,15.8319
2019-08-06,15.8604
2019-08-05,15.9106
2019-08-02,15.9831
2019-08-01,16.0211
2019-07-31,16.0664
2019-07-30,16.0621
2019-07-29,16.0528
2019-07-26,16.0881
2019-07-25,16.1813
2019-07-24,16.2788
2019-07-23,16.1336
2019-07-22,16.0061
2019-07-19,15.8967
2019-07-18,15.7582
2019-07-17,15.6378
2019-07-16,15.4954
2019-07-15,15.3554
2019-07-12,15.1928
2019-07-11,15.0721
2019-07-10,14.9843
2019-07-09,14.885
2019-07-08,14.8373
2019-07-05,14.7827
2019-07-03,14.703
2019-07-02,14.6023
2019-07-01,14.5636
2019-06-28,14.5024
2019-06-27,14.4608
2019-06-26,14.4193
2019-06-25,14.3983
2019-06-24,14.3718
2019-06-21,14.3152
2019-06-20,14.2651
2019-06-19,14.2255
2019-06-18,14.134
2019-06-17,14.0446
2019-06-14,13.9439
2019-06-13,13.9034
2019-06-12,13.8658
2019-06-11,13.8569
2019-06-10,13.792
2019-06-07,13.7499
2019-06-06,13.7622
2019-06-05,13.7656
2019-06-04,13.835
2019-06-03,13.9327
2019-05-31,14.1434
2019-05-30,14.3328
2019-05-29,14.5207
2019-05-28,14.7168
2019-05-24,14.9417
2019-05-23,15.1768
2019-05-22,15.4025
2019-05-21,15.6713
2019-05-20,15.8818
2019-05-17,16.1124
2019-05-16,16.3275
2019-05-15,16.4439
2019-05-14,16.5471
2019-05-13,16.6587
2019-05-10,16.8192
2019-05-09,16.9088
2019-05-08,16.9906
2019-05-07,17.0609
2019-05-06,17.123
2019-05-03,17.1336
2019-05-02,17.1474
2019-05-01,17.2394
2019-04-30,17.4119
2019-04-29,17.5697
2019-04-26,17.7246
2019-04-25,17.9403
2019-04-24,18.091
2019-04-23,18.1801
2019-04-22,18.2419
2019-04-18,18.3183
2019-04-17,18.3289
2019-04-16,18.3549
2019-04-15,18.3686
2019-04-12,18.4329
2019-04-11,18.4946
2019-04-10,18.5577
2019-04-09,18.5739
2019-04-08,18.6181
2019-04-05,18.6607
2019-04-04,18.6954
2019-04-03,18.7842
2019-04-02,18.7137
2019-04-01,18.6774
2019-03-29,18.6141
2019-03-28,18.6096
2019-03-27,18.6132
2019-03-26,18.6439
2019-03-25,18.7273
2019-03-22,18.8711
2019-03-21,19.0012
2019-03-20,19.0784
2019-03-19,19.1666
2019-03-18,19.3072
2019-03-15,19.4483
2019-03-14,19.5627
2019-03-13,19.5871
2019-03-12,19.6211
2019-03-11,19.698
2019-03-08,19.7299
2019-03-07,19.8128
2019-03-06,19.9574
2019-03-05,20.1196
2019-03-04,20.2969
2019-03-01,20.4309
2019-02-28,20.5128
2019-02-27,20.4272
2019-02-26,20.3688
2019-02-25,20.4226
2019-02-22,20.4757
2019-02-21,20.5629
2019-02-20,20.6837
2019-02-19,20.7377
2019-02-15,20.7758
2019-02-14,20.8022
2019-02-13,20.8601
2019-02-12,20.8933
2019-02-11,20.9045
2019-02-08,20.9096
2019-02-07,20.9647
2019-02-06,21.0135
2019-02-05,20.9993
2019-02-04,20.9547
2019-02-01,20.9647
2019-01-31,20.9806
2019-01-30,21.0346
2019-01-29,21.0819
2019-01-28,21.2136
2019-01-25,21.3668
2019-01-24,21.5314
2019-01-23,21.7522
2019-01-22,22.0238
2019-01-18,22.2444
2019-01-17,22.4647
2019-01-16,22.3922
2019-01-15,22.3208
2019-01-14,22.2534
2019-01-11,22.2491
2019-01-10,22.1542
2019-01-09,22.0654
2019-01-08,22.0125
2019-01-07,21.9762
2019-01-04,21.9389
2019-01-03,22.0189
2019-01-02,22.2289
2018-12-31,22.3925
2018-12-28,22.4141
2018-12-27,22.4306
2018-12-26,22.5732
2018-12-24,22.661
2018-12-21,22.9734
2018-12-20,23.1477
2018-12-19,23.3711
2018-12-18,23.4946
2018-12-17,23.6026
2018-12-14,23.642
2018-12-13,23.5643
2018-12-12,23.4006
2018-12-11,23.2912
2018-12-10,23.1691
2018-12-07,23.0455
2018-12-06,22.9593
2018-12-04,22.8282
2018-12-03,22.707
2018-11-30,22.5815
2018-11-29,22.499
2018-11-28,22.4731
2018-11-27,22.3975
2018-11-26,22.3417
2018-11-23,22.2654
2018-11-21,22.3226
2018-11-20,22.2991
2018-11-19,22.2078
2018-11-16,22.065
2018-11-15,21.9012
2018-11-14,21.7614
2018-11-13,21.6381
2018-11-12,21.5387
2018-11-09,21.4812
2018-11-08,21.2826
2018-11-07,21.0569
2018-11-06,20.8302
2018-11-05,20.6295
2018-11-02,20.4052
2018-11-01,20.1222
2018-10-31,19.8243
2018-10-30,19.5439
2018-10-29,19.286
2018-10-26,18.9663
2018-10-25,18.6407
2018-10-24,18.3933
2018-10-23,18.3049
2018-10-22,18.1676
2018-10-19,18.2487
2018-10-18,18.3451
2018-10-17,18.4242
2018-10-16,18.4563
2018-10-15,18.4581
2018-10-12,18.5794
2018-10-11,18.7191
2018-10-10,18.9195
2018-10-09,19.1084
2018-10-08,19.2756
2018-10-05,19.5462
2018-10-04,19.7655
2018-10-03,19.8683
2018-10-02,19.891
2018-10-01,19.8723
2018-09-28,19.7838
2018-09-27,20.0083
2018-09-26,19.9564
2018-09-25,19.8845
2018-09-24,19.8654
2018-09-21,19.8535
2018-09-20,19.8444
2018-09-19,19.8397
2018-09-18,19.8297
2018-09-17,19.9174
2018-09-14,19.9449
2018-09-13,19.9728
2018-09-12,20.0439
2018-09-11,20.1149
2018-09-10,20.2712
2018-09-07,20.4015
2018-09-06,20.7018
2018-09-05,20.9093
2018-09-04,21.1402
2018-08-31,21.3378
2018-08-30,21.467
2018-08-29,21.5993
2018-08-28,21.7324
2018-08-27,21.8316
2018-08-24,21.8892
2018-08-23,21.9279
2018-08-22,21.9898
2018-08-21,22.0473
2018-08-20,22.1092
2018-08-17,22.272
2018-08-16,22.4725
2018-08-15,22.484
2018-08-14,22.474
2018-08-13,22.4001
2018-08-10,22.2569
2018-08-09,22.105
2018-08-08,21.9585
2018-08-07,21.6711
2018-08-06,21.2886
2018-08-03,21.1296
2018-08-02,20.9104
2018-08-01,20.6586
2018-07-31,20.722
2018-07-30,20.8111
2018-07-27,20.9655
2018-07-26,21.0869
2018-07-25,21.1546
2018-07-24,21.2148
2018-07-23,21.3607
2018-07-20,21.4815
2018-07-19,21.5422
2018-07-18,21.5625
2018-07-17,21.5596
2018-07-16,21.5646
2018-07-13,21.6584
2018-07-12,21.7005
2018-07-11,21.7623
2018-07-10,21.8147
2018-07-09,21.8481
2018-07-06,21.9127
2018-07-05,22.0516
2018-07-03,22.2033
2018-07-02,22.359
2018-06-29,22.3612
2018-06-28,22.3083
2018-06-27,22.2009
2018-06-26,22.1203
2018-06-25,22.0488
2018-06-22,22.0328
2018-06-21,22.0107
2018-06-20,21.889
2018-06-19,21.6512
2018-06-18,21.4562
2018-06-15,21.1125
2018-06-14,20.8214
2018-06-13,20.5028
2018-06-12,20.2415
2018-06-11,19.9667
2018-06-08,19.738
2018-06-07,19.5865
2018-06-06,19.43
2018-06-05,19.2332
2018-06-04,19.2147
2018-06-01,19.1549
2018-05-31,19.1234
2018-05-30,19.1383
2018-05-29,19.1057
2018-05-25,19.1255
2018-05-24,19.1818
2018-05-23,19.2512
2018-05-22,19.3192
2018-05-21,19.4229
2018-05-18,19.471
2018-05-17,19.578
2018-05-16,19.6421
2018-05-15,19.6993
2018-05-14,19.7786
2018-05-11,19.8117
2018-05-10,19.7844
2018-05-09,19.7265
2018-05-08,19.6497
2018-05-07,19.5989
2018-05-04,19.5373
2018-05-03,19.5301
2018-05-02,19.5897
2018-05-01,19.5385
2018-04-30,19.4904
2018-04-27,19.4796
2018-04-26,19.4664
2018-04-25,19.5121
2018-04-24,19.5962
2018-04-23,19.6698
2018-04-20,19.7518
2018-04-19,19.7941
2018-04-18,19.7719
2018-04-17,19.7945
2018-04-16,19.8593
2018-04-13,19.9062
2018-04-12,19.8939
2018-04-11,19.9243
2018-04-10,19.9098
2018-04-09,19.8673
2018-04-06,19.9259
2018-04-05,19.923
2018-04-04,19.8748
2018-04-03,19.9533
2018-04-02,20.1762
2018-03-29,20.5282
2018-03-28,20.8215
2018-03-27,21.2043
2018-03-26,21.4771
2018-03-23,21.6033
2018-03-22,21.7613
2018-03-21,21.8828
2018-03-20,21.965
2018-03-19,22.0978
2018-03-16,22.2234
2018-03-15,22.3077
2018-03-14,22.3709
2018-03-13,22.4336
2018-03-12,22.3962
2018-03-09,22.329
2018-03-08,22.3835
2018-03-07,22.4302
2018-03-06,22.4594
2018-03-05,22.5204
2018-03-02,22.5516
2018-03-01,22.5738
2018-02-28,22.6276
2018-02-27,22.602
2018-02-26,22.5181
2018-02-23,22.3802
2018-02-22,22.2655
2018-02-21,22.18
2018-02-20,22.1758
2018-02-16,22.1608
2018-02-15,22.1392
2018-02-14,22.1253
2018-02-13,22.1925
2018-02-12,22.2572
2018-02-09,22.3844
2018-02-08,22.5623
2018-02-07,22.7251
2018-02-06,22.6962
2018-02-05,22.7416
2018-02-02,22.7977
2018-02-01,22.7852
2018-01-31,22.7328
2018-01-30,22.6393
2018-01-29,22.5956
2018-01-26,22.5212
2018-01-25,22.4859
2018-01-24,22.4834
2018-01-23,22.4228
2018-01-22,22.3074
2018-01-19,22.1885
2018-01-18,22.0678
2018-01-17,21.9727
2018-01-16,21.8494
2018-01-12,21.763
2018-01-11,21.6944
2018-01-10,21.6064
2018-01-09,21.5313
2018-01-08,21.4561
2018-01-05,21.3538
2018-01-04,21.38
2018-01-03,21.4226
2018-01-02,21.4513
2017-12-29,21.46
2017-12-28,21.5341
2017-12-27,21.5878
2017-12-26,21.6732
2017-12-22,21.728
2017-12-21,21.7331
2017-12-20,21.6933
2017-12-19,21.6682
2017-12-18,21.6255
2017-12-15,21.5239
2017-12-14,21.3794
2017-12-13,21.2587
2017-12-12,21.1173
2017-12-11,20.9469
2017-12-08,20.8437
2017-12-07,20.8264
2017-12-06,20.8345
2017-12-05,20.8293
2017-12-04,20.8906
2017-12-01,20.9479
2017-11-30,21.0018
2017-11-29,21.0452
2017-11-28,21.1023
2017-11-27,21.0951
2017-11-24,21.0925
2017-11-22,21.0983
2017-11-21,21.1255
2017-11-20,21.119
2017-11-17,21.1755
2017-11-16,21.1936
2017-11-15,21.2315
2017-11-14,21.2818
2017-11-13,21.3557
2017-11-10,21.3904
2017-11-09,21.5157
2017-11-08,21.6543
2017-11-07,21.7976
2017-11-06,21.9444
2017-11-03,22.1296
2017-11-02,22.311
2017-11-01,22.5594
2017-10-31,22.6809
2017-10-30,22.7419
2017-10-27,22.8896
2017-10-26,23.0473
2017-10-25,23.1844
2017-10-24,23.3383
2017-10-23,23.4276
2017-10-20,23.5286
2017-10-19,23.5836
2017-10-18,23.5972
2017-10-17,23.5573
2017-10-16,23.5405
2017-10-13,23.5581
2017-10-12,23.5427
2017-10-11,23.5249
2017-10-10,23.5128
2017-10-09,23.4924
2017-10-06,23.5587
2017-10-05,23.5341
2017-10-04,23.5179
2017-10-03,23.5021
2017-10-02,23.533
2017-09-29,23.6134
2017-09-28,23.7054
2017-09-27,23.8175
2017-09-26,23.9318
2017-09-25,24.0282
2017-09-22,24.1365
2017-09-21,24.2134
2017-09-20,24.1903
2017-09-19,24.1128
2017-09-18,24.0187
2017-09-15,23.8452
2017-09-14,23.6899
2017-09-13,23.5334
2017-09-12,23.4406
2017-09-11,23.3624
2017-09-08,23.2694
2017-09-07,23.309
2017-09-06,23.3022
2017-09-05,23.3373
2017-09-01,23.3406
2017-08-31,23.3034
2017-08-30,23.2589
2017-08-29,23.2287
2017-08-28,23.2362
2017-08-25,23.2565
2017-08-24,23.2621
2017-08-23,23.234
2017-08-22,23.2041
2017-08-21,23.2512
2017-08-18,23.3277
2017-08-17,23.345
2017-08-16,23.3327
2017-08-15,23.2421
2017-08-14,23.1459
2017-08-11,23.0294
2017-08-10,22.9432
2017-08-09,22.8643
2017-08-08,22.72
2017-08-07,22.5486
2017-08-04,22.4297
2017-08-03,22.2861
2017-08-02,22.1963
2017-08-01,22.2458
2017-07-31,22.3449
2017-07-28,22.427
2017-07-27,22.4364
2017-07-26,22.451
2017-07-25,22.4013
2017-07-24,22.3761
2017-07-21,22.3279
2017-07-20,22.3736
2017-07-19,22.4135
2017-07-18,22.4903
2017-07-17,22.5542
2017-07-14,22.6858
2017-07-13,22.7735
2017-07-12,22.9012
2017-07-11,22.9995
2017-07-10,23.1242
2017-07-07,23.3404
2017-07-06,23.5992
2017-07-05,23.9161
2017-07-03,24.1383
2017-06-30,24.2046
2017-06-29,24.2148
2017-06-28,24.2322
2017-06-27,24.1778
2017-06-26,24.1798
2017-06-23,24.076
2017-06-22,23.9195
2017-06-21,23.7523
2017-06-20,23.6112
2017-06-19,23.4844
2017-06-16,23.3613
2017-06-15,23.2141
2017-06-14,23.0237
2017-06-13,22.7759
2017-06-12,22.5352
2017-06-09,22.3879
2017-06-08,22.237
2017-06-07,21.9813
2017-06-06,21.7712
2017-06-05,21.5868
2017-06-02,21.4218
2017-06-01,21.2918
2017-05-31,21.1445
2017-05-30,20.9772
2017-05-26,20.8337
2017-05-25,20.745
2017-05-24,20.7054
2017-05-23,20.7079
2017-05-22,20.7553
2017-05-19,20.7622
2017-05-18,20.7664
2017-05-17,20.7554
2017-05-16,20.7921
2017-05-15,20.7561
2017-05-12,20.7242
2017-05-11,20.6264
2017-05-10,20.5302
2017-05-09,20.409
2017-05-08,20.3029
2017-05-05,20.2843
2017-05-04,20.2556
2017-05-03,20.3144
2017-05-02,20.2702
2017-05-01,20.166
2017-04-28,20.0233
2017-04-27,19.927
2017-04-26,19.8588
2017-04-25,19.7726
2017-04-24,19.6518
2017-04-21,19.5588
2017-04-20,19.4731
2017-04-19,19.4
2017-04-18,19.2981
2017-04-17,19.2225
2017-04-13,19.1306
2017-04-12,19.011
2017-04-11,18.929
2017-04-10,18.7552
2017-04-07,18.5372
2017-04-06,18.3654
2017-04-05,18.2024
2017-04-04,18.0483
2017-04-03,17.8169
2017-03-31,17.5975
2017-03-30,17.4969
2017-03-29,17.3883
2017-03-28,17.2722
2017-03-27,17.1433
2017-03-24,17.0516
2017-03-23,16.9997
2017-03-22,17.0012
2017-03-21,17.0013
2017-03-20,17.0317
2017-03-17,16.9865
2017-03-16,16.9395
2017-03-15,16.8837
2017-03-14,16.8663
2017-03-13,16.8312
2017-03-10,16.8753
2017-03-09,16.9416
2017-03-08,17.0063
2017-03-07,17.064
2017-03-06,17.1158
2017-03-03,17.1545
2017-03-02,17.1949
2017-03-01,17.2471
2017-02-28,17.3081
2017-02-27,17.3757
2017-02-24,17.4768
2017-02-23,17.5129
2017-02-22,17.5599
2017-02-21,17.489
2017-02-17,17.3833
2017-02-16,17.3028
2017-02-15,17.2368
2017-02-14,17.0879
2017-02-13,16.9149
2017-02-10,16.7263
2017-02-09,16.5976
2017-02-08,16.4556
2017-02-07,16.3486
2017-02-06,16.2626
2017-02-03,16.1655
2017-02-02,16.1035
2017-02-01,16.0333
2017-01-31,15.972
2017-01-30,15.8853
2017-01-27,15.7986
2017-01-26,15.6865
2017-01-25,15.5658
2017-01-24,15.4185
2017-01-23,15.2548
2017-01-20,15.1137
2017-01-19,14.9872
2017-01-18,14.8542
2017-01-17,14.7452
2017-01-13,14.6441
2017-01-12,14.5171
2017-01-11,14.4341
2017-01-10,14.3413
2017-01-09,14.2378
2017-01-06,14.1135
2017-01-05,13.9921
2017-01-04,13.8737
2017-01-03,13.7412
2016-12-30,13.6649
2016-12-29,13.6037
2016-12-28,13.5292
2016-12-27,13.4113
2016-12-23,13.2824
2016-12-22,13.1834
2016-12-21,13.1083
2016-12-20,13.0306
2016-12-19,12.9371
2016-12-16,12.8762
2016-12-15,12.8106
2016-12-14,12.7726
2016-12-13,12.7228
2016-12-12,12.6715
2016-12-09,12.6549
2016-12-08,12.6384
2016-12-07,12.6193
2016-12-06,12.5922
2016-12-05,12.6135
2016-12-02,12.6304
2016-12-01,12.6864
2016-11-30,12.7455
2016-11-29,12.758
2016-11-28,12.7706
2016-11-25,12.7386
2016-11-23,12.6996
2016-11-22,12.681
2016-11-21,12.6743
2016-11-18,12.7135
2016-11-17,12.7534
2016-11-16,12.7719
2016-11-15,12.8256
2016-11-14,12.8861
2016-11-11,12.9692
2016-11-10,13.0111
2016-11-09,13.08
2016-11-08,13.1231
2016-11-07,13.1365
2016-11-04,13.1634
2016-11-03,13.2118
2016-11-02,13.2873
2016-11-01,13.3665
2016-10-31,13.4346
2016-10-28,13.4612
2016-10-27,13.4748
2016-10-26,13.4616
2016-10-25,13.4594
2016-10-24,13.4562
2016-10-21,13.4498
2016-10-20,13.4614
2016-10-19,13.4812
2016-10-18,13.4718
2016-10-17,13.4927
2016-10-14,13.5519
2016-10-13,13.5994
2016-10-12,13.6257
2016-10-11,13.6459
2016-10-10,13.6781
2016-10-07,13.7077
2016-10-06,13.7709
2016-10-05,13.8099
2016-10-04,13.8007
2016-10-03,13.7698
2016-09-30,13.7197
2016-09-29,13.732
2016-09-28,13.7691
2016-09-27,13.771
2016-09-26,13.7763
2016-09-23,13.7598
2016-09-22,13.7524
2016-09-21,13.7514
2016-09-20,13.7588
2016-09-19,13.771
2016-09-16,13.7726
2016-09-15,13.7809
2016-09-14,13.8251
2016-09-13,13.902
2016-09-12,13.9896
2016-09-09,14.0706
2016-09-08,14.1871
2016-09-07,14.2955
2016-09-06,14.3847
2016-09-02,14.4755
2016-09-01,14.6113
2016-08-31,14.7405
2016-08-30,14.8043
2016-08-29,14.8796
2016-08-26,14.9357
2016-08-25,14.9641
2016-08-24,14.9886
2016-08-23,15.0041
2016-08-22,15.0057
2016-08-19,15.0208
2016-08-18,15.023
2016-08-17,15.0359
2016-08-16,15.052
2016-08-15,15.0672
2016-08-12,15.0702
2016-08-11,15.0733
2016-08-10,15.0816
2016-08-09,15.0857
2016-08-08,15.066
2016-08-05,15.0648
2016-08-04,15.0364
2016-08-03,15.0008
2016-08-02,14.9954
2016-08-01,14.9795
2016-07-29,14.9421
2016-07-28,14.8673
2016-07-27,14.814
2016-07-26,14.7699
2016-07-25,14.7141
2016-07-22,14.6488
2016-07-21,14.631
2016-07-20,14.6238
2016-07-19,14.5606
2016-07-18,14.5125
2016-07-15,14.4524
2016-07-14,14.427
2016-07-13,14.3911
2016-07-12,14.3443
2016-07-11,14.2777
2016-07-08,14.2033
2016-07-07,14.1771
2016-07-06,14.154
2016-07-05,14.1391
2016-07-01,14.1258
2016-06-30,14.0934
2016-06-29,14.0873
2016-06-28,14.0951
2016-06-27,14.1628
2016-06-24,14.2602
2016-06-23,14.4059
2016-06-22,14.544
2016-06-21,14.6949
2016-06-20,14.7006
2016-06-17,14.7063
2016-06-16,14.7423
2016-06-15,14.7648
2016-06-14,14.7912
2016-06-13,14.8397
2016-06-10,14.8729
2016-06-09,14.9031
2016-06-08,14.8623
2016-06-07,14.7739
2016-06-06,14.6986
2016-06-03,14.6972
2016-06-02,14.7075
2016-06-01,14.7191
2016-05-31,14.7278
2016-05-27,14.7115
2016-05-26,14.6949
2016-05-25,14.662
2016-05-24,14.6644
2016-05-23,14.6788
2016-05-20,14.7066
2016-05-19,14.7089
2016-05-18,14.7469
2016-05-17,14.8174
2016-05-16,14.9409
2016-05-13,15.0519
2016-05-12,15.1794
2016-05-11,15.3226
2016-05-10,15.4692
2016-05-09,15.633
2016-05-06,15.8125
2016-05-05,15.9687
2016-05-04,16.1652
2016-05-03,16.3049
2016-05-02,16.3909
2016-04-29,16.4195
2016-04-28,16.4583
2016-04-27,16.4524
2016-04-26,16.4195
2016-04-25,16.3673
2016-04-22,16.323
2016-04-21,16.2605
2016-04-20,16.2297
2016-04-19,16.184
2016-04-18,16.1516
2016-04-15,16.0702
2016-04-14,15.9757
2016-04-13,15.8899
2016-04-12,15.7764
2016-04-11,15.698
2016-04-08,15.5966
2016-04-07,15.4834
2016-04-06,15.3084
2016-04-05,15.0572
2016-04-04,14.8494
2016-04-01,14.6792
2016-03-31,14.5571
2016-03-30,14.477
2016-03-29,14.4086
2016-03-28,14.3104
2016-03-24,14.2009
2016-03-23,14.0975
2016-03-22,14.0195
2016-03-21,13.8514
2016-03-18,13.637
2016-03-17,13.4392
2016-03-16,13.2653
2016-03-15,13.1042
2016-03-14,12.9514
2016-03-11,12.8049
2016-03-10,12.6966
2016-03-09,12.5932
2016-03-08,12.4541
2016-03-07,12.3433
2016-03-04,12.202
2016-03-03,12.0756
2016-03-02,11.9731
2016-03-01,11.9118
2016-02-29,11.8579
2016-02-26,11.7593
2016-02-25,11.6614
2016-02-24,11.5736
2016-02-23,11.5357
2016-02-22,11.5064
2016-02-19,11.4703
2016-02-18,11.5087
2016-02-17,11.5499
2016-02-16,11.5819
2016-02-12,11.7122
2016-02-11,11.8851
2016-02-10,12.0802
2016-02-09,12.3436
2016-02-08,12.6026
2016-02-05,12.8906
2016-02-04,13.1065
2016-02-03,13.2558
2016-02-02,13.4337
2016-02-01,13.5651
2016-01-29,13.611
2016-01-28,13.7019
2016-01-27,13.813
2016-01-26,13.9472
2016-01-25,14.0571
2016-01-22,14.1586
2016-01-21,14.2276
2016-01-20,14.322
2016-01-19,14.4352
2016-01-15,14.518
2016-01-14,14.6077
2016-01-13,14.6985
2016-01-12,14.84
2016-01-11,14.9286
2016-01-08,15.0415
2016-01-07,15.1441
2016-01-06,15.2249
2016-01-05,15.2903
2016-01-04,15.3319
2015-12-31,15.378
2015-12-30,15.3125
2015-12-29,15.2535
2015-12-28,15.1947
2015-12-24,15.1874
2015-12-23,15.1681
2015-12-22,15.1528
2015-12-21,15.1341
2015-12-18,15.0952
2015-12-17,15.0669
2015-12-16,15.0151
2015-12-15,14.9499
2015-12-14,14.9721
2015-12-11,15.0142
2015-12-10,15.0717
2015-12-09,15.0647
2015-12-08,15.0749
2015-12-07,15.0707
2015-12-04,15.0351
2015-12-03,15.0011
2015-12-02,14.9471
2015-12-01,14.8925
2015-11-30,14.7956
2015-11-27,14.7372
2015-11-25,14.6631
2015-11-24,14.5951
2015-11-23,14.5998
2015-11-20,14.6086
2015-11-19,14.6024
2015-11-18,14.583
2015-11-17,14.5667
2015-11-16,14.5983
2015-11-13,14.631
2015-11-12,14.7172
2015-11-11,14.772
2015-11-10,14.7896
2015-11-09,14.8271
2015-11-06,14.8065
2015-11-05,14.7345
2015-11-04,14.6591
2015-11-03,14.5767
2015-11-02,14.6489
2015-10-30,14.6906
2015-10-29,14.7849
2015-10-28,14.8561
2015-10-27,14.9254
2015-10-26,15.0204
2015-10-23,15.0909
2015-10-22,15.2121
2015-10-21,15.3276
2015-10-20,15.4667
2015-10-19,15.5998
2015-10-16,15.6412
2015-10-15,15.6946
2015-10-14,15.7936
2015-10-13,15.9342
2015-10-12,16.0728
2015-10-09,16.2519
2015-10-08,16.4139
2015-10-07,16.5507
2015-10-06,16.665
2015-10-05,16.7248
2015-10-02,16.7579
2015-10-01,16.7846
2015-09-30,16.868
2015-09-29,16.9004
2015-09-28,16.9486
2015-09-25,16.9893
2015-09-24,16.9747
2015-09-23,16.9151
2015-09-22,16.8636
2015-09-21,16.8076
2015-09-18,16.7228
2015-09-17,16.6541
2015-09-16,16.5681
2015-09-15,16.4718
2015-09-14,16.4262
2015-09-11,16.3785
2015-09-10,16.3465
2015-09-09,16.3235
2015-09-08,16.295
2015-09-04,16.2687
2015-09-03,16.2834
2015-09-02,16.2742
2015-09-01,16.2491
2015-08-31,16.2849
2015-08-28,16.2513
2015-08-27,16.2183
2015-08-26,16.2203
2015-08-25,16.3498
2015-08-24,16.5268
2015-08-21,16.7305
2015-08-20,16.8722
2015-08-19,16.9487
2015-08-18,16.9416
2015-08-17,16.8953
2015-08-14,16.8843
2015-08-13,16.9553
2015-08-12,17.0382
2015-08-11,17.1604
2015-08-10,17.301
2015-08-07,17.4299
2015-08-06,17.5628
2015-08-05,17.6843
2015-08-04,17.6502
2015-08-03,17.6395
2015-07-31,17.6718
2015-07-30,17.6642
2015-07-29,17.6514
2015-07-28,17.6581
2015-07-27,17.6584
2015-07-24,17.7417
2015-07-23,17.7467
2015-07-22,17.7397
2015-07-21,17.7273
2015-07-20,17.7212
2015-07-17,17.6058
2015-07-16,17.5317
2015-07-15,17.5056
2015-07-14,17.5018
2015-07-13,17.4798
2015-07-10,17.4801
2015-07-09,17.5015
2015-07-08,17.5338
2015-07-07,17.5903
2015-07-06,17.562
2015-07-02,17.4477
2015-07-01,17.3193
2015-06-30,17.2536
2015-06-29,17.1872
2015-06-26,17.1577
2015-06-25,17.0894
2015-06-24,17.002
2015-06-23,16.9309
2015-06-22,16.8347
2015-06-19,16.7837
2015-06-18,16.7082
2015-06-17,16.6292
2015-06-16,16.5522
2015-06-15,16.5182
2015-06-12,16.4999
2015-06-11,16.4775
2015-06-10,16.4477
2015-06-09,16.4197
2015-06-08,16.3517
2015-06-05,16.2744
2015-06-04,16.2391
2015-06-03,16.2227
2015-06-02,16.1831
2015-06-01,16.1437
2015-05-29,16.0926
2015-05-28,16.0265
2015-05-27,15.949
2015-05-26,15.8914
2015-05-22,15.8277
2015-05-21,15.7553
2015-05-20,15.6901
2015-05-19,15.627
2015-05-18,15.5376
2015-05-15,15.4275
2015-05-14,15.3052
2015-05-13,15.2033
2015-05-12,15.0971
2015-05-11,14.9688
2015-05-08,14.8639
2015-05-07,14.7681
2015-05-06,14.6609
2015-05-05,14.5871
2015-05-04,14.4878
2015-05-01,14.3952
2015-04-30,14.3243
2015-04-29,14.2458
2015-04-28,14.1142
2015-04-27,13.9825
2015-04-24,13.8294
2015-04-23,13.7523
2015-04-22,13.6659
2015-04-21,13.5645
2015-04-20,13.5228
2015-04-17,13.5057
2015-04-16,13.4762
2015-04-15,13.4442
2015-04-14,13.401
2015-04-13,13.3557
2015-04-10,13.2895
2015-04-09,13.2084
2015-04-08,13.1244
2015-04-07,13.0486
2015-04-06,12.9958
2015-04-02,12.9385
2015-04-01,12.9601
2015-03-31,13.0079
2015-03-30,13.0525
2015-03-27,13.0891
2015-03-26,13.1686
2015-03-25,13.2186
2015-03-24,13.2466
2015-03-23,13.2254
2015-03-20,13.2166
2015-03-19,13.2178
2015-03-18,13.2361
2015-03-17,13.2209
2015-03-16,13.2461
2015-03-13,13.2671
2015-03-12,13.3395
2015-03-11,13.4028
2015-03-10,13.4541
2015-03-09,13.5347
2015-03-06,13.6199
2015-03-05,13.693
2015-03-04,13.7265
2015-03-03,13.7508
2015-03-02,13.7978
2015-02-27,13.8655
2015-02-26,13.8981
2015-02-25,13.9071
2015-02-24,13.9411
2015-02-23,13.9762
2015-02-20,13.9924
2015-02-19,13.9417
2015-02-18,13.9236
2015-02-17,13.9544
2015-02-13,13.9893
2015-02-12,14.0319
2015-02-11,14.0852
2015-02-10,14.0745
2015-02-09,14.0382
2015-02-06,13.9897
2015-02-05,13.937
2015-02-04,13.8532
2015-02-03,13.7778
2015-02-02,13.6957
2015-01-30,13.6571
2015-01-29,13.6659
2015-01-28,13.6644
2015-01-27,13.7037
2015-01-26,13.7007
2015-01-23,13.6934
2015-01-22,13.7223
2015-01-21,13.7518
2015-01-20,13.82
2015-01-16,13.9278
2015-01-15,14.039
2015-01-14,14.1704
2015-01-13,14.3098
2015-01-12,14.3827
2015-01-09,14.4777
2015-01-08,14.5514
2015-01-07,14.6052
2015-01-06,14.6622
2015-01-05,14.7229
2015-01-02,14.7984
2014-12-31,14.8171
2014-12-30,14.816
2014-12-29,14.8161
2014-12-26,14.7917
2014-12-24,14.75
2014-12-23,14.7429
2014-12-22,14.7441
2014-12-19,14.734
2014-12-18,14.7461
2014-12-17,14.7667
2014-12-16,14.8767
2014-12-15,15.0546
2014-12-12,15.2074
2014-12-11,15.3555
2014-12-10,15.5061
2014-12-09,15.6658
2014-12-08,15.7927
2014-12-05,15.9509
2014-12-04,16.06
2014-12-03,16.1486
2014-12-02,16.2393
2014-12-01,16.3246
2014-11-28,16.4175
2014-11-26,16.4297
2014-11-25,16.4157
2014-11-24,16.4027
2014-11-21,16.3979
2014-11-20,16.4203
2014-11-19,16.4034
2014-11-18,16.3915
2014-11-17,16.3085
2014-11-14,16.2429
2014-11-13,16.1374
2014-11-12,16.0697
2014-11-11,16.0132
2014-11-10,15.9369
2014-11-07,15.9167
2014-11-06,15.9065
2014-11-05,15.8881
2014-11-04,15.9397
2014-11-03,15.9408
2014-10-31,15.9164
2014-10-30,15.8957
2014-10-29,15.8941
2014-10-28,15.8963
2014-10-27,15.866
2014-10-24,15.9805
2014-10-23,16.0118
2014-10-22,16.0461
2014-10-21,16.1134
2014-10-20,16.1581
2014-10-17,16.2416
2014-10-16,16.3549
2014-10-15,16.488
2014-10-14,16.6117
2014-10-13,16.7669
2014-10-10,16.9558
2014-10-09,17.078
2014-10-08,17.0722
2014-10-07,17.0497
2014-10-06,17.0229
2014-10-03,16.9858
2014-10-02,16.9829
2014-10-01,17.0062
2014-09-30,17.1104
2014-09-29,17.2085
2014-09-26,17.2988
2014-09-25,17.3892
2014-09-24,17.4867
2014-09-23,17.558
2014-09-22,17.6489
2014-09-19,17.7521
2014-09-18,17.801
2014-09-17,17.8234
2014-09-16,17.8653
2014-09-15,17.9161
2014-09-12,18.0205
2014-09-11,17.9581
2014-09-10,17.8814
2014-09-09,17.791
2014-09-08,17.7095
2014-09-05,17.5939
2014-09-04,17.4993
2014-09-03,17.334
2014-09-02,17.1854
2014-08-29,17.0006
2014-08-28,16.8975
2014-08-27,16.8245
2014-08-26,16.7481
2014-08-25,16.6743
2014-08-22,16.5871
2014-08-21,16.5311
2014-08-20,16.4864
2014-08-19,16.4273
2014-08-18,16.3547
2014-08-15,16.2521
2014-08-14,16.1242
2014-08-13,15.9872
2014-08-12,15.8434
2014-08-11,15.6868
2014-08-08,15.5183
2014-08-07,15.4105
2014-08-06,15.2615
2014-08-05,15.1211
2014-08-04,15.0392
2014-08-01,14.9484
2014-07-31,14.885
2014-07-30,14.8848
2014-07-29,14.8451
2014-07-28,14.8288
2014-07-25,14.812
2014-07-24,14.8022
2014-07-23,14.7917
2014-07-22,14.7874
2014-07-21,14.803
2014-07-18,14.8136
2014-07-17,14.8289
2014-07-16,14.8783
2014-07-15,14.9205
2014-07-14,14.9501
2014-07-11,14.9329
2014-07-10,14.9741
2014-07-09,15.0102
2014-07-08,15.0249
2014-07-07,15.0692
2014-07-03,15.0929
2014-07-02,15.0728
2014-07-01,15.0494
2014-06-30,14.9513
2014-06-27,14.8405
2014-06-26,14.7251
2014-06-25,14.6218
2014-06-24,14.4985
2014-06-23,14.3931
2014-06-20,14.2434
2014-06-19,14.1316
2014-06-18,14.0206
2014-06-17,13.9026
2014-06-16,13.7403
2014-06-13,13.6105
2014-06-12,13.5946
2014-06-11,13.5974
2014-06-10,13.5938
2014-06-09,13.6051
2014-06-06,13.5964
2014-06-05,13.5668
2014-06-04,13.5429
2014-06-03,13.537
2014-06-02,13.5237
2014-05-30,13.5108
2014-05-29,13.475
2014-05-28,13.418
2014-05-27,13.3551
2014-05-23,13.2762
2014-05-22,13.219
2014-05-21,13.1727
2014-05-20,13.1596
2014-05-19,13.1743
2014-05-16,13.185
2014-05-15,13.2287
2014-05-14,13.2977
2014-05-13,13.3598
2014-05-12,13.4316
2014-05-09,13.5496
2014-05-08,13.6968
2014-05-07,13.8853
2014-05-06,13.9339
2014-05-05,13.9461
2014-05-02,13.894
2014-05-01,13.8765
2014-04-30,13.8794
2014-04-29,13.8815
2014-04-28,13.8907
2014-04-25,13.9598
2014-04-24,14.0268
2014-04-23,14.0446
2014-04-22,14.0634
2014-04-21,14.0095
2014-04-17,14.0499
2014-04-16,14.1385
2014-04-15,14.2295
2014-04-14,14.3666
2014-04-11,14.4888
2014-04-10,14.5839
2014-04-09,14.6861
2014-04-08,14.7097
2014-04-07,14.7461
2014-04-04,14.842
2014-04-03,14.915
2014-04-02,14.9033
2014-04-01,14.856
2014-03-31,14.8972
2014-03-28,15.0025
2014-03-27,15.0914
2014-03-26,15.2251
2014-03-25,15.3332
2014-03-24,15.4003
2014-03-21,15.4764
2014-03-20,15.4992
2014-03-19,15.4822
2014-03-18,15.4569
2014-03-17,15.3994
2014-03-14,15.3785
2014-03-13,15.3764
2014-03-12,15.3263
2014-03-11,15.2449
2014-03-10,15.2047
2014-03-07,15.1291
2014-03-06,14.9938
2014-03-05,14.7971
2014-03-04,14.5816
2014-03-03,14.3282
2014-02-28,14.0781
2014-02-27,13.8421
2014-02-26,13.5269
2014-02-25,13.1753
2014-02-24,12.8219
2014-02-21,12.6442
2014-02-20,12.5043
2014-02-19,12.347
2014-02-18,12.2878
2014-02-14,12.1518
2014-02-13,12.0399
2014-02-12,11.9063
2014-02-11,11.789
2014-02-10,11.6501
2014-02-07,11.4971
2014-02-06,11.3983
2014-02-05,11.3463
2014-02-04,11.3167
2014-02-03,11.2537
2014-01-31,11.1954
2014-01-30,11.1008
2014-01-29,10.9862
2014-01-28,10.913
2014-01-27,10.8099
2014-01-24,10.7575
2014-01-23,10.6646
2014-01-22,10.5135
2014-01-21,10.3671
2014-01-17,10.2185
2014-01-16,10.1011
2014-01-15,9.9646
2014-01-14,9.8617
2014-01-13,9.7681
2014-01-10,9.8185
2014-01-09,9.8294
2014-01-08,9.8288
2014-01-07,9.8018
2014-01-06,9.7854
2014-01-03,9.7838
2014-01-02,9.7642
2013-12-31,9.7387
2013-12-30,9.7081
2013-12-27,9.6603
2013-12-26,9.6167
2013-12-24,9.5377
2013-12-23,9.4792
2013-12-20,9.4696
2013-12-19,9.4612
2013-12-18,9.4696
2013-12-17,9.428
2013-12-16,9.3505
2013-12-13,9.2966
2013-12-12,9.239
2013-12-11,9.1767
2013-12-10,9.1626
2013-12-09,9.1293
2013-12-06,9.0966
2013-12-05,9.0902
2013-12-04,9.0612
2013-12-03,9.0399
2013-12-02,8.9761
2013-11-29,9.0496
2013-11-27,9.109
2013-11-26,9.177
2013-11-25,9.2974
2013-11-22,9.428
2013-11-21,9.5687
2013-11-20,9.7191
2013-11-19,9.8922
2013-11-18,10.0487
2013-11-15,10.2532
2013-11-14,10.382
2013-11-13,10.5092
2013-11-12,10.6421
2013-11-11,10.7953
2013-11-08,10.9163
2013-11-07,11.0973
2013-11-06,11.2845
2013-11-05,11.4116
2013-11-04,11.3721
2013-11-01,11.3397
2013-10-31,11.3953
2013-10-30,11.4724
2013-10-29,11.5627
2013-10-28,11.6256
2013-10-25,11.7065
2013-10-24,11.7482
2013-10-23,11.7697
2013-10-22,11.8543
2013-10-21,11.8983
2013-10-18,11.9395
2013-10-17,11.9093
2013-10-16,11.8801
2013-10-15,11.8425
2013-10-14,11.7982
2013-10-11,11.779
2013-10-10,11.7648
2013-10-09,11.7897
2013-10-08,11.8463
2013-10-07,11.8671
2013-10-04,11.8316
2013-10-03,11.8069
2013-10-02,11.8336
2013-10-01,11.8094
2013-09-30,11.6981
2013-09-27,11.5725
2013-09-26,11.451
2013-09-25,11.3326
2013-09-24,11.2256
2013-09-23,11.1277
2013-09-20,11.0281
2013-09-19,10.902
2013-09-18,10.801
2013-09-17,10.7715
2013-09-16,10.7388
2013-09-13,10.7002
2013-09-12,10.6649
2013-09-11,10.6301
2013-09-10,10.6015
2013-09-09,10.55
2013-09-06,10.5328
2013-09-05,10.4698
2013-09-04,10.3794
2013-09-03,10.2746
2013-08-30,10.1706
2013-08-29,10.0552
2013-08-28,9.9483
2013-08-27,9.8274
2013-08-26,9.6899
2013-08-23,9.5575
2013-08-22,9.4278
2013-08-21,9.3178
2013-08-20,9.261
2013-08-19,9.1861
2013-08-16,9.1362
2013-08-15,9.1015
2013-08-14,9.0794
2013-08-13,9.0571
2013-08-12,8.9899
2013-08-09,8.902
2013-08-08,8.7654
2013-08-07,8.611
2013-08-06,8.5755
2013-08-05,8.4806
2013-08-02,8.358
2013-08-01,8.2693
2013-07-31,8.1886
2013-07-30,8.1082
2013-07-29,8.0372
2013-07-26,7.9385
2013-07-25,7.8662
2013-07-24,7.8235
2013-07-23,7.793
2013-07-22,7.752
2013-07-19,7.7089
2013-07-18,7.6805
2013-07-17,7.6536
2013-07-16,7.6154
2013-07-15,7.6518
2013-07-12,7.5642
2013-07-11,7.4488
2013-07-10,7.3514
2013-07-09,7.2672
2013-07-08,7.1659
2013-07-05,7.0668
2013-07-03,6.9679
2013-07-02,6.8927
2013-07-01,6.7914
2013-06-28,6.684
2013-06-27,6.6342
2013-06-26,6.5658
2013-06-25,6.5151
2013-06-24,6.4823
2013-06-21,6.4524
2013-06-20,6.433
2013-06-19,6.4039
2013-06-18,6.3434
2013-06-17,6.2855
2013-06-14,6.23
2013-06-13,6.1819
2013-06-12,6.1437
2013-06-11,6.1045
2013-06-10,6.0842
2013-06-07,6.0225
2013-06-06,5.9404
2013-06-05,5.8825
2013-06-04,5.8325
2013-06-03,5.7809
2013-05-31,5.7396
2013-05-30,5.6578
2013-05-29,5.5168
2013-05-28,5.3633
2013-05-24,5.1536
2013-05-23,5.0148
2013-05-22,4.892
2013-05-21,4.7947
2013-05-20,4.6847
2013-05-17,4.5467
2013-05-16,4.3832
2013-05-15,4.1973
2013-05-14,4.0437
2013-05-13,3.8852
2013-05-10,3.678
2013-05-09,3.5265
2013-05-08,3.4107
2013-05-07,3.3782
2013-05-06,3.3443
2013-05-03,3.2788
2013-05-02,3.2411
2013-05-01,3.2025
2013-04-30,3.1658
2013-04-29,3.1201
2013-04-26,3.063
2013-04-25,3.0261
2013-04-24,2.9798
2013-04-23,2.9395
2013-04-22,2.891
2013-04-19,2.8431
2013-04-18,2.8067
2013-04-17,2.7725
2013-04-16,2.7454
2013-04-15,2.7145
2013-04-12,2.6964
2013-04-11,2.6732
2013-04-10,2.6487
2013-04-09,2.6337
2013-04-08,2.6267
2013-04-05,2.6097
2013-04-04,2.5941
2013-04-03,2.5723
2013-04-02,2.5547
2013-04-01,2.5125
2013-03-28,2.4686
2013-03-27,2.4626
2013-03-26,2.454
2013-03-25,2.4467
2013-03-22,2.4409
2013-03-21,2.4408
2013-03-20,2.445
2013-03-19,2.4501
2013-03-18,2.4619
2013-03-15,2.4743
2013-03-14,2.4871
2013-03-13,2.4903
2013-03-12,2.4789
2013-03-11,2.4654
2013-03-08,2.4505
2013-03-07,2.4385
2013-03-06,2.4269
2013-03-05,2.4178
2013-03-04,2.4151
2013-03-01,2.4197
2013-02-28,2.4312
2013-02-27,2.4427
2013-02-26,2.4535
2013-02-25,2.4702
2013-02-22,2.4889
2013-02-21,2.4975
2013-02-20,2.5137
2013-02-19,2.5078
2013-02-15,2.4962
2013-02-14,2.499
2013-02-13,2.4933
2013-02-12,2.4859
2013-02-11,2.4817
2013-02-08,2.4733
2013-02-07,2.4583
2013-02-06,2.44
2013-02-05,2.422
2013-02-04,2.4093
2013-02-01,2.3981
2013-01-31,2.3818
2013-01-30,2.3693
2013-01-29,2.3554
2013-01-28,2.337
2013-01-25,2.3161
2013-01-24,2.3004
2013-01-23,2.283
2013-01-22,2.2706
2013-01-18,2.2627
2013-01-17,2.2586
2013-01-16,2.2551
2013-01-15,2.2532
2013-01-14,2.2525
2013-01-11,2.2562
2013-01-10,2.2627
2013-01-09,2.2656
2013-01-08,2.268
2013-01-07,2.2704
2013-01-04,2.2684
2013-01-03,2.2658
2013-01-02,2.2603
2012-12-31,2.2501
2012-12-28,2.2493
2012-12-27,2.2529
2012-12-26,2.2537
2012-12-24,2.2552
2012-12-21,2.252
2012-12-20,2.2504
2012-12-19,2.2457
2012-12-18,2.2392
2012-12-17,2.2322
2012-12-14,2.2258
2012-12-13,2.2228
2012-12-12,2.2209
2012-12-11,2.2073
2012-12-10,2.192
2012-12-07,2.1802
2012-12-06,2.1699
2012-12-05,2.1604
2012-12-04,2.1512
2012-12-03,2.1398
2012-11-30,2.1221
2012-11-29,2.1081
2012-11-28,2.0936
2012-11-27,2.0808
2012-11-26,2.0742
2012-11-23,2.0661
2012-11-21,2.0581
2012-11-20,2.0468
2012-11-19,2.0307
2012-11-16,2.0135
2012-11-15,2.002
2012-11-14,1.9964
2012-11-13,1.9864
2012-11-12,1.9736
2012-11-09,1.9633
2012-11-08,1.9572
2012-11-07,1.9435
2012-11-06,1.9268
2012-11-05,1.911
2012-11-02,1.8911
2012-11-01,1.8872
2012-10-31,1.8806
2012-10-26,1.8812
2012-10-25,1.8871
2012-10-24,1.8926
2012-10-23,1.8994
2012-10-22,1.9001
2012-10-19,1.9046
2012-10-18,1.9105
2012-10-17,1.9148
2012-10-16,1.9141
2012-10-15,1.9187
2012-10-12,1.9289
2012-10-11,1.9379
2012-10-10,1.9432
2012-10-09,1.9484
2012-10-08,1.9545
2012-10-05,1.9549
2012-10-04,1.958
2012-10-03,1.9578
2012-10-02,1.9582
2012-10-01,1.9552
2012-09-28,1.9564
2012-09-27,1.9569
2012-09-26,1.9629
2012-09-25,1.9763
2012-09-24,1.9902
2012-09-21,1.9846
2012-09-20,1.9828
2012-09-19,1.9747
2012-09-18,1.9646
2012-09-17,1.9515
2012-09-14,1.9286
2012-09-13,1.9183
2012-09-12,1.9134
2012-09-11,1.9163
2012-09-10,1.923
2012-09-07,1.9333
2012-09-06,1.9309
2012-09-05,1.9338
2012-09-04,1.9413
2012-08-31,1.9481
2012-08-30,1.9531
2012-08-29,1.9593
2012-08-28,1.9661
2012-08-27,1.9718
2012-08-24,1.9806
2012-08-23,1.9821
2012-08-22,1.975
2012-08-21,1.9728
2012-08-20,1.9761
2012-08-17,1.9771
2012-08-16,1.9746
2012-08-15,1.9698
2012-08-14,1.9708
2012-08-13,1.9718
2012-08-10,1.9607
2012-08-09,1.9569
2012-08-08,1.9566
2012-08-07,1.9584
2012-08-06,1.9522
2012-08-03,1.9593
2012-08-02,1.9742
2012-08-01,1.9989
2012-07-31,2.0251
2012-07-30,2.0458
2012-07-27,2.0692
2012-07-26,2.08
2012-07-25,2.1015
2012-07-24,2.1196
2012-07-23,2.1333
2012-07-20,2.1427
2012-07-19,2.1451
2012-07-18,2.1445
2012-07-17,2.1446
2012-07-16,2.1363
2012-07-13,2.1088
2012-07-12,2.0904
2012-07-11,2.081
2012-07-10,2.079
2012-07-09,2.0784
2012-07-06,2.0761
2012-07-05,2.0772
2012-07-03,2.0767
2012-07-02,2.0802
2012-06-29,2.0858
2012-06-28,2.0858
2012-06-27,2.0849
2012-06-26,2.0801
2012-06-25,2.0772
2012-06-22,2.0635
2012-06-21,2.0436
2012-06-20,2.0329
2012-06-19,2.0098
2012-06-18,1.9961
2012-06-15,1.9828
2012-06-14,1.9817
2012-06-13,1.984
2012-06-12,1.9839
2012-06-11,1.9846
2012-06-08,1.9892
2012-06-07,1.9875
2012-06-06,1.9937
2012-06-05,1.9985
2012-06-04,2.013
2012-06-01,2.0292
2012-05-31,2.0453
2012-05-30,2.0536
2012-05-29,2.0563
2012-05-25,2.0504
2012-05-24,2.057
2012-05-23,2.0608
2012-05-22,2.06
2012-05-21,2.0608
2012-05-18,2.0758
2012-05-17,2.1009
2012-05-16,2.1216
2012-05-15,2.1402
2012-05-14,2.1589
2012-05-11,2.1752
2012-05-10,2.1779
2012-05-09,2.1758
2012-05-08,2.1939
2012-05-07,2.213
2012-05-04,2.2181
2012-05-03,2.2282
2012-05-02,2.235
2012-05-01,2.232
2012-04-30,2.2299
2012-04-27,2.2322
2012-04-26,2.2332
2012-04-25,2.2332
2012-04-24,2.2374
2012-04-23,2.2496
2012-04-20,2.2622
2012-04-19,2.2677
2012-04-18,2.2737
2012-04-17,2.2838
2012-04-16,2.298
2012-04-13,2.3135
2012-04-12,2.3214
2012-04-11,2.331
2012-04-10,2.3442
2012-04-09,2.3632
2012-04-05,2.3793
2012-04-04,2.3878
2012-04-03,2.3935
2012-04-02,2.3787
2012-03-30,2.3724
2012-03-29,2.3608
2012-03-28,2.3474
2012-03-27,2.3289
2012-03-26,2.3077
2012-03-23,2.2882
2012-03-22,2.2899
2012-03-21,2.2896
2012-03-20,2.2839
2012-03-19,2.279
2012-03-16,2.2734
2012-03-15,2.2648
2012-03-14,2.2576
2012-03-13,2.2476
2012-03-12,2.231
2012-03-09,2.2131
2012-03-08,2.2023
2012-03-07,2.202
2012-03-06,2.2014
2012-03-05,2.2007
2012-03-02,2.1954
2012-03-01,2.1876
2012-02-29,2.1764
2012-02-28,2.1711
2012-02-27,2.1624
2012-02-24,2.154
2012-02-23,2.1439
2012-02-22,2.1273
2012-02-21,2.1111
2012-02-17,2.0912
2012-02-16,2.0659
2012-02-15,2.0435
2012-02-14,2.0229
2012-02-13,2.003
2012-02-10,1.9929
2012-02-09,1.9844
2012-02-08,1.9647
2012-02-07,1.9474
2012-02-06,1.9306
2012-02-03,1.9107
2012-02-02,1.8932
2012-02-01,1.8802
2012-01-31,1.8706
2012-01-30,1.8635
2012-01-27,1.8521
2012-01-26,1.8413
2012-01-25,1.832
2012-01-24,1.8285
2012-01-23,1.8286
2012-01-20,1.8332
2012-01-19,1.8395
2012-01-18,1.8454
2012-01-17,1.8515
2012-01-13,1.8597
2012-01-12,1.8955
2012-01-11,1.8968
2012-01-10,1.8984
2012-01-09,1.9044
2012-01-06,1.9136
2012-01-05,1.9262
2012-01-04,1.9387
2012-01-03,1.9483
2011-12-30,1.9563
2011-12-29,1.9618
2011-12-28,1.9667
2011-12-27,1.9736
2011-12-23,1.9809
2011-12-22,1.9936
2011-12-21,2.0086
2011-12-20,2.0266
2011-12-19,2.0441
2011-12-16,2.0645
2011-12-15,2.0854
2011-12-14,2.104
2011-12-13,2.1253
2011-12-12,2.1423
2011-12-09,2.1544
2011-12-08,2.1634
2011-12-07,2.1744
2011-12-06,2.1633
2011-12-05,2.1463
2011-12-02,2.1307
2011-12-01,2.1213
2011-11-30,2.1158
2011-11-29,2.1088
2011-11-28,2.108
2011-11-25,2.1014
2011-11-23,2.1004
2011-11-22,2.1008
2011-11-21,2.0969
2011-11-18,2.0947
2011-11-17,2.0864
2011-11-16,2.0697
2011-11-15,2.0424
2011-11-14,2.0193
2011-11-11,1.9987
2011-11-10,1.973
2011-11-09,1.9608
2011-11-08,1.9506
2011-11-07,1.9324
2011-11-04,1.9164
2011-11-03,1.8914
2011-11-02,1.8627
2011-11-01,1.8573
2011-10-31,1.8501
2011-10-28,1.8388
2011-10-27,1.8227
2011-10-26,1.8128
2011-10-25,1.8072
2011-10-24,1.7992
2011-10-21,1.7883
2011-10-20,1.7798
2011-10-19,1.7753
2011-10-18,1.7687
2011-10-17,1.756
2011-10-14,1.7484
2011-10-13,1.7356
2011-10-12,1.7223
2011-10-11,1.7085
2011-10-10,1.6945
2011-10-07,1.6773
2011-10-06,1.6644
2011-10-05,1.6504
2011-10-04,1.6461
2011-10-03,1.6534
2011-09-30,1.6609
2011-09-29,1.6645
2011-09-28,1.6705
2011-09-27,1.6738
2011-09-26,1.6662
2011-09-23,1.6625
2011-09-22,1.6523
2011-09-21,1.6464
2011-09-20,1.6383
2011-09-19,1.6282
2011-09-16,1.6188
2011-09-15,1.6081
2011-09-14,1.6032
2011-09-13,1.6012
2011-09-12,1.6008
2011-09-09,1.6087
2011-09-08,1.6168
2011-09-07,1.6214
2011-09-06,1.6247
2011-09-02,1.6348
2011-09-01,1.645
2011-08-31,1.6497
2011-08-30,1.6497
2011-08-29,1.6505
2011-08-26,1.6509
2011-08-25,1.6581
2011-08-24,1.6705
2011-08-23,1.6788
2011-08-22,1.6944
2011-08-19,1.7187
2011-08-18,1.7432
2011-08-17,1.7564
2011-08-16,1.76
2011-08-15,1.7621
2011-08-12,1.7636
2011-08-11,1.7646
2011-08-10,1.7728
2011-08-09,1.7922
2011-08-08,1.805
2011-08-05,1.8291
2011-08-04,1.8516
2011-08-03,1.8728
2011-08-02,1.879
2011-08-01,1.885
2011-07-29,1.8815
2011-07-28,1.8819
2011-07-27,1.8823
2011-07-26,1.8864
2011-07-25,1.8885
2011-07-22,1.8874
2011-07-21,1.8805
2011-07-20,1.8771
2011-07-19,1.8733
2011-07-18,1.8748
2011-07-15,1.881
2011-07-14,1.8855
2011-07-13,1.8902
2011-07-12,1.8882
2011-07-11,1.8893
2011-07-08,1.8892
2011-07-07,1.8859
2011-07-06,1.8758
2011-07-05,1.87
2011-07-01,1.8623
2011-06-30,1.8547
2011-06-29,1.8455
2011-06-28,1.8413
2011-06-27,1.8378
2011-06-24,1.8386
2011-06-23,1.8387
2011-06-22,1.8378
2011-06-21,1.8403
2011-06-20,1.8408
2011-06-17,1.852
2011-06-16,1.861
2011-06-15,1.8709
2011-06-14,1.8762
2011-06-13,1.8729
2011-06-10,1.8706
2011-06-09,1.872
2011-06-08,1.8752
2011-06-07,1.8823
2011-06-06,1.8813
2011-06-03,1.878
2011-06-02,1.8642
2011-06-01,1.8586
2011-05-31,1.8541
2011-05-27,1.8378
2011-05-26,1.8239
2011-05-25,1.809
2011-05-24,1.796
2011-05-23,1.7976
2011-05-20,1.7986
2011-05-19,1.7916
2011-05-18,1.7823
2011-05-17,1.785
2011-05-16,1.7907
2011-05-13,1.7926
2011-05-12,1.7879
2011-05-11,1.782
2011-05-10,1.7796
2011-05-09,1.7681
2011-05-06,1.7583
2011-05-05,1.7531
2011-05-04,1.7521
2011-05-03,1.7492
2011-05-02,1.7448
2011-04-29,1.7358
2011-04-28,1.7249
2011-04-27,1.7123
2011-04-26,1.7025
2011-04-25,1.6928
2011-04-21,1.6858
2011-04-20,1.6756
2011-04-19,1.6712
2011-04-18,1.6706
2011-04-15,1.6708
2011-04-14,1.6672
2011-04-13,1.6662
2011-04-12,1.6667
2011-04-11,1.6691
2011-04-08,1.6675
2011-04-07,1.6571
2011-04-06,1.6404
2011-04-05,1.6272
2011-04-04,1.6111
2011-04-01,1.5994
2011-03-31,1.5807
2011-03-30,1.5524
2011-03-29,1.5494
2011-03-28,1.5446
2011-03-25,1.544
2011-03-24,1.5469
2011-03-23,1.5531
2011-03-22,1.5607
2011-03-21,1.5692
2011-03-18,1.5749
2011-03-17,1.5796
2011-03-16,1.5858
2011-03-15,1.5926
2011-03-14,1.5991
2011-03-11,1.6043
2011-03-10,1.6043
2011-03-09,1.6047
2011-03-08,1.6001
2011-03-07,1.5955
2011-03-04,1.5884
2011-03-03,1.5805
2011-03-02,1.5759
2011-03-01,1.5733
2011-02-28,1.5709
2011-02-25,1.5686
2011-02-24,1.568
2011-02-23,1.5749
2011-02-22,1.5875
2011-02-18,1.6012
2011-02-17,1.6071
2011-02-16,1.6106
2011-02-15,1.6066
2011-02-14,1.6154
2011-02-11,1.6235
2011-02-10,1.6312
2011-02-09,1.64
2011-02-08,1.6498
2011-02-07,1.6516
2011-02-04,1.6636
2011-02-03,1.674
2011-02-02,1.6844
2011-02-01,1.6937
2011-01-31,1.7042
2011-01-28,1.7145
2011-01-27,1.7265
2011-01-26,1.7334
2011-01-25,1.7421
2011-01-24,1.7523
2011-01-21,1.7649
2011-01-20,1.789
2011-01-19,1.8186
2011-01-18,1.8414
2011-01-14,1.8553
2011-01-13,1.8699
2011-01-12,1.8827
2011-01-11,1.8917
2011-01-10,1.9017
2011-01-07,1.9022
2011-01-06,1.9042
2011-01-05,1.909
2011-01-04,1.9217
2011-01-03,1.9368
2010-12-31,1.9539
2010-12-30,1.9727
2010-12-29,1.9944
2010-12-28,2.0097
2010-12-27,2.036
2010-12-23,2.071
2010-12-22,2.0778
2010-12-21,2.0676
2010-12-20,2.0588
2010-12-17,2.0531
2010-12-16,2.0491
2010-12-15,2.0486
2010-12-14,2.0565
2010-12-13,2.0728
2010-12-10,2.0766
2010-12-09,2.074
2010-12-08,2.0674
2010-12-07,2.0578
2010-12-06,2.053
2010-12-03,2.0564
2010-12-02,2.0518
2010-12-01,2.0408
2010-11-30,2.0146
2010-11-29,1.9787
2010-11-26,1.9461
2010-11-24,1.9031
2010-11-23,1.8545
2010-11-22,1.8071
2010-11-19,1.7629
2010-11-18,1.731
2010-11-17,1.7035
2010-11-16,1.6759
2010-11-15,1.6441
2010-11-12,1.601
2010-11-11,1.5601
2010-11-10,1.5276
2010-11-09,1.4823
2010-11-08,1.4655
2010-11-05,1.4445
2010-11-04,1.4251
2010-11-03,1.4003
2010-11-02,1.395
2010-11-01,1.3927
2010-10-29,1.389
2010-10-28,1.382
2010-10-27,1.3787
2010-10-26,1.3765
2010-10-25,1.3715
2010-10-22,1.3695
2010-10-21,1.3683
2010-10-20,1.3667
2010-10-19,1.3657
2010-10-18,1.3687
2010-10-15,1.3708
2010-10-14,1.371
2010-10-13,1.3697
2010-10-12,1.3697
2010-10-11,1.3719
2010-10-08,1.3743
2010-10-07,1.3756
2010-10-06,1.377
2010-10-05,1.3784
2010-10-04,1.3752
2010-10-01,1.3727
2010-09-30,1.3726
2010-09-29,1.3739
2010-09-28,1.3643
2010-09-27,1.3577
2010-09-24,1.3566
2010-09-23,1.3583
2010-09-22,1.3641
2010-09-21,1.3682
2010-09-20,1.3665
2010-09-17,1.3625
2010-09-16,1.364
2010-09-15,1.3606
2010-09-14,1.3496
2010-09-13,1.3435
2010-09-10,1.3395
2010-09-09,1.3389
2010-09-08,1.3346
2010-09-07,1.3284
2010-09-03,1.3241
2010-09-02,1.3157
2010-09-01,1.3064
2010-08-31,1.3004
2010-08-30,1.3006
2010-08-27,1.2981
2010-08-26,1.2965
2010-08-25,1.2943
2010-08-24,1.2909
2010-08-23,1.2921
2010-08-20,1.2868
2010-08-19,1.2883
2010-08-18,1.292
2010-08-17,1.2963
2010-08-16,1.2984
2010-08-13,1.3032
2010-08-12,1.3119
2010-08-11,1.3264
2010-08-10,1.3405
2010-08-09,1.348
2010-08-06,1.3524
2010-08-05,1.3572
2010-08-04,1.3566
2010-08-03,1.3502
2010-08-02,1.3383
2010-07-30,1.3324
2010-07-29,1.3327
2010-07-28,1.3302
2010-07-27,1.3248
