date,SMA
2024-10-04,241.5035
2024-10-03,239.536
2024-10-02,239.0115
2024-10-01,237.531
2024-09-30,235.16
2024-09-27,232.784
2024-09-26,230.075
2024-09-25,227.6515
2024-09-24,225.261
2024-09-23,223.208
2024-09-20,221.724
2024-09-19,220.3445
2024-09-18,219.312
2024-09-17,219.007
2024-09-16,218.7495
2024-09-13,218.2165
2024-09-12,217.409
2024-09-11,215.9875
2024-09-10,214.9725
2024-09-09,213.5385
2024-09-06,212.725
2024-09-05,212.1305
2024-09-04,210.21
2024-09-03,209.2715
2024-08-30,208.6855
2024-08-29,208.3635
2024-08-28,208.8925
2024-08-27,210.2085
2024-08-26,210.879
2024-08-23,211.8235
2024-08-22,211.7975
2024-08-21,212.277
2024-08-20,211.913
2024-08-19,213.177
2024-08-16,214.6165
2024-08-15,215.7705
2024-08-14,217.525
2024-08-13,219.881
2024-08-12,222.3175
2024-08-09,225.075
2024-08-08,227.4865
2024-08-07,229.596
2024-08-06,233.171
2024-08-05,236.2555
2024-08-02,238.9585
2024-08-01,241.151
2024-07-31,242.6275
2024-07-30,242.587
2024-07-29,241.949
2024-07-26,240.238
2024-07-25,239.119
2024-07-24,237.925
2024-07-23,236.493
2024-07-22,233.303
2024-07-19,229.878
2024-07-18,226.9965
2024-07-17,223.778
2024-07-16,220.725
2024-07-15,216.7975
2024-07-12,213.289
2024-07-11,209.742
2024-07-10,206.2235
2024-07-09,201.75
2024-07-08,197.5075
2024-07-05,193.7575
2024-07-03,189.9315
2024-07-02,186.3505
2024-07-01,183.602
2024-06-28,182.013
2024-06-27,181.0585
2024-06-26,179.997
2024-06-25,179.016
2024-06-24,178.6105
2024-06-21,178.1685
2024-06-20,178.0235
2024-06-18,178.275
2024-06-17,177.7795
2024-06-14,177.2805
2024-06-13,177.122
2024-06-12,176.698
2024-06-11,176.711
2024-06-10,176.7725
2024-06-07,176.5065
2024-06-06,176.231
2024-06-05,176.07
2024-06-04,176.2105
2024-06-03,176.71
2024-05-31,176.955
2024-05-30,177.0515
2024-05-29,177.1115
2024-05-28,177.466
2024-05-24,178.331
2024-05-23,177.7835
2024-05-22,177.6055
2024-05-21,176.7065
2024-05-20,174.6105
2024-05-17,172.9655
2024-05-16,171.445
2024-05-15,170.1995
2024-05-14,169.2725
2024-05-13,168.2505
2024-05-10,167.73
2024-05-09,167.859
2024-05-08,167.9905
2024-05-07,167.8425
2024-05-06,167.796
2024-05-03,167.207
2024-05-02,166.3925
2024-05-01,165.9475
2024-04-30,165.367
2024-04-29,164.5345
2024-04-26,163.593
2024-04-25,163.968
2024-04-24,164.4505
2024-04-23,165.2275
2024-04-22,166.625
2024-04-19,168.064
2024-04-18,169.3525
2024-04-17,170.639
2024-04-16,171.4325
2024-04-15,172.267
2024-04-12,172.3715
2024-04-11,171.944
2024-04-10,171.688
2024-04-09,171.977
2024-04-08,172.0215
2024-04-05,172.1395
2024-04-04,172.827
2024-04-03,173.0985
2024-04-02,173.7165
2024-04-01,174.792
2024-03-28,176.163
2024-03-27,177.4675
2024-03-26,178.578
2024-03-25,179.681
2024-03-22,181.0195
2024-03-21,182.0765
2024-03-20,183.306
2024-03-19,184.2615
2024-03-18,185.3835
2024-03-15,186.691
2024-03-14,188.535
2024-03-13,189.8455
2024-03-12,190.5725
2024-03-11,191.102
2024-03-08,191.892
2024-03-07,192.603
2024-03-06,193.0495
2024-03-05,193.4775
2024-03-04,193.4935
2024-03-01,193.482
2024-02-29,192.793
2024-02-28,192.0635
2024-02-27,191.541
2024-02-26,191.101
2024-02-23,190.2935
2024-02-22,189.8265
2024-02-21,190.3475
2024-02-20,191.066
2024-02-16,191.818
2024-02-15,192.43
2024-02-14,193.0015
2024-02-13,194.3435
2024-02-12,196.138
2024-02-09,197.676
2024-02-08,199.3585
2024-02-07,201.5775
2024-02-06,203.9465
2024-02-05,206.714
2024-02-02,209.5355
2024-02-01,212.0365
2024-01-31,214.516
2024-01-30,217.5725
2024-01-29,220.417
2024-01-26,223.5295
2024-01-25,227.439
2024-01-24,231.138
2024-01-23,233.3735
2024-01-22,235.6415
2024-01-19,237.5585
2024-01-18,239.81
2024-01-17,241.82
2024-01-16,243.7175
2024-01-12,245.2745
2024-01-11,246.2945
2024-01-10,246.784
2024-01-09,247.074
2024-01-08,247.518
2024-01-05,247.6275
2024-01-04,247.7215
2024-01-03,247.761
2024-01-02,247.6175
2023-12-29,247.138
2023-12-28,246.718
2023-12-27,246.266
2023-12-26,245.53
2023-12-22,244.5035
2023-12-21,243.649
2023-12-20,242.6345
2023-12-19,242.3375
2023-12-18,241.2565
2023-12-15,240.3675
2023-12-14,239.372
2023-12-13,238.9615
2023-12-12,238.8675
2023-12-11,238.2025
2023-12-08,236.948
2023-12-07,235.255
2023-12-06,234.2285
2023-12-05,233.369
2023-12-04,232.3965
2023-12-01,231.6155
2023-11-30,230.5995
2023-11-29,228.8785
2023-11-28,226.7135
2023-11-27,224.2455
2023-11-24,222.8065
2023-11-22,221.322
2023-11-21,220.2325
2023-11-20,218.9985
2023-11-17,217.8225
2023-11-16,216.707
2023-11-15,216.033
2023-11-14,216.025
2023-11-13,216.897
2023-11-10,218.4075
2023-11-09,220.231
2023-11-08,222.6755
2023-11-07,224.7195
2023-11-06,226.7915
2023-11-03,228.8115
2023-11-02,230.84
2023-11-01,232.917
2023-10-31,235.692
2023-10-30,237.9765
2023-10-27,240.6885
2023-10-26,242.8345
2023-10-25,244.8655
2023-10-24,246.2695
2023-10-23,247.6495
2023-10-20,249.395
2023-10-19,251.0395
2023-10-18,252.819
2023-10-17,253.8145
2023-10-16,254.397
2023-10-13,254.965
2023-10-12,256.1285
2023-10-11,256.987
2023-10-10,257.4025
2023-10-09,257.5955
2023-10-06,258.291
2023-10-05,257.6895
2023-10-04,257.2615
2023-10-03,256.7995
2023-10-02,257.2975
2023-09-29,256.968
2023-09-28,257.361
2023-09-27,257.887
2023-09-26,258.721
2023-09-25,258.456
2023-09-22,258.036
2023-09-21,257.294
2023-09-20,256.352
2023-09-19,254.882
2023-09-18,253.121
2023-09-15,250.6315
2023-09-14,247.873
2023-09-13,245.351
2023-09-12,243.434
2023-09-11,242.048
2023-09-08,240.5015
2023-09-07,240.3435
2023-09-06,239.8785
2023-09-05,239.7675
2023-09-01,239.5155
2023-08-31,239.958
2023-08-30,240.02
2023-08-29,239.8805
2023-08-28,240.075
2023-08-25,241.5055
2023-08-24,242.898
2023-08-23,244.1815
2023-08-22,245.556
2023-08-21,247.1605
2023-08-18,249.0495
2023-08-17,251.276
2023-08-16,253.46
2023-08-15,256.743
2023-08-14,259.762
2023-08-11,262.293
2023-08-10,264.2295
2023-08-09,265.8575
2023-08-08,267.3475
2023-08-07,268.352
2023-08-04,269.26
2023-08-03,270.2885
2023-08-02,271.1495
2023-08-01,272.568
2023-07-31,273.5055
2023-07-28,273.2225
2023-07-27,272.7755
2023-07-26,272.802
2023-07-25,272.095
2023-07-24,270.8835
2023-07-21,270.2605
2023-07-20,270.49
2023-07-19,270.318
2023-07-18,269.4775
2023-07-17,267.8375
2023-07-14,266.1135
2023-07-13,264.884
2023-07-12,263.9245
2023-07-11,262.8165
2023-07-10,261.547
2023-07-07,259.8095
2023-07-06,257.3165
2023-07-05,254.555
2023-07-03,251.3115
2023-06-30,248.019
2023-06-29,245.3065
2023-06-28,242.628
2023-06-27,239.874
2023-06-26,237.022
2023-06-23,234.193
2023-06-22,230.508
2023-06-21,226.566
2023-06-20,223.0365
2023-06-16,218.321
2023-06-15,214.1385
2023-06-14,210.0365
2023-06-13,205.523
2023-06-12,200.905
2023-06-09,196.8125
2023-06-08,193.1965
2023-06-07,189.8805
2023-06-06,187.1095
2023-06-05,184.6335
2023-06-02,182.256
2023-06-01,179.6175
2023-05-31,177.272
2023-05-30,175.091
2023-05-26,173.1245
2023-05-25,171.6815
2023-05-24,170.4675
2023-05-23,169.01
2023-05-22,167.755
2023-05-19,166.439
2023-05-18,165.686
2023-05-17,164.991
2023-05-16,165.3275
2023-05-15,166.217
2023-05-12,167.2515
2023-05-11,168.1025
2023-05-10,168.7935
2023-05-09,169.3935
2023-05-08,170.2755
2023-05-05,170.9115
2023-05-04,171.6615
2023-05-03,172.8775
2023-05-02,174.476
2023-05-01,176.199
2023-04-28,178.4805
2023-04-27,180.029
2023-04-26,181.7135
2023-04-25,183.4855
2023-04-24,185.0425
2023-04-21,186.4355
2023-04-20,187.7925
2023-04-19,189.2005
2023-04-18,190.05
2023-04-17,189.997
2023-04-14,189.6515
2023-04-13,189.608
2023-04-12,189.3355
2023-04-11,189.4715
2023-04-10,188.856
2023-04-06,188.3025
2023-04-05,187.6955
2023-04-04,187.5195
2023-04-03,187.276
2023-03-31,187.228
2023-03-30,186.7445
2023-03-29,186.5255
2023-03-28,186.97
2023-03-27,187.796
2023-03-24,188.587
2023-03-23,188.9105
2023-03-22,189.403
2023-03-21,189.8885
2023-03-20,189.878
2023-03-17,191.131
2023-03-16,192.2265
2023-03-15,193.732
2023-03-14,195.172
2023-03-13,195.741
2023-03-10,196.8615
2023-03-09,198.5555
2023-03-08,199.974
2023-03-07,200.7145
2023-03-06,201.067
2023-03-03,200.8755
2023-03-02,200.3995
2023-03-01,199.925
2023-02-28,198.4475
2023-02-27,196.495
2023-02-24,195.0085
2023-02-23,193.178
2023-02-22,190.296
2023-02-21,187.4475
2023-02-17,184.7665
2023-02-16,181.022
2023-02-15,177.2785
2023-02-14,173.0055
2023-02-13,169.1175
2023-02-10,165.5055
2023-02-09,161.839
2023-02-08,157.634
2023-02-07,153.512
2023-02-06,149.66
2023-02-03,145.575
2023-02-02,141.593
2023-02-01,137.8615
2023-01-31,134.196
2023-01-30,131.694
2023-01-27,129.452
2023-01-26,126.1925
2023-01-25,123.634
2023-01-24,122.57
2023-01-23,121.643
2023-01-20,121.334
2023-01-19,121.553
2023-01-18,122.688
2023-01-17,123.7605
2023-01-13,125.0695
2023-01-12,126.7895
2023-01-11,128.659
2023-01-10,130.889
2023-01-09,133.899
2023-01-06,136.5825
2023-01-05,139.6315
2023-01-04,143.1055
2023-01-03,146.546
2022-12-30,150.884
2022-12-29,154.46
2022-12-28,158.104
2022-12-27,161.51
2022-12-23,165.201
2022-12-22,168.1865
2022-12-21,171.079
2022-12-20,172.696
2022-12-19,174.1995
2022-12-16,175.7155
2022-12-15,177.3625
2022-12-14,178.825
2022-12-13,180.706
2022-12-12,182.206
2022-12-09,183.6135
2022-12-08,184.197
2022-12-07,184.4045
2022-12-06,185.2675
2022-12-05,186.1305
2022-12-02,187.3815
2022-12-01,188.404
2022-11-30,189.418
2022-11-29,191.074
2022-11-28,193.4095
2022-11-25,195.6895
2022-11-23,197.801
2022-11-22,199.873
2022-11-21,202.4982
2022-11-18,204.6672
2022-11-17,206.3797
2022-11-16,207.5852
2022-11-15,209.3412
2022-11-14,210.6298
2022-11-11,212.0498
2022-11-10,212.5008
2022-11-09,214.0507
2022-11-08,216.0332
2022-11-07,217.2932
2022-11-04,218.5872
2022-11-03,219.3672
2022-11-02,220.5082
2022-11-01,221.7997
2022-10-31,222.8807
2022-10-28,223.6237
2022-10-27,225.4602
2022-10-26,227.6162
2022-10-25,230.7747
2022-10-24,233.801
2022-10-21,237.039
2022-10-20,240.0835
2022-10-19,244.149
2022-10-18,248.087
2022-10-17,252.514
2022-10-14,257.0
2022-10-13,261.918
2022-10-12,266.0195
2022-10-11,270.288
2022-10-10,274.0695
2022-10-07,278.1425
2022-10-06,281.973
2022-10-05,284.5295
2022-10-04,286.674
2022-10-03,287.923
2022-09-30,289.3135
2022-09-29,289.909
2022-09-28,290.279
2022-09-27,289.7735
2022-09-26,289.8675
2022-09-23,290.4715
2022-09-22,291.5085
2022-09-21,291.9338
2022-09-20,291.7165
2022-09-19,290.7757
2022-09-16,290.1555
2022-09-15,290.1315
2022-09-14,290.1438
2022-09-13,290.3415
2022-09-12,291.201
2022-09-09,290.9815
2022-09-08,290.329
2022-09-07,290.5838
2022-09-06,290.5655
2022-09-02,291.3657
2022-09-01,292.2637
2022-08-31,293.8373
2022-08-30,295.4267
2022-08-29,296.571
2022-08-26,297.1938
2022-08-25,297.6468
2022-08-24,296.8883
2022-08-23,295.7745
2022-08-22,293.8948
2022-08-19,292.8208
2022-08-18,291.5997
2022-08-17,290.0415
2022-08-16,287.2167
2022-08-15,284.165
2022-08-12,280.7263
2022-08-11,277.7282
2022-08-10,275.3123
2022-08-09,272.4465
2022-08-08,269.9333
2022-08-05,267.1293
2022-08-04,265.259
2022-08-03,262.0545
2022-08-02,258.2713
2022-08-01,254.8953
2022-07-29,251.3947
2022-07-28,247.7608
2022-07-27,245.1403
2022-07-26,243.0325
2022-07-25,242.3355
2022-07-22,241.1992
2022-07-21,239.3405
2022-07-20,237.5595
2022-07-19,237.0363
2022-07-18,235.5978
2022-07-15,234.2255
2022-07-14,233.8722
2022-07-13,233.001
2022-07-12,231.9358
2022-07-11,231.8938
2022-07-08,232.162
2022-07-07,231.7172
2022-07-06,231.4343
2022-07-05,231.7617
2022-07-01,231.8342
2022-06-30,233.3877
2022-06-29,234.5035
2022-06-28,235.7167
2022-06-27,236.744
2022-06-24,236.2935
2022-06-23,234.9882
2022-06-22,233.704
2022-06-21,233.148
2022-06-17,232.3612
2022-06-16,233.3468
2022-06-15,234.522
2022-06-14,235.5655
2022-06-13,236.5938
2022-06-10,238.6335
2022-06-09,239.1553
2022-06-08,239.4033
2022-06-07,240.644
2022-06-06,241.8182
2022-06-03,244.3317
2022-06-02,247.1605
2022-06-01,250.1208
2022-05-31,252.9355
2022-05-27,255.3468
2022-05-26,257.199
2022-05-25,260.0287
2022-05-24,263.7405
2022-05-23,267.8782
2022-05-20,273.2635
2022-05-19,278.9493
2022-05-18,283.9387
2022-05-17,288.3952
2022-05-16,292.8375
2022-05-13,297.5028
2022-05-12,301.093
2022-05-11,305.9992
2022-05-10,310.215
2022-05-09,313.1465
2022-05-06,317.1195
2022-05-05,320.313
2022-05-04,323.1877
2022-05-03,325.4983
2022-05-02,329.435
2022-04-29,332.4625
2022-04-28,335.9098
2022-04-27,339.5178
2022-04-26,343.1522
2022-04-25,346.7425
2022-04-22,346.9528
2022-04-21,347.1007
2022-04-20,346.9395
2022-04-19,347.2192
2022-04-18,345.436
2022-04-14,343.7877
2022-04-13,341.8977
2022-04-12,338.862
2022-04-11,335.7777
2022-04-08,332.285
2022-04-07,328.4493
2022-04-06,324.8
2022-04-05,321.6868
2022-04-04,317.2392
2022-04-01,311.558
2022-03-31,307.453
2022-03-30,303.4812
2022-03-29,299.9128
2022-03-28,295.9928
2022-03-25,292.3027
2022-03-24,288.9565
2022-03-23,285.404
2022-03-22,281.4862
2022-03-21,278.612
2022-03-18,277.5423
2022-03-17,277.0583
2022-03-16,277.9215
2022-03-15,279.2915
2022-03-14,280.5227
2022-03-11,282.0832
2022-03-10,283.9032
2022-03-09,285.4648
2022-03-08,286.5153
2022-03-07,287.8977
2022-03-04,289.8767
2022-03-03,290.7575
2022-03-02,291.8637
2022-03-01,292.7197
2022-02-28,293.9255
2022-02-25,293.5242
2022-02-24,293.8447
2022-02-23,296.122
2022-02-22,298.6947
2022-02-18,300.5025
2022-02-17,301.9512
2022-02-16,303.9498
2022-02-15,305.1542
2022-02-14,306.9555
2022-02-11,309.853
2022-02-10,312.7123
2022-02-09,316.0735
2022-02-08,318.2802
2022-02-07,320.5488
2022-02-04,322.5425
2022-02-03,324.8988
2022-02-02,328.1818
2022-02-01,332.2473
2022-01-31,336.7228
2022-01-28,338.7238
2022-01-27,342.457
2022-01-26,346.7418
2022-01-25,349.2595
2022-01-24,352.1852
2022-01-21,354.4685
2022-01-20,355.5513
2022-01-19,354.589
2022-01-18,352.9938
2022-01-14,351.3615
2022-01-13,349.3167
2022-01-12,348.3905
2022-01-11,345.9287
2022-01-10,344.2955
2022-01-07,343.6107
2022-01-06,343.2247
2022-01-05,343.2957
2022-01-04,342.6895
2022-01-03,340.3465
2021-12-31,337.2663
2021-12-30,337.73
2021-12-29,338.141
2021-12-28,339.1172
2021-12-27,339.9258
2021-12-23,339.7255
2021-12-22,340.5422
2021-12-21,342.2115
2021-12-20,345.8505
2021-12-17,349.8025
2021-12-16,352.5327
2021-12-15,355.2342
2021-12-14,356.5465
2021-12-13,357.4612
2021-12-10,358.578
2021-12-09,359.3527
2021-12-08,360.4218
2021-12-07,359.6642
2021-12-06,361.5173
2021-12-03,365.0687
2021-12-02,368.651
2021-12-01,370.8053
2021-11-30,372.0887
2021-11-29,373.1525
2021-11-26,372.7693
2021-11-24,372.688
2021-11-23,371.3857
2021-11-22,369.8757
2021-11-19,367.6755
2021-11-18,363.8858
2021-11-17,360.5128
2021-11-16,356.7927
2021-11-15,353.6183
2021-11-12,351.2303
2021-11-11,348.0572
2021-11-10,343.9707
2021-11-09,339.6895
2021-11-08,336.0598
2021-11-05,329.8765
2021-11-04,322.5998
2021-11-03,315.3282
2021-11-02,308.143
2021-11-01,301.6195
2021-10-29,294.5018
2021-10-28,288.8555
2021-10-27,283.8295
2021-10-26,279.5537
2021-10-25,275.5392
2021-10-22,271.6475
2021-10-21,269.3927
2021-10-20,267.0533
2021-10-19,265.1557
2021-10-18,263.0742
2021-10-15,260.7418
2021-10-14,259.3495
2021-10-13,258.3273
2021-10-12,257.4065
2021-10-11,256.386
2021-10-08,255.5703
2021-10-07,254.75
2021-10-06,254.1042
2021-10-05,253.6228
2021-10-04,253.1617
2021-10-01,252.3623
2021-09-30,251.6485
2021-09-29,250.9587
2021-09-28,250.1988
2021-09-27,249.4213
2021-09-24,248.0973
2021-09-23,246.8768
2021-09-22,246.1695
2021-09-21,245.4453
2021-09-20,244.894
2021-09-17,244.0622
2021-09-16,242.6285
2021-09-15,241.4952
2021-09-14,239.9932
2021-09-13,239.0212
2021-09-10,238.5907
2021-09-09,238.357
2021-09-08,237.573
2021-09-07,236.8417
2021-09-03,236.189
2021-09-02,235.6145
2021-09-01,235.3185
2021-08-31,234.9323
2021-08-30,234.4993
2021-08-27,234.1453
2021-08-26,233.7333
2021-08-25,233.3365
2021-08-24,232.2662
2021-08-23,231.2043
2021-08-20,230.393
2021-08-19,229.7783
2021-08-18,229.3748
2021-08-17,228.8132
2021-08-16,228.7263
2021-08-13,228.0605
2021-08-12,226.8447
2021-08-11,225.6505
2021-08-10,224.7432
2021-08-09,224.0523
2021-08-06,223.5847
2021-08-05,222.8822
2021-08-04,221.8518
2021-08-03,220.7473
2021-08-02,219.9113
2021-07-30,219.3985
2021-07-29,219.2438
2021-07-28,219.283
2021-07-27,219.846
2021-07-26,220.5783
2021-07-23,220.8158
2021-07-22,221.4232
2021-07-21,221.545
2021-07-20,221.0187
2021-07-19,220.3575
2021-07-16,219.9757
2021-07-15,219.5153
2021-07-14,218.7532
2021-07-13,217.8528
2021-07-12,217.0053
2021-07-09,215.7418
2021-07-08,214.9613
2021-07-07,214.0608
2021-07-06,213.3765
2021-07-02,212.469
2021-07-01,211.1382
2021-06-30,209.3868
2021-06-29,208.1438
2021-06-28,207.1962
2021-06-25,206.1378
2021-06-24,205.4542
2021-06-23,204.4427
2021-06-22,203.578
2021-06-21,203.2902
2021-06-18,202.6243
2021-06-17,202.0155
2021-06-16,201.1298
2021-06-15,200.6798
2021-06-14,200.3043
2021-06-11,199.8385
2021-06-10,199.2018
2021-06-09,198.8647
2021-06-08,199.1717
2021-06-07,199.5958
2021-06-04,200.7165
2021-06-03,201.7913
2021-06-02,203.4263
2021-06-01,204.5677
2021-05-28,205.5843
2021-05-27,206.988
2021-05-26,207.7572
2021-05-25,209.0117
2021-05-24,210.6792
2021-05-21,212.8752
2021-05-20,215.3505
2021-05-19,217.5657
2021-05-18,220.5767
2021-05-17,222.9287
2021-05-14,225.2253
2021-05-13,227.726
2021-05-12,230.512
2021-05-11,232.8843
2021-05-10,235.303
2021-05-07,236.5187
2021-05-06,236.5962
2021-05-05,236.9338
2021-05-04,236.9343
2021-05-03,237.2347
2021-04-30,237.3372
2021-04-29,236.5423
2021-04-28,236.3912
2021-04-27,235.4115
2021-04-26,233.854
2021-04-23,231.8625
2021-04-22,230.379
2021-04-21,228.8887
2021-04-20,227.5227
2021-04-19,226.7062
2021-04-16,225.7102
2021-04-15,224.2665
2021-04-14,223.6492
2021-04-13,222.7267
2021-04-12,221.8203
2021-04-09,221.6828
2021-04-08,222.0592
2021-04-07,221.7968
2021-04-06,221.8403
2021-04-05,219.6967
2021-04-01,218.145
2021-03-31,217.4732
2021-03-30,217.2277
2021-03-29,218.0747
2021-03-26,219.8603
2021-03-25,220.8068
2021-03-24,221.504
2021-03-23,223.3665
2021-03-22,223.9778
2021-03-19,224.7195
2021-03-18,226.8267
2021-03-17,229.0637
2021-03-16,230.6693
2021-03-15,232.6583
2021-03-12,234.4613
2021-03-11,236.4268
2021-03-10,238.1805
2021-03-09,241.2038
2021-03-08,244.3678
2021-03-05,249.1883
2021-03-04,253.389
2021-03-03,257.2765
2021-03-02,260.9363
2021-03-01,263.4925
2021-02-26,264.7442
2021-02-25,267.4097
2021-02-24,270.442
2021-02-23,272.7932
2021-02-22,275.8258
2021-02-19,278.0282
2021-02-18,279.0897
2021-02-17,280.1408
2021-02-16,280.9142
2021-02-12,281.4132
2021-02-11,281.8945
2021-02-10,282.607
2021-02-09,283.3507
2021-02-08,282.7128
2021-02-05,282.9895
2021-02-04,282.3863
2021-02-03,280.8195
2021-02-02,278.8265
2021-02-01,276.4428
2021-01-29,274.2072
2021-01-28,272.5613
2021-01-27,269.7373
2021-01-26,266.3962
2021-01-25,262.7075
2021-01-22,258.7938
2021-01-21,255.3555
2021-01-20,252.1033
2021-01-19,249.5125
2021-01-15,246.3683
2021-01-14,242.9785
2021-01-13,239.4493
2021-01-12,235.873
2021-01-11,231.8822
2021-01-08,228.8135
2021-01-07,224.2212
2021-01-06,221.4518
2021-01-05,219.5482
2021-01-04,217.2803
2020-12-31,215.0072
2020-12-30,212.7263
2020-12-29,210.8927
2020-12-28,209.2528
2020-12-24,207.954
2020-12-23,206.4912
2020-12-22,204.9812
2020-12-21,203.0063
2020-12-18,200.3355
2020-12-17,197.0733
2020-12-16,194.2523
2020-12-15,191.233
2020-12-14,187.4803
2020-12-11,183.6248
2020-12-10,180.321
2020-12-09,176.822
2020-12-08,173.5867
2020-12-07,169.7763
2020-12-04,166.2462
2020-12-03,163.5637
2020-12-02,160.6903
2020-12-01,158.275
2020-11-30,155.2042
2020-11-27,152.2115
2020-11-25,149.296
2020-11-24,146.4963
2020-11-23,144.318
2020-11-20,142.6252
2020-11-19,141.4755
2020-11-18,140.2508
2020-11-17,139.1842
2020-11-16,138.8563
2020-11-13,139.2353
2020-11-12,139.7548
2020-11-11,140.3735
2020-11-10,141.1097
2020-11-09,141.7145
2020-11-06,142.0652
2020-11-05,142.1327
2020-11-04,141.9298
2020-11-03,142.0018
2020-11-02,141.8365
2020-10-30,142.256
2020-10-29,142.7068
2020-10-28,143.329
2020-10-27,143.7122
2020-10-26,143.6187
2020-10-23,143.634
2020-10-22,143.4125
2020-10-21,142.7792
2020-10-20,142.0745
2020-10-19,142.1127
2020-10-16,142.422
2020-10-15,142.4633
2020-10-14,142.0392
2020-10-13,141.7135
2020-10-12,141.7653
2020-10-09,141.3873
2020-10-08,140.366
2020-10-07,139.4563
2020-10-06,138.4727
2020-10-05,137.0765
2020-10-02,136.9538
2020-10-01,136.819
2020-09-30,136.8058
2020-09-29,137.5732
2020-09-28,138.894
2020-09-25,139.252
2020-09-24,139.9255
2020-09-23,140.6396
2020-09-22,141.0447
2020-09-21,140.6882
2020-09-18,140.0316
2020-09-17,139.3352
2020-09-16,138.5398
2020-09-15,137.4675
2020-09-14,136.0903
2020-09-11,134.599
2020-09-10,133.7903
2020-09-09,132.7838
2020-09-08,131.2605
2020-09-04,130.4855
2020-09-03,128.3559
2020-09-02,126.5378
2020-09-01,124.0317
2020-08-31,121.0709
2020-08-28,117.7156
2020-08-27,115.1068
2020-08-26,112.6026
2020-08-25,110.4224
2020-08-24,108.5995
2020-08-21,107.0175
2020-08-20,104.9076
2020-08-19,103.2784
2020-08-18,102.3244
2020-08-17,101.262
2020-08-14,100.6198
2020-08-13,100.1203
2020-08-12,99.7191
2020-08-11,99.6899
2020-08-10,100.1646
2020-08-07,100.4262
2020-08-06,100.7327
2020-08-05,100.415
2020-08-04,100.0179
2020-08-03,99.6941
2020-07-31,99.316
2020-07-30,98.5757
2020-07-29,97.3495
2020-07-28,95.9518
2020-07-27,94.3947
2020-07-24,92.4618
2020-07-23,91.0251
2020-07-22,89.1844
2020-07-21,87.2159
2020-07-20,85.3024
2020-07-17,83.1621
2020-07-16,81.5058
2020-07-15,79.8096
2020-07-14,77.93
2020-07-13,76.177
2020-07-10,74.3044
2020-07-09,72.3984
2020-07-08,71.1676
2020-07-07,69.7503
2020-07-06,68.2838
2020-07-02,66.6641
2020-07-01,65.5165
2020-06-30,64.7276
2020-06-29,64.0667
2020-06-26,63.6959
2020-06-25,63.2801
2020-06-24,62.6795
2020-06-23,62.2108
2020-06-22,61.6011
2020-06-19,61.0096
2020-06-18,60.432
2020-06-17,59.804
2020-06-16,59.1914
2020-06-15,58.6297
2020-06-12,57.9906
2020-06-11,57.5508
2020-06-10,56.9445
2020-06-09,56.2257
2020-06-08,55.7944
2020-06-05,55.3594
2020-06-04,55.0074
2020-06-03,54.7347
2020-06-02,54.3522
2020-06-01,53.951
2020-05-29,53.295
2020-05-28,53.118
2020-05-27,53.1003
2020-05-26,52.9299
2020-05-22,52.8629
2020-05-21,52.5571
2020-05-20,52.1505
2020-05-19,51.8724
2020-05-18,51.4681
2020-05-15,51.2438
2020-05-14,51.0929
2020-05-13,50.8992
2020-05-12,50.6954
2020-05-11,50.3637
2020-05-08,49.8292
2020-05-07,49.0078
2020-05-06,48.2371
2020-05-05,47.4467
2020-05-04,46.6068
2020-05-01,45.6695
2020-04-30,44.8467
2020-04-29,43.8456
2020-04-28,42.9239
2020-04-27,42.034
2020-04-24,41.086
2020-04-23,40.4294
2020-04-22,39.8748
2020-04-21,39.1177
2020-04-20,38.2763
2020-04-17,37.2135
2020-04-16,36.126
2020-04-15,34.8461
2020-04-14,33.8473
2020-04-13,32.9646
2020-04-09,32.6168
2020-04-08,32.5753
2020-04-07,32.8599
2020-04-06,33.1929
2020-04-03,33.4987
2020-04-02,34.2436
2020-04-01,35.1439
2020-03-31,36.037
2020-03-30,36.7754
2020-03-27,37.5803
2020-03-26,38.0924
2020-03-25,38.5952
2020-03-24,39.3937
2020-03-23,40.3768
2020-03-20,41.7084
2020-03-19,43.2867
2020-03-18,44.8592
2020-03-17,46.7132
2020-03-16,48.1406
2020-03-13,49.3238
2020-03-12,50.1817
2020-03-11,50.8708
2020-03-10,51.338
2020-03-09,51.7578
2020-03-06,52.2247
2020-03-05,52.3763
2020-03-04,52.4102
2020-03-03,52.8687
2020-03-02,52.9837
2020-02-28,52.6735
2020-02-27,52.5829
2020-02-26,52.2562
2020-02-25,51.5499
2020-02-24,50.7436
2020-02-21,49.847
2020-02-20,48.751
2020-02-19,47.6515
2020-02-18,46.4175
2020-02-14,45.2578
2020-02-13,44.3027
2020-02-12,43.351
2020-02-11,42.5864
2020-02-10,41.7547
2020-02-07,40.7776
2020-02-06,39.8885
2020-02-05,39.0324
2020-02-04,38.147
2020-02-03,36.6952
2020-01-31,35.5719
2020-01-30,34.8376
2020-01-29,34.096
2020-01-28,33.5417
2020-01-27,33.0866
2020-01-24,32.663
2020-01-23,32.1978
2020-01-22,31.6878
2020-01-21,31.1413
2020-01-17,30.6641
2020-01-16,30.2729
2020-01-15,29.8246
2020-01-14,29.3679
2020-01-13,28.7695
2020-01-10,28.2189
2020-01-09,27.8007
2020-01-08,27.359
2020-01-07,26.8503
2020-01-06,26.4064
2020-01-03,26.0025
2020-01-02,25.6359
2019-12-31,25.3224
2019-12-30,25.0442
2019-12-27,24.7617
2019-12-26,24.4314
2019-12-24,24.0913
2019-12-23,23.7949
2019-12-20,23.5077
2019-12-19,23.3385
2019-12-18,23.1657
2019-12-17,23.0536
2019-12-16,22.957
2019-12-13,22.8592
2019-12-12,22.8291
2019-12-11,22.7838
2019-12-10,22.7746
2019-12-09,22.7621
2019-12-06,22.7541
2019-12-05,22.753
2019-12-04,22.7403
2019-12-03,22.6876
2019-12-02,22.6252
2019-11-29,22.5533
2019-11-27,22.5033
2019-11-26,22.449
2019-11-25,22.4067
2019-11-22,22.3779
2019-11-21,22.3615
2019-11-20,22.1777
2019-11-19,21.8526
2019-11-18,21.5061
2019-11-15,21.1845
2019-11-14,20.8671
2019-11-13,20.5758
2019-11-12,20.2879
2019-11-11,19.9811
2019-11-08,19.6874
2019-11-07,19.3899
2019-11-06,19.0872
2019-11-05,18.8137
2019-11-04,18.5565
2019-11-01,18.2906
2019-10-31,18.0177
2019-10-30,17.7447
2019-10-29,17.5051
2019-10-28,17.2667
2019-10-25,16.9772
2019-10-24,16.6906
2019-10-23,16.5002
2019-10-22,16.4136
2019-10-21,16.3057
2019-10-18,16.2648
2019-10-17,16.2103
2019-10-16,16.1591
2019-10-15,16.1049
2019-10-14,16.0612
2019-10-11,16.0141
2019-10-10,16.0051
2019-10-09,16.0089
2019-10-08,16.0174
2019-10-07,16.0024
2019-10-04,15.9826
2019-10-03,15.9694
2019-10-02,15.9579
2019-10-01,15.883
2019-09-30,15.8174
2019-09-27,15.7666
2019-09-26,15.6985
2019-09-25,15.6086
2019-09-24,15.5599
2019-09-23,15.5325
2019-09-20,15.4331
2019-09-19,15.3715
2019-09-18,15.2856
2019-09-17,15.2268
2019-09-16,15.167
2019-09-13,15.0907
2019-09-12,14.9922
2019-09-11,14.9047
2019-09-10,14.8644
2019-09-09,14.8426
2019-09-06,14.8533
2019-09-05,14.8895
2019-09-04,14.9023
2019-09-03,14.9359
2019-08-30,14.9469
2019-08-29,14.976
2019-08-28,15.0165
2019-08-27,15.1032
2019-08-26,15.1971
2019-08-23,15.2664
2019-08-22,15.3218
2019-08-21,15.3441
2019-08-20,15.4909
2019-08-19,15.6053
2019-08-16,15.7014
2019-08-15,15.8289
2019-08-14,15.9552
2019-08-13,16.0727
2019-08-12,16.1306
2019-08-09,16.2123
2019-08-08,16.2458
2019-08-07,16.2468
2019-08-06,16.2652
2019-08-05,16.2629
2019-08-02,16.2696
2019-08-01,16.2655
2019-07-31,16.269
2019-07-30,16.2121
2019-07-29,16.1618
2019-07-26,16.1208
2019-07-25,16.1034
2019-07-24,16.0716
2019-07-23,15.9212
2019-07-22,15.7994
2019-07-19,15.6867
2019-07-18,15.5582
2019-07-17,15.4678
2019-07-16,15.3674
2019-07-15,15.2762
2019-07-12,15.1476
2019-07-11,15.0437
2019-07-10,14.9459
2019-07-09,14.8732
2019-07-08,14.8159
2019-07-05,14.7298
2019-07-03,14.6393
2019-07-02,14.5116
2019-07-01,14.4084
2019-06-28,14.2478
2019-06-27,14.1201
2019-06-26,14.0047
2019-06-25,13.9067
2019-06-24,13.8031
2019-06-21,13.6931
2019-06-20,13.6052
2019-06-19,13.5156
2019-06-18,13.4444
2019-06-17,13.3798
2019-06-14,13.3331
2019-06-13,13.3778
2019-06-12,13.438
2019-06-11,13.5148
2019-06-10,13.5478
2019-06-07,13.6366
2019-06-06,13.7616
2019-06-05,13.8912
2019-06-04,14.0594
2019-06-03,14.2652
2019-05-31,14.5188
2019-05-30,14.7152
2019-05-29,14.8679
2019-05-28,15.0306
2019-05-24,15.2065
2019-05-23,15.3549
2019-05-22,15.5287
2019-05-21,15.7485
2019-05-20,15.9445
2019-05-17,16.1358
2019-05-16,16.3433
2019-05-15,16.4863
2019-05-14,16.6243
2019-05-13,16.7379
2019-05-10,16.8735
2019-05-09,16.9698
2019-05-08,17.0834
2019-05-07,17.175
2019-05-06,17.2621
2019-05-03,17.3275
2019-05-02,17.37
2019-05-01,17.5291
2019-04-30,17.702
2019-04-29,17.8703
2019-04-26,17.9982
2019-04-25,18.1432
2019-04-24,18.2338
2019-04-23,18.2642
2019-04-22,18.2526
2019-04-18,18.2585
2019-04-17,18.2611
2019-04-16,18.269
2019-04-15,18.2493
2019-04-12,18.2597
2019-04-11,18.2855
2019-04-10,18.3573
2019-04-09,18.4003
2019-04-08,18.4371
2019-04-05,18.4962
2019-04-04,18.5268
2019-04-03,18.5561
2019-04-02,18.5042
2019-04-01,18.4731
2019-03-29,18.4604
2019-03-28,18.5101
2019-03-27,18.6477
2019-03-26,18.7807
2019-03-25,18.881
2019-03-22,19.0088
2019-03-21,19.1094
2019-03-20,19.1668
2019-03-19,19.2633
2019-03-18,19.3906
2019-03-15,19.5185
2019-03-14,19.613
2019-03-13,19.6737
2019-03-12,19.7499
2019-03-11,19.8481
2019-03-08,19.8977
2019-03-07,19.9756
2019-03-06,20.1111
2019-03-05,20.2614
2019-03-04,20.3826
2019-03-01,20.4721
2019-02-28,20.5129
2019-02-27,20.4758
2019-02-26,20.4182
2019-02-25,20.4133
2019-02-22,20.4075
2019-02-21,20.3969
2019-02-20,20.3847
2019-02-19,20.3726
2019-02-15,20.3613
2019-02-14,20.4928
2019-02-13,20.6337
2019-02-12,20.7546
2019-02-11,20.8299
2019-02-08,20.9446
2019-02-07,21.0752
2019-02-06,21.1786
2019-02-05,21.239
2019-02-04,21.2844
2019-02-01,21.3004
2019-01-31,21.2609
2019-01-30,21.2712
2019-01-29,21.3513
2019-01-28,21.4727
2019-01-25,21.5385
2019-01-24,21.6353
2019-01-23,21.6483
2019-01-22,21.7555
2019-01-18,21.8104
2019-01-17,21.9128
2019-01-16,21.8785
2019-01-15,21.8864
2019-01-14,21.9573
2019-01-11,22.0986
2019-01-10,22.1631
2019-01-09,22.2357
2019-01-08,22.3245
2019-01-07,22.3999
2019-01-04,22.4935
2019-01-03,22.6336
2019-01-02,22.8273
2018-12-31,22.9619
2018-12-28,22.9898
2018-12-27,23.0364
2018-12-26,23.1291
2018-12-24,23.1954
2018-12-21,23.2969
2018-12-20,23.3583
2018-12-19,23.4653
2018-12-18,23.5337
2018-12-17,23.5913
2018-12-14,23.5913
2018-12-13,23.519
2018-12-12,23.3921
2018-12-11,23.2744
2018-12-10,23.2202
2018-12-07,23.1744
2018-12-06,23.1417
2018-12-04,23.0683
2018-12-03,23.0073
2018-11-30,22.9671
2018-11-29,22.9464
2018-11-28,22.9336
2018-11-27,22.8737
2018-11-26,22.8434
2018-11-23,22.7931
2018-11-21,22.7565
2018-11-20,22.5909
2018-11-19,22.4131
2018-11-16,22.1047
2018-11-15,21.7903
2018-11-14,21.5085
2018-11-13,21.2678
2018-11-12,21.0607
2018-11-09,20.8217
2018-11-08,20.5159
2018-11-07,20.1854
2018-11-06,19.8811
2018-11-05,19.6202
2018-11-02,19.3174
2018-11-01,19.0359
2018-10-31,18.8277
2018-10-30,18.686
2018-10-29,18.5897
2018-10-26,18.5092
2018-10-25,18.2888
2018-10-24,18.2643
2018-10-23,18.3346
2018-10-22,18.3574
2018-10-19,18.4865
2018-10-18,18.6169
2018-10-17,18.7316
2018-10-16,18.8224
2018-10-15,18.8503
2018-10-12,18.9678
2018-10-11,19.0892
2018-10-10,19.2133
2018-10-09,19.3255
2018-10-08,19.381
2018-10-05,19.4974
2018-10-04,19.5017
2018-10-03,19.4988
2018-10-02,19.4519
2018-10-01,19.4117
2018-09-28,19.3816
2018-09-27,19.5095
2018-09-26,19.5011
2018-09-25,19.5087
2018-09-24,19.5697
2018-09-21,19.6468
2018-09-20,19.7168
2018-09-19,19.7945
2018-09-18,19.8708
2018-09-17,19.949
2018-09-14,19.9846
2018-09-13,20.1187
2018-09-12,20.2828
2018-09-11,20.4732
2018-09-10,20.7297
2018-09-07,20.963
2018-09-06,21.2604
2018-09-05,21.5584
2018-09-04,21.8878
2018-08-31,22.0646
2018-08-30,22.2196
2018-08-29,22.3743
2018-08-28,22.3604
2018-08-27,22.3146
2018-08-24,22.2176
2018-08-23,22.1322
2018-08-22,22.0873
2018-08-21,22.0443
2018-08-20,21.9628
2018-08-17,21.9453
2018-08-16,21.9722
2018-08-15,21.9215
2018-08-14,21.872
2018-08-13,21.7889
2018-08-10,21.6345
2018-08-09,21.5124
2018-08-08,21.3933
2018-08-07,21.222
2018-08-06,21.0317
2018-08-03,20.9534
2018-08-02,20.8225
2018-08-01,20.6879
2018-07-31,20.7213
2018-07-30,20.8444
2018-07-27,21.0204
2018-07-26,21.1962
2018-07-25,21.3224
2018-07-24,21.4332
2018-07-23,21.5518
2018-07-20,21.6533
2018-07-19,21.7664
2018-07-18,21.9063
2018-07-17,22.002
2018-07-16,22.1625
2018-07-13,22.3227
2018-07-12,22.4522
2018-07-11,22.5458
2018-07-10,22.6251
2018-07-09,22.6572
2018-07-06,22.6544
2018-07-05,22.6784
2018-07-03,22.7128
2018-07-02,22.6471
2018-06-29,22.5193
2018-06-28,22.3489
2018-06-27,22.1315
2018-06-26,21.9556
2018-06-25,21.7615
2018-06-22,21.5809
2018-06-21,21.395
2018-06-20,21.1669
2018-06-19,20.8762
2018-06-18,20.6493
2018-06-15,20.3359
2018-06-14,20.0905
2018-06-13,19.853
2018-06-12,19.651
2018-06-11,19.4817
2018-06-08,19.3782
2018-06-07,19.3361
2018-06-06,19.3053
2018-06-05,19.2469
2018-06-04,19.2857
2018-06-01,19.2768
2018-05-31,19.2523
2018-05-30,19.307
2018-05-29,19.3343
2018-05-25,19.3681
2018-05-24,19.4189
2018-05-23,19.4443
2018-05-22,19.4497
2018-05-21,19.4779
2018-05-18,19.4742
2018-05-17,19.5189
2018-05-16,19.5707
2018-05-15,19.5936
2018-05-14,19.6053
2018-05-11,19.6028
2018-05-10,19.6004
2018-05-09,19.5639
2018-05-08,19.5442
2018-05-07,19.5533
2018-05-04,19.5096
2018-05-03,19.5269
2018-05-02,19.5978
2018-05-01,19.5505
2018-04-30,19.4425
2018-04-27,19.3044
2018-04-26,19.2113
2018-04-25,19.1189
2018-04-24,19.1139
2018-04-23,19.183
2018-04-20,19.2435
2018-04-19,19.3064
2018-04-18,19.3612
2018-04-17,19.4186
2018-04-16,19.5048
2018-04-13,19.6053
2018-04-12,19.6895
2018-04-11,19.798
2018-04-10,19.9343
2018-04-09,20.0704
2018-04-06,20.1954
2018-04-05,20.2947
2018-04-04,20.3833
2018-04-03,20.5209
2018-04-02,20.7403
2018-03-29,21.0157
2018-03-28,21.2317
2018-03-27,21.516
2018-03-26,21.7554
2018-03-23,21.9328
2018-03-22,22.1012
2018-03-21,22.2248
2018-03-20,22.2807
2018-03-19,22.3614
2018-03-16,22.4345
2018-03-15,22.4769
2018-03-14,22.4659
2018-03-13,22.456
2018-03-12,22.369
2018-03-09,22.252
2018-03-08,22.2122
2018-03-07,22.2652
2018-03-06,22.2708
2018-03-05,22.2872
2018-03-02,22.3219
2018-03-01,22.369
2018-02-28,22.4469
2018-02-27,22.4561
2018-02-26,22.4513
2018-02-23,22.4027
2018-02-22,22.3547
2018-02-21,22.3537
2018-02-20,22.4187
2018-02-16,22.4747
2018-02-15,22.5231
2018-02-14,22.5581
2018-02-13,22.6409
2018-02-12,22.6956
2018-02-09,22.7639
2018-02-08,22.8557
2018-02-07,22.9209
2018-02-06,22.8832
2018-02-05,22.8913
2018-02-02,22.8362
2018-02-01,22.7391
2018-01-31,22.6324
2018-01-30,22.5198
2018-01-29,22.4049
2018-01-26,22.291
2018-01-25,22.187
2018-01-24,22.1191
2018-01-23,22.0502
2018-01-22,21.9797
2018-01-19,21.9045
2018-01-18,21.8414
2018-01-17,21.8224
2018-01-16,21.81
2018-01-12,21.8028
2018-01-11,21.8122
2018-01-10,21.8224
2018-01-09,21.8028
2018-01-08,21.7409
2018-01-05,21.657
2018-01-04,21.646
2018-01-03,21.6096
2018-01-02,21.5694
2017-12-29,21.5227
2017-12-28,21.5144
2017-12-27,21.4883
2017-12-26,21.508
2017-12-22,21.5064
2017-12-21,21.4743
2017-12-20,21.4107
2017-12-19,21.3735
2017-12-18,21.299
2017-12-15,21.2196
2017-12-14,21.1164
2017-12-13,21.0278
2017-12-12,20.9267
2017-12-11,20.8412
2017-12-08,20.7548
2017-12-07,20.7144
2017-12-06,20.6915
2017-12-05,20.6675
2017-12-04,20.6644
2017-12-01,20.6674
2017-11-30,20.6432
2017-11-29,20.6839
2017-11-28,20.7639
2017-11-27,20.7723
2017-11-24,20.7859
2017-11-22,20.8213
2017-11-21,20.8654
2017-11-20,20.9305
2017-11-17,21.0248
2017-11-16,21.1249
2017-11-15,21.256
2017-11-14,21.4171
2017-11-13,21.574
2017-11-10,21.6913
2017-11-09,21.8666
2017-11-08,22.0422
2017-11-07,22.2096
2017-11-06,22.3747
2017-11-03,22.5086
2017-11-02,22.6779
2017-11-01,22.8648
2017-10-31,22.9779
2017-10-30,23.0332
2017-10-27,23.1047
2017-10-26,23.1722
2017-10-25,23.2169
2017-10-24,23.2674
2017-10-23,23.2937
2017-10-20,23.3203
2017-10-19,23.3403
2017-10-18,23.3892
2017-10-17,23.4367
2017-10-16,23.5012
2017-10-13,23.6159
2017-10-12,23.6967
2017-10-11,23.7699
2017-10-10,23.8086
2017-10-09,23.8325
2017-10-06,23.9017
2017-10-05,23.8567
2017-10-04,23.841
2017-10-03,23.8061
2017-10-02,23.8109
2017-09-29,23.8571
2017-09-28,23.9065
2017-09-27,23.9517
2017-09-26,23.973
2017-09-25,23.9744
2017-09-22,23.9846
2017-09-21,23.9907
2017-09-20,23.945
2017-09-19,23.8365
2017-09-18,23.7124
2017-09-15,23.5872
2017-09-14,23.4943
2017-09-13,23.4452
2017-09-12,23.4322
2017-09-11,23.4357
2017-09-08,23.4158
2017-09-07,23.4558
2017-09-06,23.4988
2017-09-05,23.5678
2017-09-01,23.5864
2017-08-31,23.5914
2017-08-30,23.562
2017-08-29,23.4711
2017-08-28,23.3784
2017-08-25,23.3045
2017-08-24,23.2612
2017-08-23,23.1997
2017-08-22,23.1699
2017-08-21,23.1641
2017-08-18,23.1796
2017-08-17,23.1161
2017-08-16,23.0428
2017-08-15,22.9173
2017-08-14,22.8036
2017-08-11,22.6562
2017-08-10,22.5564
2017-08-09,22.4498
2017-08-08,22.3364
2017-08-07,22.2097
2017-08-04,22.0793
2017-08-03,21.9337
2017-08-02,21.8062
2017-08-01,21.8102
2017-07-31,21.9203
2017-07-28,22.0475
2017-07-27,22.1331
2017-07-26,22.2557
2017-07-25,22.3174
2017-07-24,22.4437
2017-07-21,22.5801
2017-07-20,22.7608
2017-07-19,22.9158
2017-07-18,23.0724
2017-07-17,23.2109
2017-07-14,23.3837
2017-07-13,23.5422
2017-07-12,23.733
2017-07-11,23.8878
2017-07-10,23.9938
2017-07-07,24.1313
2017-07-06,24.3206
2017-07-05,24.49
2017-07-03,24.5759
2017-06-30,24.5582
2017-06-29,24.4857
2017-06-28,24.4177
2017-06-27,24.317
2017-06-26,24.2261
2017-06-23,24.0516
2017-06-22,23.8295
2017-06-21,23.5882
2017-06-20,23.3464
2017-06-19,23.1401
2017-06-16,22.9435
2017-06-15,22.7491
2017-06-14,22.5183
2017-06-13,22.3061
2017-06-12,22.1059
2017-06-09,21.9919
2017-06-08,21.8778
2017-06-07,21.7286
2017-06-06,21.6006
2017-06-05,21.4484
2017-06-02,21.3185
2017-06-01,21.1705
2017-05-31,21.0727
2017-05-30,20.999
2017-05-26,20.9581
2017-05-25,20.9212
2017-05-24,20.8938
2017-05-23,20.8937
2017-05-22,20.9268
2017-05-19,20.919
2017-05-18,20.9016
2017-05-17,20.8664
2017-05-16,20.8645
2017-05-15,20.8086
2017-05-12,20.7605
2017-05-11,20.6911
2017-05-10,20.6036
2017-05-09,20.5485
2017-05-08,20.519
2017-05-05,20.5035
2017-05-04,20.4713
2017-05-03,20.4698
2017-05-02,20.4454
2017-05-01,20.3775
2017-04-28,20.229
2017-04-27,20.1085
2017-04-26,20.0044
2017-04-25,19.8953
2017-04-24,19.7501
2017-04-21,19.6005
2017-04-20,19.4311
2017-04-19,19.2728
2017-04-18,19.09
2017-04-17,18.9622
2017-04-13,18.8291
2017-04-12,18.6892
2017-04-11,18.5522
2017-04-10,18.3832
2017-04-07,18.1624
2017-04-06,17.9663
2017-04-05,17.7869
2017-04-04,17.6265
2017-04-03,17.4428
2017-03-31,17.2851
2017-03-30,17.196
2017-03-29,17.1045
2017-03-28,17.0133
2017-03-27,16.9218
2017-03-24,16.8418
2017-03-23,16.8213
2017-03-22,16.8253
2017-03-21,16.887
2017-03-20,16.976
2017-03-17,17.0104
2017-03-16,17.0352
2017-03-15,17.0943
2017-03-14,17.1784
2017-03-13,17.2538
2017-03-10,17.3306
2017-03-09,17.4157
2017-03-08,17.4729
2017-03-07,17.5083
2017-03-06,17.5389
2017-03-03,17.5393
2017-03-02,17.5392
2017-03-01,17.5351
2017-02-28,17.5415
2017-02-27,17.5436
2017-02-24,17.566
2017-02-23,17.551
2017-02-22,17.546
2017-02-21,17.483
2017-02-17,17.3881
2017-02-16,17.2964
2017-02-15,17.2124
2017-02-14,17.0744
2017-02-13,16.9231
2017-02-10,16.7803
2017-02-09,16.6481
2017-02-08,16.5166
2017-02-07,16.4092
2017-02-06,16.3219
2017-02-03,16.226
2017-02-02,16.1441
2017-02-01,16.0622
2017-01-31,15.9547
2017-01-30,15.8272
2017-01-27,15.7074
2017-01-26,15.5967
2017-01-25,15.4868
2017-01-24,15.3497
2017-01-23,15.1958
2017-01-20,15.0584
2017-01-19,14.9386
2017-01-18,14.8018
2017-01-17,14.6823
2017-01-13,14.5556
2017-01-12,14.4254
2017-01-11,14.3206
2017-01-10,14.1963
2017-01-09,14.0706
2017-01-06,13.9407
2017-01-05,13.8211
2017-01-04,13.6848
2017-01-03,13.5508
2016-12-30,13.4324
2016-12-29,13.3264
2016-12-28,13.2421
2016-12-27,13.1416
2016-12-23,13.0635
2016-12-22,13.0079
2016-12-21,12.9569
2016-12-20,12.9018
2016-12-19,12.8209
2016-12-16,12.7618
2016-12-15,12.7157
2016-12-14,12.6702
2016-12-13,12.6205
2016-12-12,12.5648
2016-12-09,12.5519
2016-12-08,12.5292
2016-12-07,12.5217
2016-12-06,12.5277
2016-12-05,12.5522
2016-12-02,12.5648
2016-12-01,12.5846
2016-11-30,12.6051
2016-11-29,12.6097
2016-11-28,12.6369
2016-11-25,12.6497
2016-11-23,12.6743
2016-11-22,12.7046
2016-11-21,12.7418
2016-11-18,12.8026
2016-11-17,12.8529
2016-11-16,12.8877
2016-11-15,12.9531
2016-11-14,13.0042
2016-11-11,13.0459
2016-11-10,13.0724
2016-11-09,13.122
2016-11-08,13.1602
2016-11-07,13.1774
2016-11-04,13.2032
2016-11-03,13.2234
2016-11-02,13.2686
2016-11-01,13.3368
2016-10-31,13.4055
2016-10-28,13.4587
2016-10-27,13.4723
2016-10-26,13.4612
2016-10-25,13.4747
2016-10-24,13.4862
2016-10-21,13.507
2016-10-20,13.5315
2016-10-19,13.556
2016-10-18,13.5615
2016-10-17,13.58
2016-10-14,13.6212
2016-10-13,13.6509
2016-10-12,13.6515
2016-10-11,13.6345
2016-10-10,13.621
2016-10-07,13.6121
2016-10-06,13.605
2016-10-05,13.5929
2016-10-04,13.5704
2016-10-03,13.5418
2016-09-30,13.4887
2016-09-29,13.4778
2016-09-28,13.5155
2016-09-27,13.5324
2016-09-26,13.5637
2016-09-23,13.6004
2016-09-22,13.6454
2016-09-21,13.6994
2016-09-20,13.7648
2016-09-19,13.8258
2016-09-16,13.888
2016-09-15,13.9483
2016-09-14,14.0244
2016-09-13,14.1151
2016-09-12,14.2135
2016-09-09,14.3046
2016-09-08,14.406
2016-09-07,14.5003
2016-09-06,14.5916
2016-09-02,14.6693
2016-09-01,14.7768
2016-08-31,14.8763
2016-08-30,14.9222
2016-08-29,14.9751
2016-08-26,15.0245
2016-08-25,15.0738
2016-08-24,15.106
2016-08-23,15.1255
2016-08-22,15.1411
2016-08-19,15.1647
2016-08-18,15.1556
2016-08-17,15.1456
2016-08-16,15.1626
2016-08-15,15.1681
2016-08-12,15.1703
2016-08-11,15.153
2016-08-10,15.1417
2016-08-09,15.1313
2016-08-08,15.1165
2016-08-05,15.1119
2016-08-04,15.0678
2016-08-03,15.0189
2016-08-02,14.981
2016-08-01,14.937
2016-07-29,14.8919
2016-07-28,14.8169
2016-07-27,14.7488
2016-07-26,14.6598
2016-07-25,14.5566
2016-07-22,14.4338
2016-07-21,14.3475
2016-07-20,14.2681
2016-07-19,14.2389
2016-07-18,14.2204
2016-07-15,14.1844
2016-07-14,14.1762
2016-07-13,14.1634
2016-07-12,14.1382
2016-07-11,14.1156
2016-07-08,14.0956
2016-07-07,14.1376
2016-07-06,14.2028
2016-07-05,14.2625
2016-07-01,14.2848
2016-06-30,14.2931
2016-06-29,14.3154
2016-06-28,14.3466
2016-06-27,14.4181
2016-06-24,14.4997
2016-06-23,14.6063
2016-06-22,14.6836
2016-06-21,14.7544
2016-06-20,14.7431
2016-06-17,14.745
2016-06-16,14.7442
2016-06-15,14.7216
2016-06-14,14.6782
2016-06-13,14.6559
2016-06-10,14.6217
2016-06-09,14.5834
2016-06-08,14.5154
2016-06-07,14.4259
2016-06-06,14.3479
2016-06-03,14.3287
2016-06-02,14.3038
2016-06-01,14.3158
2016-05-31,14.3584
2016-05-27,14.4203
2016-05-26,14.4793
2016-05-25,14.5546
2016-05-24,14.6609
2016-05-23,14.7804
2016-05-20,14.899
2016-05-19,15.0106
2016-05-18,15.1209
2016-05-17,15.2502
2016-05-16,15.3926
2016-05-13,15.5445
2016-05-12,15.7009
2016-05-11,15.8495
2016-05-10,16.0014
2016-05-09,16.1318
2016-05-06,16.2685
2016-05-05,16.3856
2016-05-04,16.5378
2016-05-03,16.6807
2016-05-02,16.7579
2016-04-29,16.7752
2016-04-28,16.7646
2016-04-27,16.7048
2016-04-26,16.6229
2016-04-25,16.5442
2016-04-22,16.4723
2016-04-21,16.3856
2016-04-20,16.2999
2016-04-19,16.2475
2016-04-18,16.2173
2016-04-15,16.1469
2016-04-14,16.0531
2016-04-13,15.9533
2016-04-12,15.8327
2016-04-11,15.7238
2016-04-08,15.5824
2016-04-07,15.4328
2016-04-06,15.2712
2016-04-05,15.0618
2016-04-04,14.8945
2016-04-01,14.7413
2016-03-31,14.6018
2016-03-30,14.4637
2016-03-29,14.3286
2016-03-28,14.2013
2016-03-24,14.0682
2016-03-23,13.9338
2016-03-22,13.7885
2016-03-21,13.5984
2016-03-18,13.3965
2016-03-17,13.176
2016-03-16,12.9773
2016-03-15,12.7998
2016-03-14,12.5892
2016-03-11,12.3755
2016-03-10,12.1854
2016-03-09,11.9804
2016-03-08,11.7788
2016-03-07,11.5968
2016-03-04,11.4545
2016-03-03,11.3688
2016-03-02,11.2946
2016-03-01,11.276
2016-02-29,11.3113
2016-02-26,11.3089
2016-02-25,11.3068
2016-02-24,11.3089
2016-02-23,11.3574
2016-02-22,11.4213
2016-02-19,11.504
2016-02-18,11.6153
2016-02-17,11.7218
2016-02-16,11.8419
2016-02-12,12.008
2016-02-11,12.1918
2016-02-10,12.3579
2016-02-09,12.5789
2016-02-08,12.7776
2016-02-05,12.9876
2016-02-04,13.1644
2016-02-03,13.3101
2016-02-02,13.4766
2016-02-01,13.6121
2016-01-29,13.7556
2016-01-28,13.9119
2016-01-27,14.0702
2016-01-26,14.2065
2016-01-25,14.3299
2016-01-22,14.4409
2016-01-21,14.5323
2016-01-20,14.6409
2016-01-19,14.7468
2016-01-15,14.8423
2016-01-14,14.9407
2016-01-13,14.9904
2016-01-12,15.0513
2016-01-11,15.0748
2016-01-08,15.1389
2016-01-07,15.184
2016-01-06,15.2209
2016-01-05,15.2612
2016-01-04,15.2843
2015-12-31,15.3153
2015-12-30,15.2886
2015-12-29,15.2856
2015-12-28,15.2625
2015-12-24,15.2714
2015-12-23,15.2683
2015-12-22,15.2301
2015-12-21,15.1894
2015-12-18,15.1476
2015-12-17,15.1187
2015-12-16,15.0777
2015-12-15,15.0093
2015-12-14,14.9867
2015-12-11,14.9487
2015-12-10,14.9351
2015-12-09,14.9085
2015-12-08,14.8818
2015-12-07,14.8771
2015-12-04,14.8812
2015-12-03,14.8859
2015-12-02,14.8823
2015-12-01,14.8035
2015-11-30,14.7255
2015-11-27,14.6477
2015-11-25,14.5811
2015-11-24,14.5255
2015-11-23,14.4992
2015-11-20,14.4909
2015-11-19,14.4545
2015-11-18,14.4209
2015-11-17,14.3843
2015-11-16,14.381
2015-11-13,14.427
2015-11-12,14.4931
2015-11-11,14.521
2015-11-10,14.5136
2015-11-09,14.5228
2015-11-06,14.4903
2015-11-05,14.4514
2015-11-04,14.4346
2015-11-03,14.4357
2015-11-02,14.546
2015-10-30,14.6539
2015-10-29,14.7894
2015-10-28,14.8835
2015-10-27,15.0017
2015-10-26,15.1227
2015-10-23,15.2332
2015-10-22,15.3926
2015-10-21,15.564
2015-10-20,15.7339
2015-10-19,15.8936
2015-10-16,16.0139
2015-10-15,16.1259
2015-10-14,16.2618
2015-10-13,16.413
2015-10-12,16.5274
2015-10-09,16.6528
2015-10-08,16.7513
2015-10-07,16.8238
2015-10-06,16.8803
2015-10-05,16.9027
2015-10-02,16.8886
2015-10-01,16.882
2015-09-30,16.908
2015-09-29,16.8754
2015-09-28,16.8835
2015-09-25,16.8836
2015-09-24,16.8372
2015-09-23,16.7096
2015-09-22,16.5729
2015-09-21,16.4326
2015-09-18,16.3212
2015-09-17,16.2597
2015-09-16,16.237
2015-09-15,16.2319
2015-09-14,16.2366
2015-09-11,16.2032
2015-09-10,16.1774
2015-09-09,16.143
2015-09-08,16.1046
2015-09-04,16.0811
2015-09-03,16.0831
2015-09-02,16.0849
2015-09-01,16.1597
2015-08-31,16.2519
2015-08-28,16.2883
2015-08-27,16.3472
2015-08-26,16.4266
2015-08-25,16.5565
2015-08-24,16.7058
2015-08-21,16.8196
2015-08-20,16.9351
2015-08-19,17.0185
2015-08-18,17.0605
2015-08-17,17.0807
2015-08-14,17.1716
2015-08-13,17.2766
2015-08-12,17.3572
2015-08-11,17.4404
2015-08-10,17.5347
2015-08-07,17.6048
2015-08-06,17.6602
2015-08-05,17.6995
2015-08-04,17.649
2015-08-03,17.6543
2015-07-31,17.7201
2015-07-30,17.7663
2015-07-29,17.7742
2015-07-28,17.789
2015-07-27,17.7796
2015-07-24,17.8266
2015-07-23,17.8378
2015-07-22,17.8311
2015-07-21,17.8304
2015-07-20,17.8071
2015-07-17,17.7413
2015-07-16,17.6987
2015-07-15,17.6778
2015-07-14,17.6444
2015-07-13,17.5935
2015-07-10,17.5553
2015-07-09,17.5295
2015-07-08,17.5054
2015-07-07,17.5089
2015-07-06,17.4703
2015-07-02,17.3683
2015-07-01,17.2547
2015-06-30,17.1875
2015-06-29,17.1211
2015-06-26,17.0792
2015-06-25,17.0249
2015-06-24,16.9671
2015-06-23,16.908
2015-06-22,16.8406
2015-06-19,16.8004
2015-06-18,16.7441
2015-06-17,16.6856
2015-06-16,16.6414
2015-06-15,16.6268
2015-06-12,16.6217
2015-06-11,16.5997
2015-06-10,16.5723
2015-06-09,16.5524
2015-06-08,16.4974
2015-06-05,16.4318
2015-06-04,16.3906
2015-06-03,16.339
2015-06-02,16.2856
2015-06-01,16.2261
2015-05-29,16.148
2015-05-28,16.0655
2015-05-27,16.0022
2015-05-26,15.9457
2015-05-22,15.8927
2015-05-21,15.795
2015-05-20,15.7049
2015-05-19,15.6219
2015-05-18,15.4961
2015-05-15,15.3512
2015-05-14,15.211
2015-05-13,15.0864
2015-05-12,14.9685
2015-05-11,14.8443
2015-05-08,14.7452
2015-05-07,14.6595
2015-05-06,14.5705
2015-05-05,14.4946
2015-05-04,14.3956
2015-05-01,14.3043
2015-04-30,14.1875
2015-04-29,14.0593
2015-04-28,13.9137
2015-04-27,13.7807
2015-04-24,13.6255
2015-04-23,13.5321
2015-04-22,13.4511
2015-04-21,13.392
2015-04-20,13.3594
2015-04-17,13.3355
2015-04-16,13.2983
2015-04-15,13.2784
2015-04-14,13.2347
2015-04-13,13.1955
2015-04-10,13.1252
2015-04-09,13.0591
2015-04-08,13.0046
2015-04-07,12.9467
2015-04-06,12.9055
2015-04-02,12.8748
2015-04-01,12.9069
2015-03-31,12.9563
2015-03-30,12.9923
2015-03-27,13.0148
2015-03-26,13.076
2015-03-25,13.1319
2015-03-24,13.1634
2015-03-23,13.1714
2015-03-20,13.1971
2015-03-19,13.2605
2015-03-18,13.314
2015-03-17,13.3265
2015-03-16,13.3586
2015-03-13,13.3855
2015-03-12,13.4328
2015-03-11,13.5053
2015-03-10,13.5804
2015-03-09,13.671
2015-03-06,13.7592
2015-03-05,13.8496
2015-03-04,13.9093
2015-03-03,13.9624
2015-03-02,14.0004
2015-02-27,14.0213
2015-02-26,14.0275
2015-02-25,14.0014
2015-02-24,14.0088
2015-02-23,14.0169
2015-02-20,13.9968
2015-02-19,13.9452
2015-02-18,13.8947
2015-02-17,13.8529
2015-02-13,13.8153
2015-02-12,13.7757
2015-02-11,13.7417
2015-02-10,13.7132
2015-02-09,13.6663
2015-02-06,13.6302
2015-02-05,13.6077
2015-02-04,13.5743
2015-02-03,13.55
2015-02-02,13.5225
2015-01-30,13.5504
2015-01-29,13.613
2015-01-28,13.6698
2015-01-27,13.7576
2015-01-26,13.8304
2015-01-23,13.8828
2015-01-22,13.9484
2015-01-21,14.0183
2015-01-20,14.094
2015-01-16,14.1818
2015-01-15,14.2243
2015-01-14,14.2441
2015-01-13,14.282
2015-01-12,14.2911
2015-01-09,14.3133
2015-01-08,14.324
2015-01-07,14.3449
2015-01-06,14.3562
2015-01-05,14.3977
2015-01-02,14.4583
2014-12-31,14.4916
2014-12-30,14.5217
2014-12-29,14.553
2014-12-26,14.6157
2014-12-24,14.6845
2014-12-23,14.7706
2014-12-22,14.8564
2014-12-19,14.9237
2014-12-18,15.0217
2014-12-17,15.12
2014-12-16,15.2929
2014-12-15,15.4802
2014-12-12,15.6623
2014-12-11,15.8113
2014-12-10,15.9454
2014-12-09,16.0828
2014-12-08,16.1663
2014-12-05,16.2524
2014-12-04,16.3108
2014-12-03,16.3198
2014-12-02,16.3519
2014-12-01,16.3891
2014-11-28,16.4226
2014-11-26,16.4031
2014-11-25,16.3686
2014-11-24,16.3509
2014-11-21,16.2674
2014-11-20,16.2422
2014-11-19,16.1975
2014-11-18,16.142
2014-11-17,16.0675
2014-11-14,15.9891
2014-11-13,15.8851
2014-11-12,15.8006
2014-11-11,15.736
2014-11-10,15.6559
2014-11-07,15.5981
2014-11-06,15.5871
2014-11-05,15.6398
2014-11-04,15.7341
2014-11-03,15.8029
2014-10-31,15.863
2014-10-30,15.9081
2014-10-29,15.9506
2014-10-28,15.9577
2014-10-27,15.9574
2014-10-24,16.0361
2014-10-23,16.0739
2014-10-22,16.1128
2014-10-21,16.1829
2014-10-20,16.2332
2014-10-17,16.2984
2014-10-16,16.4045
2014-10-15,16.5294
2014-10-14,16.635
2014-10-13,16.7473
2014-10-10,16.8448
2014-10-09,16.9858
2014-10-08,17.0635
2014-10-07,17.1362
2014-10-06,17.1992
2014-10-03,17.2709
2014-10-02,17.3448
2014-10-01,17.4602
2014-09-30,17.5967
2014-09-29,17.7348
2014-09-26,17.8163
2014-09-25,17.8738
2014-09-24,17.9282
2014-09-23,17.9602
2014-09-22,18.0006
2014-09-19,18.0231
2014-09-18,18.0065
2014-09-17,17.9795
2014-09-16,17.9641
2014-09-15,17.9614
2014-09-12,17.9886
2014-09-11,17.9292
2014-09-10,17.8625
2014-09-09,17.7921
2014-09-08,17.7282
2014-09-05,17.6149
2014-09-04,17.5316
2014-09-03,17.4079
2014-09-02,17.2656
2014-08-29,17.1136
2014-08-28,16.9921
2014-08-27,16.8569
2014-08-26,16.7425
2014-08-25,16.6201
2014-08-22,16.4943
2014-08-21,16.3836
2014-08-20,16.2809
2014-08-19,16.1702
2014-08-18,16.0463
2014-08-15,15.9149
2014-08-14,15.775
2014-08-13,15.6217
2014-08-12,15.4779
2014-08-11,15.3433
2014-08-08,15.2345
2014-08-07,15.1345
2014-08-06,15.0248
2014-08-05,14.9385
2014-08-04,14.8738
2014-08-01,14.8209
2014-07-31,14.8075
2014-07-30,14.828
2014-07-29,14.864
2014-07-28,14.9141
2014-07-25,14.9616
2014-07-24,15.0017
2014-07-23,15.0462
2014-07-22,15.0796
2014-07-21,15.1384
2014-07-18,15.1685
2014-07-17,15.1944
2014-07-16,15.2335
2014-07-15,15.2819
2014-07-14,15.2986
2014-07-11,15.231
2014-07-10,15.1823
2014-07-09,15.1324
2014-07-08,15.0632
2014-07-07,15.0173
2014-07-03,14.969
2014-07-02,14.8945
2014-07-01,14.8097
2014-06-30,14.6938
2014-06-27,14.5759
2014-06-26,14.4716
2014-06-25,14.3871
2014-06-24,14.2982
2014-06-23,14.2284
2014-06-20,14.1287
2014-06-19,14.0463
2014-06-18,13.9519
2014-06-17,13.8458
2014-06-16,13.7272
2014-06-13,13.617
2014-06-12,13.5576
2014-06-11,13.5146
2014-06-10,13.4669
2014-06-09,13.4081
2014-06-06,13.3313
2014-06-05,13.2327
2014-06-04,13.2142
2014-06-03,13.2252
2014-06-02,13.2641
2014-05-30,13.2848
2014-05-29,13.2846
2014-05-28,13.2768
2014-05-27,13.2657
2014-05-23,13.2222
2014-05-22,13.1974
2014-05-21,13.2073
2014-05-20,13.2358
2014-05-19,13.3136
2014-05-16,13.3412
2014-05-15,13.3631
2014-05-14,13.3982
2014-05-13,13.4091
2014-05-12,13.4356
2014-05-09,13.4993
2014-05-08,13.5724
2014-05-07,13.7002
2014-05-06,13.7472
2014-05-05,13.748
2014-05-02,13.7334
2014-05-01,13.7817
2014-04-30,13.8569
2014-04-29,13.8872
2014-04-28,13.8923
2014-04-25,13.9385
2014-04-24,13.9634
2014-04-23,13.9804
2014-04-22,14.0219
2014-04-21,14.027
2014-04-17,14.1087
2014-04-16,14.2313
2014-04-15,14.3537
2014-04-14,14.5075
2014-04-11,14.6271
2014-04-10,14.7178
2014-04-09,14.8298
2014-04-08,14.9116
2014-04-07,14.9748
2014-04-04,15.0792
2014-04-03,15.1925
2014-04-02,15.2843
2014-04-01,15.3588
2014-03-31,15.4851
2014-03-28,15.6254
2014-03-27,15.7336
2014-03-26,15.8843
2014-03-25,16.0178
2014-03-24,16.1096
2014-03-21,16.1012
2014-03-20,16.0369
2014-03-19,15.9538
2014-03-18,15.8131
2014-03-17,15.692
2014-03-14,15.5728
2014-03-13,15.4684
2014-03-12,15.3268
2014-03-11,15.1772
2014-03-10,15.0511
2014-03-07,14.8767
2014-03-06,14.6506
2014-03-05,14.3889
2014-03-04,14.1424
2014-03-03,13.8833
2014-02-28,13.6528
2014-02-27,13.4463
2014-02-26,13.1886
2014-02-25,12.9398
2014-02-24,12.6786
2014-02-21,12.5351
2014-02-20,12.4414
2014-02-19,12.3367
2014-02-18,12.2802
2014-02-14,12.1679
2014-02-13,12.077
2014-02-12,11.9587
2014-02-11,11.8452
2014-02-10,11.6542
2014-02-07,11.4848
2014-02-06,11.3548
2014-02-05,11.2644
2014-02-04,11.1809
2014-02-03,11.0751
2014-01-31,10.9833
2014-01-30,10.8789
2014-01-29,10.7709
2014-01-28,10.6949
2014-01-27,10.6041
2014-01-24,10.557
2014-01-23,10.4797
2014-01-22,10.3532
2014-01-21,10.2355
2014-01-17,10.1156
2014-01-16,10.0422
2014-01-15,9.9805
2014-01-14,9.9265
2014-01-13,9.8811
2014-01-10,9.9082
2014-01-09,9.888
2014-01-08,9.8702
2014-01-07,9.8379
2014-01-06,9.7979
2014-01-03,9.7762
2014-01-02,9.7408
2013-12-31,9.7228
2013-12-30,9.6353
2013-12-27,9.5514
2013-12-26,9.4708
2013-12-24,9.3541
2013-12-23,9.2522
2013-12-20,9.1783
2013-12-19,9.1079
2013-12-18,9.0425
2013-12-17,8.9695
2013-12-16,8.8666
2013-12-13,8.825
2013-12-12,8.7915
2013-12-11,8.7622
2013-12-10,8.7561
2013-12-09,8.7644
2013-12-06,8.7523
2013-12-05,8.7603
2013-12-04,8.7959
2013-12-03,8.9221
2013-12-02,9.0238
2013-11-29,9.1504
2013-11-27,9.2593
2013-11-26,9.3669
2013-11-25,9.5135
2013-11-22,9.6535
2013-11-21,9.8145
2013-11-20,9.9846
2013-11-19,10.1293
2013-11-18,10.2808
2013-11-15,10.4508
2013-11-14,10.6107
2013-11-13,10.7613
2013-11-12,10.9109
2013-11-11,11.0647
2013-11-08,11.1814
2013-11-07,11.3172
2013-11-06,11.4278
2013-11-05,11.4865
2013-11-04,11.4796
2013-11-01,11.5058
2013-10-31,11.5685
2013-10-30,11.6131
2013-10-29,11.6855
2013-10-28,11.7806
2013-10-25,11.8823
2013-10-24,11.9531
2013-10-23,12.0047
2013-10-22,12.0739
2013-10-21,12.1098
2013-10-18,12.1382
2013-10-17,12.1382
2013-10-16,12.1219
2013-10-15,12.0641
2013-10-14,12.0051
2013-10-11,11.9613
2013-10-10,11.9174
2013-10-09,11.8907
2013-10-08,11.8732
2013-10-07,11.8453
2013-10-04,11.7708
2013-10-03,11.7241
2013-10-02,11.7128
2013-10-01,11.6784
2013-09-30,11.5982
2013-09-27,11.5169
2013-09-26,11.4341
2013-09-25,11.3602
2013-09-24,11.2994
2013-09-23,11.239
2013-09-20,11.1748
2013-09-19,11.0872
2013-09-18,10.987
2013-09-17,10.9315
2013-09-16,10.8604
2013-09-13,10.7785
2013-09-12,10.6922
2013-09-11,10.607
2013-09-10,10.5467
2013-09-09,10.4834
2013-09-06,10.4577
2013-09-05,10.4128
2013-09-04,10.2938
2013-09-03,10.1989
2013-08-30,10.118
2013-08-29,10.0147
2013-08-28,9.913
2013-08-27,9.8057
2013-08-26,9.6882
2013-08-23,9.5895
2013-08-22,9.4813
2013-08-21,9.3712
2013-08-20,9.284
2013-08-19,9.1946
2013-08-16,9.1197
2013-08-15,9.0453
2013-08-14,8.9765
2013-08-13,8.9128
2013-08-12,8.7915
2013-08-09,8.7244
2013-08-08,8.6474
2013-08-07,8.5545
2013-08-06,8.5147
2013-08-05,8.4523
2013-08-02,8.3754
2013-08-01,8.3157
2013-07-31,8.248
2013-07-30,8.1932
2013-07-29,8.1446
2013-07-26,8.0538
2013-07-25,7.9866
2013-07-24,7.9255
2013-07-23,7.8611
2013-07-22,7.7903
2013-07-19,7.714
2013-07-18,7.6506
2013-07-17,7.6028
2013-07-16,7.5466
2013-07-15,7.5237
2013-07-12,7.4339
2013-07-11,7.3281
2013-07-10,7.2352
2013-07-09,7.1425
2013-07-08,7.0645
2013-07-05,6.9993
2013-07-03,6.9235
2013-07-02,6.8573
2013-07-01,6.7807
2013-06-28,6.6987
2013-06-27,6.6667
2013-06-26,6.6524
2013-06-25,6.6487
2013-06-24,6.6752
2013-06-21,6.6605
2013-06-20,6.6377
2013-06-19,6.593
2013-06-18,6.5361
2013-06-17,6.4912
2013-06-14,6.4556
2013-06-13,6.4287
2013-06-12,6.3843
2013-06-11,6.336
2013-06-10,6.3137
2013-06-07,6.2361
2013-06-06,6.1273
2013-06-05,5.9888
2013-06-04,5.8559
2013-06-03,5.7381
2013-05-31,5.6113
2013-05-30,5.4658
2013-05-29,5.2936
2013-05-28,5.1248
2013-05-24,4.9401
2013-05-23,4.7872
2013-05-22,4.6514
2013-05-21,4.5287
2013-05-20,4.4068
2013-05-17,4.2743
2013-05-16,4.1287
2013-05-15,3.9778
2013-05-14,3.8465
2013-05-13,3.721
2013-05-10,3.5727
2013-05-09,3.4626
2013-05-08,3.3766
2013-05-07,3.3302
2013-05-06,3.2801
2013-05-03,3.2212
2013-05-02,3.1773
2013-05-01,3.137
2013-04-30,3.0964
2013-04-29,3.0642
2013-04-26,3.0275
2013-04-25,2.9831
2013-04-24,2.937
2013-04-23,2.8951
2013-04-22,2.8502
2013-04-19,2.8049
2013-04-18,2.7655
2013-04-17,2.7288
2013-04-16,2.6942
2013-04-15,2.6594
2013-04-12,2.6327
2013-04-11,2.6097
2013-04-10,2.5944
2013-04-09,2.5852
2013-04-08,2.5806
2013-04-05,2.5694
2013-04-04,2.5589
2013-04-03,2.5445
2013-04-02,2.5297
2013-04-01,2.5005
2013-03-28,2.4695
2013-03-27,2.4593
2013-03-26,2.4491
2013-03-25,2.4377
2013-03-22,2.4272
2013-03-21,2.4255
2013-03-20,2.4227
2013-03-19,2.4313
2013-03-18,2.4453
2013-03-15,2.4516
2013-03-14,2.4616
2013-03-13,2.467
2013-03-12,2.4633
2013-03-11,2.461
2013-03-08,2.4615
2013-03-07,2.4648
2013-03-06,2.468
2013-03-05,2.4694
2013-03-04,2.4731
2013-03-01,2.4821
2013-02-28,2.4917
2013-02-27,2.5006
2013-02-26,2.5101
2013-02-25,2.5221
2013-02-22,2.5308
2013-02-21,2.5337
2013-02-20,2.5365
2013-02-19,2.5254
2013-02-15,2.5095
2013-02-14,2.5006
2013-02-13,2.4866
2013-02-12,2.4715
2013-02-11,2.456
2013-02-08,2.4377
2013-02-07,2.4186
2013-02-06,2.3992
2013-02-05,2.3809
2013-02-04,2.3682
2013-02-01,2.3571
2013-01-31,2.3453
2013-01-30,2.3382
2013-01-29,2.326
2013-01-28,2.3102
2013-01-25,2.2958
2013-01-24,2.2845
2013-01-23,2.2754
2013-01-22,2.2688
2013-01-18,2.2662
2013-01-17,2.2665
2013-01-16,2.2672
2013-01-15,2.2682
2013-01-14,2.2679
2013-01-11,2.2691
2013-01-10,2.2769
2013-01-09,2.2828
2013-01-08,2.2859
2013-01-07,2.2875
2013-01-04,2.286
2013-01-03,2.2837
2013-01-02,2.2808
2012-12-31,2.2784
2012-12-28,2.2782
2012-12-27,2.2798
2012-12-26,2.2782
2012-12-24,2.2734
2012-12-21,2.2667
2012-12-20,2.2605
2012-12-19,2.254
2012-12-18,2.2486
2012-12-17,2.243
2012-12-14,2.2345
2012-12-13,2.2245
2012-12-12,2.2171
2012-12-11,2.2049
2012-12-10,2.1909
2012-12-07,2.1767
2012-12-06,2.1672
2012-12-05,2.1593
2012-12-04,2.1508
2012-12-03,2.1428
2012-11-30,2.1238
2012-11-29,2.1086
2012-11-28,2.09
2012-11-27,2.0705
2012-11-26,2.0551
2012-11-23,2.0389
2012-11-21,2.0265
2012-11-20,2.0111
2012-11-19,1.9935
2012-11-16,1.9773
2012-11-15,1.9672
2012-11-14,1.958
2012-11-13,1.9445
2012-11-12,1.9312
2012-11-09,1.9221
2012-11-08,1.9157
2012-11-07,1.9059
2012-11-06,1.8982
2012-11-05,1.8907
2012-11-02,1.8837
2012-11-01,1.885
2012-10-31,1.8868
2012-10-26,1.8903
2012-10-25,1.8966
2012-10-24,1.8998
2012-10-23,1.9002
2012-10-22,1.8978
2012-10-19,1.9072
2012-10-18,1.9148
2012-10-17,1.9243
2012-10-16,1.9317
2012-10-15,1.9427
2012-10-12,1.96
2012-10-11,1.9692
2012-10-10,1.9731
2012-10-09,1.9727
2012-10-08,1.9708
2012-10-05,1.9645
2012-10-04,1.966
2012-10-03,1.9632
2012-10-02,1.9587
2012-10-01,1.9531
2012-09-28,1.951
2012-09-27,1.9481
2012-09-26,1.9478
2012-09-25,1.9517
2012-09-24,1.9539
2012-09-21,1.95
2012-09-20,1.9524
2012-09-19,1.9492
2012-09-18,1.9427
2012-09-17,1.9366
2012-09-14,1.9282
2012-09-13,1.9279
2012-09-12,1.9276
2012-09-11,1.9314
2012-09-10,1.9427
2012-09-07,1.9512
2012-09-06,1.9514
2012-09-05,1.9532
2012-09-04,1.9609
2012-08-31,1.9614
2012-08-30,1.9572
2012-08-29,1.9495
2012-08-28,1.9423
2012-08-27,1.9381
2012-08-24,1.9348
2012-08-23,1.9349
2012-08-22,1.9262
2012-08-21,1.9229
2012-08-20,1.9253
2012-08-17,1.9291
2012-08-16,1.9351
2012-08-15,1.9416
2012-08-14,1.9508
2012-08-13,1.9639
2012-08-10,1.9799
2012-08-09,1.9942
2012-08-08,2.0052
2012-08-07,2.0133
2012-08-06,2.0167
2012-08-03,2.0274
2012-08-02,2.0398
2012-08-01,2.0569
2012-07-31,2.0716
2012-07-30,2.0815
2012-07-27,2.0947
2012-07-26,2.101
2012-07-25,2.1138
2012-07-24,2.1226
2012-07-23,2.1335
2012-07-20,2.1439
2012-07-19,2.1453
2012-07-18,2.1503
2012-07-17,2.1501
2012-07-16,2.1451
2012-07-13,2.1249
2012-07-12,2.1087
2012-07-11,2.099
2012-07-10,2.0928
2012-07-09,2.0856
2012-07-06,2.0809
2012-07-05,2.0741
2012-07-03,2.0674
2012-07-02,2.0582
2012-06-29,2.0498
2012-06-28,2.0393
2012-06-27,2.033
2012-06-26,2.0278
2012-06-25,2.0281
2012-06-22,2.0171
2012-06-21,2.0055
2012-06-20,2.0016
2012-06-19,1.9916
2012-06-18,1.9806
2012-06-15,1.9663
2012-06-14,1.9618
2012-06-13,1.9611
2012-06-12,1.96
2012-06-11,1.9613
2012-06-08,1.9718
2012-06-07,1.9814
2012-06-06,1.9851
2012-06-05,1.9884
2012-06-04,2.0036
2012-06-01,2.0167
2012-05-31,2.0311
2012-05-30,2.0459
2012-05-29,2.0571
2012-05-25,2.0619
2012-05-24,2.0737
2012-05-23,2.0843
2012-05-22,2.0906
2012-05-21,2.094
2012-05-18,2.1046
2012-05-17,2.1232
2012-05-16,2.1385
2012-05-15,2.1501
2012-05-14,2.1595
2012-05-11,2.1668
2012-05-10,2.1713
2012-05-09,2.1729
2012-05-08,2.183
2012-05-07,2.1905
2012-05-04,2.1928
2012-05-03,2.2016
2012-05-02,2.2101
2012-05-01,2.2237
2012-04-30,2.233
2012-04-27,2.2467
2012-04-26,2.26
2012-04-25,2.2745
2012-04-24,2.2913
2012-04-23,2.3099
2012-04-20,2.317
2012-04-19,2.3212
2012-04-18,2.3278
2012-04-17,2.3355
2012-04-16,2.3446
2012-04-13,2.3548
2012-04-12,2.3595
2012-04-11,2.3657
2012-04-10,2.3757
2012-04-09,2.3875
2012-04-05,2.3928
2012-04-04,2.3881
2012-04-03,2.3819
2012-04-02,2.3655
2012-03-30,2.3562
2012-03-29,2.3455
2012-03-28,2.3358
2012-03-27,2.321
2012-03-26,2.3072
2012-03-23,2.2946
2012-03-22,2.2935
2012-03-21,2.2939
2012-03-20,2.2908
2012-03-19,2.2893
2012-03-16,2.2893
2012-03-15,2.2855
2012-03-14,2.2808
2012-03-13,2.2737
2012-03-12,2.2584
2012-03-09,2.242
2012-03-08,2.2348
2012-03-07,2.231
2012-03-06,2.226
2012-03-05,2.2216
2012-03-02,2.2129
2012-03-01,2.2002
2012-02-29,2.1841
2012-02-28,2.1697
2012-02-27,2.1555
2012-02-24,2.1412
2012-02-23,2.1252
2012-02-22,2.1033
2012-02-21,2.0807
2012-02-17,2.0549
2012-02-16,2.027
2012-02-15,2.0023
2012-02-14,1.9796
2012-02-13,1.9577
2012-02-10,1.9287
2012-02-09,1.9192
2012-02-08,1.9047
2012-02-07,1.8904
2012-02-06,1.8759
2012-02-03,1.8596
2012-02-02,1.8461
2012-02-01,1.8377
2012-01-31,1.8327
2012-01-30,1.831
2012-01-27,1.8282
2012-01-26,1.8254
2012-01-25,1.8242
2012-01-24,1.824
2012-01-23,1.8251
2012-01-20,1.8278
2012-01-19,1.8321
2012-01-18,1.8354
2012-01-17,1.8394
2012-01-13,1.8461
2012-01-12,1.8653
2012-01-11,1.8693
2012-01-10,1.8765
2012-01-09,1.8879
2012-01-06,1.9001
2012-01-05,1.9243
2012-01-04,1.9502
2012-01-03,1.9725
2011-12-30,1.9899
2011-12-29,2.0034
2011-12-28,2.0168
2011-12-27,2.0276
2011-12-23,2.0409
2011-12-22,2.0534
2011-12-21,2.0657
2011-12-20,2.0807
2011-12-19,2.0935
2011-12-16,2.1097
2011-12-15,2.1286
2011-12-14,2.1497
2011-12-13,2.1677
2011-12-12,2.1803
2011-12-09,2.191
2011-12-08,2.192
2011-12-07,2.192
2011-12-06,2.1841
2011-12-05,2.1721
2011-12-02,2.1651
2011-12-01,2.1623
2011-11-30,2.1493
2011-11-29,2.1365
2011-11-28,2.1285
2011-11-25,2.1196
2011-11-23,2.1099
2011-11-22,2.0983
2011-11-21,2.0856
2011-11-18,2.0749
2011-11-17,2.0597
2011-11-16,2.0385
2011-11-15,2.014
2011-11-14,1.9953
2011-11-11,1.976
2011-11-10,1.9574
2011-11-09,1.9461
2011-11-08,1.9358
2011-11-07,1.9217
2011-11-04,1.9104
2011-11-03,1.8927
2011-11-02,1.8743
2011-11-01,1.8632
2011-10-31,1.8458
2011-10-28,1.827
2011-10-27,1.8087
2011-10-26,1.7933
2011-10-25,1.782
2011-10-24,1.7751
2011-10-21,1.765
2011-10-20,1.7595
2011-10-19,1.7538
2011-10-18,1.7481
2011-10-17,1.7403
2011-10-14,1.7348
2011-10-13,1.7273
2011-10-12,1.7169
2011-10-11,1.7054
2011-10-10,1.6936
2011-10-07,1.6769
2011-10-06,1.6635
2011-10-05,1.6524
2011-10-04,1.6473
2011-10-03,1.6449
2011-09-30,1.6427
2011-09-29,1.6414
2011-09-28,1.6434
2011-09-27,1.6436
2011-09-26,1.6386
2011-09-23,1.6327
2011-09-22,1.6218
2011-09-21,1.6159
2011-09-20,1.6063
2011-09-19,1.5927
2011-09-16,1.5812
2011-09-15,1.576
2011-09-14,1.5794
2011-09-13,1.5853
2011-09-12,1.5924
2011-09-09,1.6039
2011-09-08,1.6116
2011-09-07,1.6123
2011-09-06,1.6164
2011-09-02,1.6187
2011-09-01,1.6226
2011-08-31,1.6251
2011-08-30,1.6333
2011-08-29,1.6424
2011-08-26,1.6559
2011-08-25,1.6707
2011-08-24,1.6876
2011-08-23,1.7001
2011-08-22,1.7169
2011-08-19,1.7387
2011-08-18,1.762
2011-08-17,1.7768
2011-08-16,1.7864
2011-08-15,1.7923
2011-08-12,1.7957
2011-08-11,1.7999
2011-08-10,1.8076
2011-08-09,1.8237
2011-08-08,1.834
2011-08-05,1.8497
2011-08-04,1.865
2011-08-03,1.8816
2011-08-02,1.8874
2011-08-01,1.8934
2011-07-29,1.8943
2011-07-28,1.8975
2011-07-27,1.8979
2011-07-26,1.8994
2011-07-25,1.8976
2011-07-22,1.8946
2011-07-21,1.8893
2011-07-20,1.8843
2011-07-19,1.8805
2011-07-18,1.8742
2011-07-15,1.8718
2011-07-14,1.8682
2011-07-13,1.8672
2011-07-12,1.8671
2011-07-11,1.8679
2011-07-08,1.8663
2011-07-07,1.8623
2011-07-06,1.8536
2011-07-05,1.8517
2011-07-01,1.8502
2011-06-30,1.8539
2011-06-29,1.8527
2011-06-28,1.8534
2011-06-27,1.8602
2011-06-24,1.8671
2011-06-23,1.8735
2011-06-22,1.8778
2011-06-21,1.8761
2011-06-20,1.8738
2011-06-17,1.8803
2011-06-16,1.886
2011-06-15,1.8855
2011-06-14,1.8809
2011-06-13,1.8743
2011-06-10,1.8713
2011-06-09,1.8707
2011-06-08,1.8689
2011-06-07,1.8729
2011-06-06,1.8714
2011-06-03,1.8661
2011-06-02,1.8538
2011-06-01,1.8469
2011-05-31,1.8414
2011-05-27,1.8324
2011-05-26,1.8259
2011-05-25,1.8199
2011-05-24,1.8135
2011-05-23,1.8142
2011-05-20,1.8128
2011-05-19,1.8087
2011-05-18,1.8005
2011-05-17,1.7966
2011-05-16,1.7935
2011-05-13,1.7901
2011-05-12,1.782
2011-05-11,1.7729
2011-05-10,1.7648
2011-05-09,1.7546
2011-05-06,1.7499
2011-05-05,1.7503
2011-05-04,1.7505
2011-05-03,1.7505
2011-05-02,1.747
2011-04-29,1.7444
2011-04-28,1.7449
2011-04-27,1.7317
2011-04-26,1.7212
2011-04-25,1.7089
2011-04-21,1.6968
2011-04-20,1.6821
2011-04-19,1.6703
2011-04-18,1.6604
2011-04-15,1.6527
2011-04-14,1.644
2011-04-13,1.6362
2011-04-12,1.6292
2011-04-11,1.6235
2011-04-08,1.6168
2011-04-07,1.6087
2011-04-06,1.598
2011-04-05,1.5921
2011-04-04,1.5853
2011-04-01,1.5823
2011-03-31,1.5766
2011-03-30,1.5653
2011-03-29,1.5663
2011-03-28,1.5664
2011-03-25,1.5685
2011-03-24,1.5714
2011-03-23,1.5721
2011-03-22,1.5708
2011-03-21,1.5697
2011-03-18,1.5712
2011-03-17,1.5734
2011-03-16,1.5798
2011-03-15,1.5798
2011-03-14,1.5803
2011-03-11,1.5803
2011-03-10,1.5774
2011-03-09,1.5748
2011-03-08,1.574
2011-03-07,1.5687
2011-03-04,1.5638
2011-03-03,1.5594
2011-03-02,1.558
2011-03-01,1.5576
2011-02-28,1.5581
2011-02-25,1.5585
2011-02-24,1.5629
2011-02-23,1.5703
2011-02-22,1.5798
2011-02-18,1.5885
2011-02-17,1.5881
2011-02-16,1.5848
2011-02-15,1.5825
2011-02-14,1.5918
2011-02-11,1.6007
2011-02-10,1.6106
2011-02-09,1.6231
2011-02-08,1.6356
2011-02-07,1.6488
2011-02-04,1.666
2011-02-03,1.6807
2011-02-02,1.6914
2011-02-01,1.7005
2011-01-31,1.7095
2011-01-28,1.718
2011-01-27,1.7263
2011-01-26,1.7356
2011-01-25,1.7412
2011-01-24,1.7441
2011-01-21,1.7627
2011-01-20,1.7947
2011-01-19,1.8268
2011-01-18,1.8524
2011-01-14,1.8715
2011-01-13,1.8883
2011-01-12,1.8996
2011-01-11,1.9048
2011-01-10,1.9168
2011-01-07,1.927
2011-01-06,1.9397
2011-01-05,1.9547
2011-01-04,1.9705
2011-01-03,1.9826
2010-12-31,1.9988
2010-12-30,2.0179
2010-12-29,2.0441
2010-12-28,2.0694
2010-12-27,2.0958
2010-12-23,2.1284
2010-12-22,2.1463
2010-12-21,2.1528
2010-12-20,2.1566
2010-12-17,2.1542
2010-12-16,2.1493
2010-12-15,2.1449
2010-12-14,2.1451
2010-12-13,2.1527
2010-12-10,2.1503
2010-12-09,2.1387
2010-12-08,2.1298
2010-12-07,2.104
2010-12-06,2.082
2010-12-03,2.0624
2010-12-02,2.0405
2010-12-01,2.0052
2010-11-30,1.9616
2010-11-29,1.9152
2010-11-26,1.8735
2010-11-24,1.8264
2010-11-23,1.7782
2010-11-22,1.7341
2010-11-19,1.6923
2010-11-18,1.6581
2010-11-17,1.6276
2010-11-16,1.5981
2010-11-15,1.5661
2010-11-12,1.5308
2010-11-11,1.4998
2010-11-10,1.4756
2010-11-09,1.4462
2010-11-08,1.4315
2010-11-05,1.4157
2010-11-04,1.4024
2010-11-03,1.3875
2010-11-02,1.3831
2010-11-01,1.3827
2010-10-29,1.3813
2010-10-28,1.3771
2010-10-27,1.3745
2010-10-26,1.3778
2010-10-25,1.3779
2010-10-22,1.3768
2010-10-21,1.3748
2010-10-20,1.3708
2010-10-19,1.3682
2010-10-18,1.3706
2010-10-15,1.3734
2010-10-14,1.3723
2010-10-13,1.373
2010-10-12,1.3778
2010-10-11,1.3807
2010-10-08,1.3823
2010-10-07,1.3814
2010-10-06,1.3824
2010-10-05,1.3838
2010-10-04,1.3819
2010-10-01,1.3821
2010-09-30,1.3836
2010-09-29,1.3838
2010-09-28,1.3755
2010-09-27,1.3704
2010-09-24,1.3676
2010-09-23,1.3664
2010-09-22,1.3676
2010-09-21,1.3653
2010-09-20,1.3632
2010-09-17,1.3567
2010-09-16,1.3519
2010-09-15,1.3446
2010-09-14,1.3352
2010-09-13,1.3274
2010-09-10,1.3194
2010-09-09,1.3108
2010-09-08,1.3015
2010-09-07,1.2952
2010-09-03,1.2921
2010-09-02,1.2872
2010-09-01,1.2852
2010-08-31,1.2879
2010-08-30,1.2961
2010-08-27,1.2996
2010-08-26,1.3004
2010-08-25,1.3024
2010-08-24,1.3052
2010-08-23,1.3097
2010-08-20,1.3124
2010-08-19,1.3197
2010-08-18,1.3271
2010-08-17,1.3319
2010-08-16,1.3357
2010-08-13,1.3462
2010-08-12,1.3539
2010-08-11,1.3615
2010-08-10,1.368
2010-08-09,1.365
2010-08-06,1.3565
2010-08-05,1.3492
2010-08-04,1.3393
2010-08-03,1.3211
2010-08-02,1.3016
2010-07-30,1.2959
2010-07-29,1.3026
2010-07-28,1.3142
2010-07-27,1.3248
