date,RSI
2024-10-04,56.9202
2024-10-03,53.3996
2024-10-02,57.3511
2024-10-01,62.0468
2024-09-30,64.0449
2024-09-27,63.6848
2024-09-26,61.7437
2024-09-25,63.1834
2024-09-24,62.3646
2024-09-23,61.088
2024-09-20,57.302
2024-09-19,59.9772
2024-09-18,53.9551
2024-09-17,54.2659
2024-09-16,53.8551
2024-09-13,55.377
2024-09-12,55.2126
2024-09-11,54.657
2024-09-10,54.025
2024-09-09,50.7294
2024-09-06,48.7774
2024-09-05,56.1995
2024-09-04,52.3902
2024-09-03,48.9358
2024-08-30,50.3176
2024-08-29,47.1554
2024-08-28,46.9382
2024-08-27,48.1658
2024-08-26,49.5903
2024-08-23,52.1971
2024-08-22,48.7177
2024-08-21,53.5514
2024-08-20,52.7855
2024-08-19,53.4101
2024-08-16,51.1742
2024-08-15,50.4971
2024-08-14,45.9046
2024-08-13,48.045
2024-08-12,44.0736
2024-08-09,44.8644
2024-08-08,44.4266
2024-08-07,41.7443
2024-08-06,44.2915
2024-08-05,43.644
2024-08-02,46.1913
2024-08-01,49.0336
2024-07-31,54.2859
2024-07-30,51.2006
2024-07-29,54.7202
2024-07-26,50.5285
2024-07-25,50.6916
2024-07-24,49.2174
2024-07-23,61.7238
2024-07-22,64.3459
2024-07-19,60.5229
2024-07-18,66.0007
2024-07-17,65.7866
2024-07-16,70.4393
2024-07-15,69.4407
2024-07-12,68.2961
2024-07-11,66.3407
2024-07-10,80.9931
2024-07-09,80.8248
2024-07-08,79.0447
2024-07-05,78.7615
2024-07-03,77.7283
2024-07-02,74.2137
2024-07-01,67.2746
2024-06-28,61.8089
2024-06-27,61.5748
2024-06-26,61.0571
2024-06-25,56.247
2024-06-24,53.3524
2024-06-21,53.6564
2024-06-20,52.8008
2024-06-18,55.005
2024-06-17,56.7705
2024-06-14,51.3481
2024-06-13,54.4148
2024-06-12,51.199
2024-06-11,46.6201
2024-06-10,48.6681
2024-06-07,51.1864
2024-06-06,51.502
2024-06-05,49.6158
2024-06-04,49.4697
2024-06-03,50.3868
2024-05-31,51.4539
2024-05-30,51.8678
2024-05-29,50.482
2024-05-28,50.7812
2024-05-24,52.085
2024-05-23,49.3564
2024-05-22,52.6556
2024-05-21,56.298
2024-05-20,50.4533
2024-05-17,51.8733
2024-05-16,50.4916
2024-05-15,50.0496
2024-05-14,51.8929
2024-05-13,49.0593
2024-05-10,47.2766
2024-05-09,48.9417
2024-05-08,50.2631
2024-05-07,51.7548
2024-05-06,55.2587
2024-05-03,53.7301
2024-05-02,53.2283
2024-05-01,53.2201
2024-04-30,54.7134
2024-04-29,59.9444
2024-04-26,48.8278
2024-04-25,49.7909
2024-04-24,45.4359
2024-04-23,33.5699
2024-04-22,31.435
2024-04-19,33.3721
2024-04-18,34.5366
2024-04-17,36.8799
2024-04-16,37.6089
2024-04-15,39.5647
2024-04-12,44.3648
2024-04-11,46.3463
2024-04-10,44.4611
2024-04-09,47.308
2024-04-08,44.7479
2024-04-05,38.9055
2024-04-04,42.1605
2024-04-03,40.0663
2024-04-02,38.7151
2024-04-01,43.2635
2024-03-28,43.5863
2024-03-27,45.8919
2024-03-26,44.398
2024-03-25,40.7733
2024-03-22,39.4337
2024-03-21,40.3932
2024-03-20,41.7713
2024-03-19,38.737
2024-03-18,39.8647
2024-03-15,32.1209
2024-03-14,31.2411
2024-03-13,33.9697
2024-03-12,37.5692
2024-03-11,37.6774
2024-03-08,35.8217
2024-03-07,37.2573
2024-03-06,35.6967
2024-03-05,37.4585
2024-03-04,40.8318
2024-03-01,49.0548
2024-02-29,48.5388
2024-02-28,48.6373
2024-02-27,47.1663
2024-02-26,46.9602
2024-02-23,42.1302
2024-02-22,44.9792
2024-02-21,43.2087
2024-02-20,42.5366
2024-02-16,45.6842
2024-02-15,45.9451
2024-02-14,38.0542
2024-02-13,34.421
2024-02-12,36.188
2024-02-09,38.685
2024-02-08,35.5718
2024-02-07,33.9999
2024-02-06,32.0265
2024-02-05,28.7286
2024-02-02,31.1641
2024-02-01,31.5161
2024-01-31,30.2797
2024-01-30,31.7722
2024-01-29,31.2782
2024-01-26,25.3003
2024-01-25,24.7986
2024-01-24,33.4813
2024-01-23,34.0704
2024-01-22,33.7831
2024-01-19,35.2374
2024-01-18,34.9943
2024-01-17,36.5369
2024-01-16,38.4497
2024-01-12,37.7251
2024-01-11,41.517
2024-01-10,44.982
2024-01-09,45.53
2024-01-08,48.5543
2024-01-05,46.7423
2024-01-04,46.976
2024-01-03,47.2411
2024-01-02,52.6538
2023-12-29,52.6883
2023-12-28,55.3902
2023-12-27,60.5765
2023-12-26,58.4134
2023-12-22,56.5029
2023-12-21,57.716
2023-12-20,54.209
2023-12-19,60.7662
2023-12-18,58.3242
2023-12-15,59.2928
2023-12-14,58.1537
2023-12-13,52.0331
2023-12-12,50.7051
2023-12-11,52.3538
2023-12-08,54.9008
2023-12-07,54.2824
2023-12-06,52.5998
2023-12-05,52.268
2023-12-04,50.6841
2023-12-01,52.3937
2023-11-30,53.0474
2023-11-29,55.1717
2023-11-28,56.5385
2023-11-27,51.8668
2023-11-24,51.574
2023-11-22,51.0168
2023-11-21,54.3666
2023-11-20,51.9662
2023-11-17,51.4024
2023-11-16,51.1047
2023-11-15,55.2979
2023-11-14,53.1543
2023-11-13,47.0708
2023-11-10,42.369
2023-11-09,39.748
2023-11-08,44.7724
2023-11-07,44.8034
2023-11-06,43.2492
2023-11-03,43.5253
2023-11-02,42.7963
2023-11-01,35.8219
2023-10-31,32.907
2023-10-30,30.7496
2023-10-27,33.689
2023-10-26,32.7428
2023-10-25,34.782
2023-10-24,36.0968
2023-10-23,33.5111
2023-10-20,33.4593
2023-10-19,35.8557
2023-10-18,44.2184
2023-10-17,50.2181
2023-10-16,49.7229
2023-10-13,48.2504
2023-10-12,52.2762
2023-10-11,54.5759
2023-10-10,54.9269
2023-10-09,53.1314
2023-10-06,53.5728
2023-10-05,53.3674
2023-10-04,53.8912
2023-10-03,47.4303
2023-10-02,49.7242
2023-09-29,49.0875
2023-09-28,47.3241
2023-09-27,44.5292
2023-09-26,45.9553
2023-09-25,47.0912
2023-09-22,46.1617
2023-09-21,50.4818
2023-09-20,53.5112
2023-09-19,55.3003
2023-09-18,54.8529
2023-09-15,59.0456
2023-09-14,59.8325
2023-09-13,58.3164
2023-09-12,57.0761
2023-09-11,59.7744
2023-09-08,50.6644
2023-09-07,51.9981
2023-09-06,52.1858
2023-09-05,54.1596
2023-09-01,49.6115
2023-08-31,55.5752
2023-08-30,55.1124
2023-08-29,55.2422
2023-08-28,47.5516
2023-08-25,47.4441
2023-08-24,43.3443
2023-08-23,46.0675
2023-08-22,44.2778
2023-08-21,43.3483
2023-08-18,34.808
2023-08-17,36.0268
2023-08-16,38.2003
2023-08-15,40.9048
2023-08-14,43.6151
2023-08-11,44.814
2023-08-10,45.9303
2023-08-09,44.3892
2023-08-08,47.4525
2023-08-07,48.1887
2023-08-04,49.187
2023-08-03,51.4826
2023-08-02,49.3393
2023-08-01,52.2697
2023-07-31,55.1112
2023-07-28,54.7474
2023-07-27,50.6276
2023-07-26,54.4173
2023-07-25,54.8371
2023-07-24,56.5205
2023-07-21,53.2607
2023-07-20,54.4973
2023-07-19,69.6184
2023-07-18,70.9909
2023-07-17,70.1966
2023-07-14,67.6369
2023-07-13,66.5827
2023-07-12,64.729
2023-07-11,64.0232
2023-07-10,63.9672
2023-07-07,66.6065
2023-07-06,67.7694
2023-07-05,71.0887
2023-07-03,70.4735
2023-06-30,65.779
2023-06-29,64.5109
2023-06-28,64.1384
2023-06-27,62.3412
2023-06-26,59.4054
2023-06-23,67.9482
2023-06-22,73.0918
2023-06-21,71.7874
2023-06-20,82.9002
2023-06-16,80.1978
2023-06-15,79.1539
2023-06-14,79.9217
2023-06-13,81.5426
2023-06-12,79.7369
2023-06-09,78.5159
2023-06-08,76.1136
2023-06-07,73.0225
2023-06-06,71.9293
2023-06-05,70.6466
2023-06-02,69.3372
2023-06-01,66.8477
2023-05-31,65.3606
2023-05-30,64.1829
2023-05-26,60.5033
2023-05-25,55.807
2023-05-24,54.8874
2023-05-23,56.9452
2023-05-22,59.2237
2023-05-19,54.3357
2023-05-18,52.314
2023-05-17,50.3678
2023-05-16,45.2231
2023-05-15,45.0979
2023-05-12,46.0569
2023-05-11,48.5226
2023-05-10,46.1583
2023-05-09,46.508
2023-05-08,48.0031
2023-05-05,46.9412
2023-05-04,41.0878
2023-05-03,40.6738
2023-05-02,40.4717
2023-05-01,41.1463
2023-04-28,42.2377
2023-04-27,39.7141
2023-04-26,35.5316
2023-04-25,38.2398
2023-04-24,39.0071
2023-04-21,40.0341
2023-04-20,38.769
2023-04-19,46.6415
2023-04-18,48.6241
2023-04-17,50.1091
2023-04-14,49.0035
2023-04-13,49.4629
2023-04-12,46.6322
2023-04-11,49.717
2023-04-10,48.5372
2023-04-06,48.7996
2023-04-05,49.0101
2023-04-04,52.2997
2023-04-03,53.3551
2023-03-31,60.0224
2023-03-30,54.8815
2023-03-29,54.2389
2023-03-28,52.0663
2023-03-27,53.4121
2023-03-24,52.7927
2023-03-23,53.6691
2023-03-22,53.2331
2023-03-21,56.2554
2023-03-20,50.2787
2023-03-17,48.8327
2023-03-16,50.6259
2023-03-15,48.9887
2023-03-14,50.1961
2023-03-13,46.265
2023-03-10,45.7834
2023-03-09,45.5516
2023-03-08,49.0285
2023-03-07,51.371
2023-03-06,53.9889
2023-03-03,55.7499
2023-03-02,53.2416
2023-03-01,58.6859
2023-02-28,60.1328
2023-02-27,61.0668
2023-02-24,57.5604
2023-02-23,60.0405
2023-02-22,59.6555
2023-02-21,58.5615
2023-02-17,63.7058
2023-02-16,61.8827
2023-02-15,68.2168
2023-02-14,66.9004
2023-02-13,62.5906
2023-02-10,63.8061
2023-02-09,69.7731
2023-02-08,68.1364
2023-02-07,66.8704
2023-02-06,66.2881
2023-02-03,64.9224
2023-02-02,64.4327
2023-02-01,62.4341
2023-01-31,59.877
2023-01-30,57.6853
2023-01-27,63.3151
2023-01-26,57.0723
2023-01-25,49.7776
2023-01-24,49.4996
2023-01-23,49.4307
2023-01-20,44.0809
2023-01-19,40.4604
2023-01-18,41.1118
2023-01-17,42.1982
2023-01-13,36.8837
2023-01-12,37.2994
2023-01-11,37.102
2023-01-10,34.5872
2023-01-09,34.866
2023-01-06,31.0129
2023-01-05,29.4047
2023-01-04,30.2166
2023-01-03,27.0021
2022-12-30,30.6534
2022-12-29,29.8406
2022-12-28,24.1857
2022-12-27,21.8133
2022-12-23,24.6673
2022-12-22,25.1569
2022-12-21,28.1
2022-12-20,28.1589
2022-12-19,31.4452
2022-12-16,31.5495
2022-12-15,33.7478
2022-12-14,33.231
2022-12-13,34.4488
2022-12-12,36.5555
2022-12-09,40.3913
2022-12-08,37.2673
2022-12-07,37.4668
2022-12-06,39.397
2022-12-05,40.2943
2022-12-02,44.8762
2022-12-01,44.7993
2022-11-30,44.7993
2022-11-29,38.0385
2022-11-28,38.7173
2022-11-25,38.6875
2022-11-23,38.7892
2022-11-22,32.1692
2022-11-21,31.0823
2022-11-18,34.229
2022-11-17,35.0443
2022-11-16,36.0713
2022-11-15,38.1984
2022-11-14,36.554
2022-11-11,37.9415
2022-11-10,35.5094
2022-11-09,28.8883
2022-11-08,32.164
2022-11-07,33.6942
2022-11-04,36.6737
2022-11-03,39.1558
2022-11-02,38.9907
2022-11-01,43.3377
2022-10-31,43.2066
2022-10-28,43.5417
2022-10-27,42.047
2022-10-26,41.8551
2022-10-25,40.9366
2022-10-24,36.1266
2022-10-21,36.9432
2022-10-20,33.7501
2022-10-19,37.4656
2022-10-18,36.635
2022-10-17,36.2698
2022-10-14,29.6899
2022-10-13,33.5204
2022-10-12,31.2644
2022-10-11,30.8964
2022-10-10,32.3319
2022-10-07,32.3562
2022-10-06,35.8647
2022-10-05,36.5344
2022-10-04,38.7479
2022-10-03,35.7303
2022-09-30,42.1302
2022-09-29,43.0798
2022-09-28,50.1971
2022-09-27,48.1761
2022-09-26,45.1681
2022-09-23,44.8698
2022-09-22,49.8984
2022-09-21,55.322
2022-09-20,59.2987
2022-09-19,59.4729
2022-09-16,57.4772
2022-09-15,57.6658
2022-09-14,57.2862
2022-09-13,53.6574
2022-09-12,59.2669
2022-09-09,57.6445
2022-09-08,53.8018
2022-09-07,51.5747
2022-09-06,47.5669
2022-09-02,45.6274
2022-09-01,48.4372
2022-08-31,47.7556
2022-08-30,48.5782
2022-08-29,51.4463
2022-08-26,52.8066
2022-08-25,56.255
2022-08-24,56.7076
2022-08-23,56.4992
2022-08-22,54.3789
2022-08-19,57.1096
2022-08-18,59.7269
2022-08-17,60.203
2022-08-16,61.2597
2022-08-15,62.3768
2022-08-12,60.0441
2022-08-11,56.3342
2022-08-10,59.353
2022-08-09,56.1697
2022-08-08,58.9927
2022-08-05,58.3608
2022-08-04,67.3081
2022-08-03,67.0178
2022-08-02,65.411
2022-08-01,64.615
2022-07-29,64.5853
2022-07-28,60.5606
2022-07-27,58.9004
2022-07-26,54.08
2022-07-25,57.9533
2022-07-22,59.5663
2022-07-21,59.4151
2022-07-20,51.6738
2022-07-19,50.9505
2022-07-18,49.1204
2022-07-15,48.9461
2022-07-14,48.3318
2022-07-13,47.8993
2022-07-12,46.5748
2022-07-11,46.9384
2022-07-08,51.9021
2022-07-07,49.9993
2022-07-06,45.8045
2022-07-05,46.1877
2022-07-01,44.2597
2022-06-30,43.3325
2022-06-29,44.3413
2022-06-28,45.3842
2022-06-27,48.5717
2022-06-24,48.7806
2022-06-23,45.7856
2022-06-22,46.03
2022-06-21,46.2491
2022-06-17,40.5056
2022-06-16,39.3952
2022-06-15,43.5985
2022-06-14,39.8908
2022-06-13,38.2497
2022-06-10,41.7122
2022-06-09,43.4043
2022-06-08,43.893
2022-06-07,43.0527
2022-06-06,42.8872
2022-06-03,41.8925
2022-06-02,46.7925
2022-06-01,43.7638
2022-05-31,45.0215
2022-05-27,45.1159
2022-05-26,40.64
2022-05-25,35.9627
2022-05-24,32.8134
2022-05-23,35.3315
2022-05-20,34.2026
2022-05-19,36.7228
2022-05-18,36.7448
2022-05-17,39.7551
2022-05-16,36.1845
2022-05-13,38.84
2022-05-12,34.6497
2022-05-11,34.9781
2022-05-10,38.8264
2022-05-09,37.5484
2022-05-06,42.6955
2022-05-05,43.2426
2022-05-04,49.5092
2022-05-03,45.4002
2022-05-02,44.7791
2022-04-29,41.558
2022-04-28,42.0467
2022-04-27,42.3269
2022-04-26,41.8585
2022-04-25,51.3186
2022-04-22,51.9636
2022-04-21,52.2949
2022-04-20,49.7164
2022-04-19,54.2071
2022-04-18,52.2899
2022-04-14,50.7047
2022-04-13,54.0071
2022-04-12,51.1418
2022-04-11,50.2253
2022-04-08,54.6013
2022-04-07,57.6608
2022-04-06,56.829
2022-04-05,61.3603
2022-04-04,67.4449
2022-04-01,63.5931
2022-03-31,63.1169
2022-03-30,65.0109
2022-03-29,65.648
2022-03-28,65.1992
2022-03-25,59.981
2022-03-24,60.3282
2022-03-23,59.3183
2022-03-22,58.9746
2022-03-21,53.7003
2022-03-18,52.4424
2022-03-17,49.6584
2022-03-16,46.9178
2022-03-15,43.3361
2022-03-14,39.7586
2022-03-11,41.8043
2022-03-10,45.0693
2022-03-09,46.7382
2022-03-08,43.4087
2022-03-07,41.4139
2022-03-04,43.915
2022-03-03,43.9899
2022-03-02,47.0861
2022-03-01,45.6981
2022-02-28,46.1471
2022-02-25,40.6068
2022-02-24,39.7215
2022-02-23,36.0676
2022-02-22,39.6406
2022-02-18,42.0827
2022-02-17,43.4729
2022-02-16,47.0595
2022-02-15,46.9747
2022-02-14,42.7378
2022-02-11,41.2314
2022-02-10,44.3657
2022-02-09,46.4318
2022-02-08,45.5543
2022-02-07,44.2832
2022-02-04,45.3803
2022-02-03,42.6627
2022-02-02,43.5924
2022-02-01,45.2432
2022-01-31,45.5938
2022-01-28,38.0603
2022-01-27,36.4649
2022-01-26,43.0841
2022-01-25,41.3077
2022-01-24,42.0689
2022-01-21,42.9702
2022-01-20,46.5391
2022-01-19,46.4892
2022-01-18,48.933
2022-01-14,50.3096
2022-01-13,49.0221
2022-01-12,54.579
2022-01-11,51.6633
2022-01-10,51.2166
2022-01-07,48.9945
2022-01-06,51.7043
2022-01-05,53.447
2022-01-04,58.351
2022-01-03,62.8221
2021-12-31,53.0938
2021-12-30,54.3755
2021-12-29,55.8733
2021-12-28,56.0845
2021-12-27,56.5716
2021-12-23,54.7318
2021-12-22,50.4267
2021-12-21,44.342
2021-12-20,40.5381
2021-12-17,42.8929
2021-12-16,42.342
2021-12-15,46.0038
2021-12-14,44.3759
2021-12-13,44.9578
2021-12-10,48.8581
2021-12-09,47.7322
2021-12-08,53.2135
2021-12-07,51.8254
2021-12-06,48.1997
2021-12-03,48.6851
2021-12-02,54.8116
2021-12-01,55.8081
2021-11-30,60.8353
2021-11-29,60.3048
2021-11-26,56.3218
2021-11-24,59.8526
2021-11-23,59.3575
2021-11-22,64.5471
2021-11-19,63.2844
2021-11-18,60.5426
2021-11-17,60.0289
2021-11-16,57.589
2021-11-15,54.4
2021-11-12,56.3503
2021-11-11,59.3889
2021-11-10,59.8413
2021-11-09,56.7051
2021-11-08,73.9055
2021-11-05,84.1977
2021-11-04,85.6966
2021-11-03,85.1823
2021-11-02,83.7329
2021-11-01,91.135
2021-10-29,88.6767
2021-10-28,87.3774
2021-10-27,85.7282
2021-10-26,84.792
2021-10-25,86.5774
2021-10-22,79.0825
2021-10-21,77.4544
2021-10-20,73.9963
2021-10-19,73.7891
2021-10-18,75.9847
2021-10-15,72.3621
2021-10-14,68.2044
2021-10-13,66.8148
2021-10-12,65.7624
2021-10-11,62.8881
2021-10-08,61.4489
2021-10-07,64.4374
2021-10-06,62.0951
2021-10-05,61.6175
2021-10-04,61.9402
2021-10-01,60.6251
2021-09-30,60.7072
2021-09-29,62.5107
2021-09-28,61.8176
2021-09-27,66.0893
2021-09-24,63.1114
2021-09-23,58.921
2021-09-22,58.5546
2021-09-21,55.7864
2021-09-20,53.6288
2021-09-17,62.9137
2021-09-16,62.3862
2021-09-15,62.1489
2021-09-14,59.793
2021-09-13,59.4781
2021-09-10,58.0693
2021-09-09,63.899
2021-09-08,63.7147
2021-09-07,63.5451
2021-09-03,59.9189
2021-09-02,59.6866
2021-09-01,60.1638
2021-08-31,60.6053
2021-08-30,59.778
2021-08-27,56.3391
2021-08-26,54.2328
2021-08-25,56.6555
2021-08-24,56.1533
2021-08-23,55.7597
2021-08-20,50.7678
2021-08-19,49.3521
2021-08-18,52.6388
2021-08-17,47.6729
2021-08-16,52.2468
2021-08-13,60.6181
2021-08-12,62.1688
2021-08-11,59.3636
2021-08-10,59.9992
2021-08-09,61.0785
2021-08-06,58.3078
2021-08-05,62.8074
2021-08-04,62.1444
2021-08-03,61.9394
2021-08-02,61.9278
2021-07-30,58.0197
2021-07-29,56.145
2021-07-28,49.5454
2021-07-27,49.0174
2021-07-26,52.0367
2021-07-23,48.708
2021-07-22,50.0712
2021-07-21,51.4746
2021-07-20,52.6867
2021-07-19,49.5962
2021-07-16,49.1543
2021-07-15,50.4959
2021-07-14,51.073
2021-07-13,54.2868
2021-07-12,58.2269
2021-07-09,52.7711
2021-07-08,51.9119
2021-07-07,50.2161
2021-07-06,53.4951
2021-07-02,58.1643
2021-07-01,57.9876
2021-06-30,58.4133
2021-06-29,58.6569
2021-06-28,60.4557
2021-06-25,57.8568
2021-06-24,59.6128
2021-06-23,55.8935
2021-06-22,49.6702
2021-06-21,49.0719
2021-06-18,49.5538
2021-06-17,48.2475
2021-06-16,45.9219
2021-06-15,44.8152
2021-06-14,47.9139
2021-06-11,46.4162
2021-06-10,46.4536
2021-06-09,44.3523
2021-06-08,45.0649
2021-06-07,45.2862
2021-06-04,44.2595
2021-06-03,39.6195
2021-06-02,43.8947
2021-06-01,46.6785
2021-05-28,46.877
2021-05-27,47.699
2021-05-26,45.8202
2021-05-25,43.4422
2021-05-24,43.6629
2021-05-21,39.3917
2021-05-20,40.0576
2021-05-19,35.9944
2021-05-18,37.4861
2021-05-17,37.3079
2021-05-14,38.6052
2021-05-13,35.6324
2021-05-12,37.3655
2021-05-11,40.1492
2021-05-10,41.4201
2021-05-07,46.5422
2021-05-06,45.231
2021-05-05,46.1319
2021-05-04,46.4478
2021-05-03,47.7679
2021-04-30,50.7432
2021-04-29,46.5632
2021-04-28,48.6677
2021-04-27,49.942
2021-04-26,54.3138
2021-04-23,53.2922
2021-04-22,52.1712
2021-04-21,55.3462
2021-04-20,52.5226
2021-04-19,52.0226
2021-04-16,55.209
2021-04-15,55.1124
2021-04-14,54.4482
2021-04-13,58.1647
2021-04-12,51.9115
2021-04-09,48.9106
2021-04-08,49.7112
2021-04-07,48.1867
2021-04-06,50.5288
2021-04-05,50.4657
2021-04-01,47.1735
2021-03-31,47.8102
2021-03-30,44.0601
2021-03-29,41.0288
2021-03-26,41.6832
2021-03-25,43.6141
2021-03-24,42.4315
2021-03-23,45.2741
2021-03-22,45.9938
2021-03-19,44.3727
2021-03-18,44.1929
2021-03-17,48.4245
2021-03-16,45.9028
2021-03-15,48.7224
2021-03-12,47.3159
2021-03-11,47.8307
2021-03-10,44.7627
2021-03-09,45.2047
2021-03-08,32.5248
2021-03-05,34.9534
2021-03-04,36.7033
2021-03-03,39.2257
2021-03-02,42.1025
2021-03-01,45.1285
2021-02-26,39.5935
2021-02-25,40.1965
2021-02-24,46.1362
2021-02-23,40.0605
2021-02-22,41.6803
2021-02-19,49.848
2021-02-18,50.7072
2021-02-17,52.2219
2021-02-16,51.9776
2021-02-12,54.7172
2021-02-11,54.2033
2021-02-10,53.4333
2021-02-09,59.6516
2021-02-08,61.7878
2021-02-05,60.7165
2021-02-04,60.506
2021-02-03,61.1594
2021-02-02,63.6752
2021-02-01,60.8904
2021-01-29,56.4383
2021-01-28,62.5639
2021-01-27,67.3237
2021-01-26,70.69
2021-01-25,70.5206
2021-01-22,67.8907
2021-01-21,67.7587
2021-01-20,68.6457
2021-01-19,68.2186
2021-01-15,66.8829
2021-01-14,69.7355
2021-01-13,71.1759
2021-01-12,70.874
2021-01-11,68.459
2021-01-08,79.7655
2021-01-07,76.3106
2021-01-06,72.0554
2021-01-05,70.294
2021-01-04,69.8317
2020-12-31,67.6752
2020-12-30,66.6519
2020-12-29,63.7715
2020-12-28,63.5324
2020-12-24,63.3406
2020-12-23,61.7693
2020-12-22,61.2051
2020-12-21,62.6887
2020-12-18,70.3725
2020-12-17,67.049
2020-12-16,63.7783
2020-12-15,65.7392
2020-12-14,66.9673
2020-12-11,64.0761
2020-12-10,67.2782
2020-12-09,65.0859
2020-12-08,74.6324
2020-12-07,73.9841
2020-12-04,70.1739
2020-12-03,69.6138
2020-12-02,67.0641
2020-12-01,70.7231
2020-11-30,68.9929
2020-11-27,73.3509
2020-11-25,72.2735
2020-11-24,70.4781
2020-11-23,66.8006
2020-11-20,62.5377
2020-11-19,64.9101
2020-11-18,63.175
2020-11-17,55.7665
2020-11-16,48.4297
2020-11-13,48.5232
2020-11-12,49.2414
2020-11-11,50.4091
2020-11-10,48.9595
2020-11-09,51.251
2020-11-06,53.1345
2020-11-05,54.9309
2020-11-04,51.6679
2020-11-03,52.2816
2020-11-02,47.54
2020-10-30,44.76
2020-10-29,49.2955
2020-10-28,48.244
2020-10-27,52.2365
2020-10-26,51.3343
2020-10-23,51.4077
2020-10-22,52.4579
2020-10-21,51.8879
2020-10-20,51.7658
2020-10-19,53.4007
2020-10-16,55.0429
2020-10-15,56.7709
2020-10-14,59.1497
2020-10-13,57.1371
2020-10-12,56.533
2020-10-09,55.3934
2020-10-08,54.2851
2020-10-07,54.2021
2020-10-06,52.7138
2020-10-05,54.4513
2020-10-02,53.1227
2020-10-01,58.155
2020-09-30,55.8544
2020-09-29,54.6243
2020-09-28,54.9359
2020-09-25,53.2886
2020-09-24,50.8826
2020-09-23,49.9519
2020-09-22,55.8927
2020-09-21,59.7653
2020-09-18,58.9885
2020-09-17,56.9468
2020-09-16,59.7121
2020-09-15,60.939
2020-09-14,57.8383
2020-09-11,52.2331
2020-09-10,52.055
2020-09-09,51.4238
2020-09-08,46.6695
2020-09-04,60.3844
2020-09-03,58.9106
2020-09-02,67.4065
2020-09-01,74.3951
2020-08-31,81.1113
2020-08-28,76.2387
2020-08-27,77.9801
2020-08-26,76.2395
2020-08-25,73.1847
2020-08-24,72.9522
2020-08-21,75.3836
2020-08-20,74.288
2020-08-19,71.1662
2020-08-18,71.7407
2020-08-17,70.3752
2020-08-14,64.5213
2020-08-13,63.418
2020-08-12,60.8387
2020-08-11,52.1027
2020-08-10,54.9554
2020-08-07,57.2567
2020-08-06,59.8271
2020-08-05,59.6141
2020-08-04,59.7448
2020-08-03,59.6599
2020-07-31,57.3432
2020-07-30,60.8134
2020-07-29,61.538
2020-07-28,60.6714
2020-07-27,64.525
2020-07-24,59.8144
2020-07-23,66.3756
2020-07-22,72.6189
2020-07-21,71.8584
2020-07-20,78.2909
2020-07-17,74.0951
2020-07-16,74.0884
2020-07-15,78.4571
2020-07-14,77.6511
2020-07-13,77.101
2020-07-10,81.7067
2020-07-09,77.7099
2020-07-08,76.8004
2020-07-07,79.399
2020-07-06,78.8815
2020-07-02,73.1769
2020-07-01,68.8019
2020-06-30,66.4788
2020-06-29,61.6824
2020-06-26,57.627
2020-06-25,60.8637
2020-06-24,58.7561
2020-06-23,64.0972
2020-06-22,63.5231
2020-06-19,64.3858
2020-06-18,64.7745
2020-06-17,63.9523
2020-06-16,63.3065
2020-06-15,64.3
2020-06-12,60.5719
2020-06-11,64.9213
2020-06-10,71.7222
2020-06-09,66.3023
2020-06-08,67.6527
2020-06-05,62.6296
2020-06-04,60.7101
2020-06-03,63.4117
2020-06-02,63.2948
2020-06-01,65.6493
2020-05-29,60.2965
2020-05-28,57.3776
2020-05-27,59.428
2020-05-26,59.2977
2020-05-22,59.1151
2020-05-21,60.5038
2020-05-20,59.4884
2020-05-19,58.8583
2020-05-18,59.5129
2020-05-15,58.3815
2020-05-14,58.8308
2020-05-13,57.9159
2020-05-12,59.7989
2020-05-11,59.9877
2020-05-08,60.776
2020-05-07,58.2515
2020-05-06,58.4821
2020-05-05,57.5794
2020-05-04,57.147
2020-05-01,53.2893
2020-04-30,60.219
2020-04-29,61.99
2020-04-28,60.1123
2020-04-27,62.8986
2020-04-24,58.3421
2020-04-23,57.0119
2020-04-22,59.4587
2020-04-21,56.4125
2020-04-20,62.2511
2020-04-17,63.0336
2020-04-16,62.5176
2020-04-15,61.6158
2020-04-14,60.4436
2020-04-13,56.7333
2020-04-09,50.9533
2020-04-08,48.945
2020-04-07,48.6648
2020-04-06,46.2503
2020-04-03,43.0965
2020-04-02,40.769
2020-04-01,42.5216
2020-03-31,45.4279
2020-03-30,43.5387
2020-03-27,44.3544
2020-03-26,45.2634
2020-03-25,45.983
2020-03-24,43.3405
2020-03-23,37.3273
2020-03-20,36.7174
2020-03-19,36.7229
2020-03-18,30.7451
2020-03-17,33.9053
2020-03-16,34.6343
2020-03-13,40.2491
2020-03-12,41.1177
2020-03-11,46.1192
2020-03-10,46.9363
2020-03-09,43.7524
2020-03-06,51.2199
2020-03-05,53.1196
2020-03-04,55.4346
2020-03-03,55.1377
2020-03-02,55.0028
2020-02-28,49.1951
2020-02-27,50.0891
2020-02-26,59.3828
2020-02-25,61.6826
2020-02-24,65.5534
2020-02-21,74.3458
2020-02-20,74.2683
2020-02-19,76.7658
2020-02-18,74.0489
2020-02-14,70.8458
2020-02-13,71.4153
2020-02-12,69.2433
2020-02-11,70.2223
2020-02-10,70.0464
2020-02-07,68.7325
2020-02-06,68.8425
2020-02-05,68.0646
2020-02-04,91.1708
2020-02-03,88.5837
2020-01-31,82.793
2020-01-30,82.1442
2020-01-29,77.1212
2020-01-28,75.5843
2020-01-27,74.5611
2020-01-24,76.9056
2020-01-23,79.4824
2020-01-22,79.246
2020-01-21,77.1263
2020-01-17,72.7934
2020-01-16,73.8765
2020-01-15,75.6687
2020-01-14,83.0917
2020-01-13,81.9612
2020-01-10,76.6583
2020-01-09,78.1488
2020-01-08,83.3619
2020-01-07,80.7556
2020-01-06,78.3049
2020-01-03,76.9471
2020-01-02,74.6984
2019-12-31,72.2963
2019-12-30,71.5146
2019-12-27,80.8798
2019-12-26,81.2408
2019-12-24,80.3963
2019-12-23,79.4656
2019-12-20,77.1345
2019-12-19,76.8506
2019-12-18,74.7589
2019-12-17,71.5875
2019-12-16,73.1349
2019-12-13,66.8715
2019-12-12,67.7086
2019-12-11,65.4879
2019-12-10,64.1942
2019-12-09,60.83
2019-12-06,59.4136
2019-12-05,57.1831
2019-12-04,58.6589
2019-12-03,60.4244
2019-12-02,59.9439
2019-11-29,58.1546
2019-11-27,58.8383
2019-11-26,58.0151
2019-11-25,61.6844
2019-11-22,60.6324
2019-11-21,73.2476
2019-11-20,72.5988
2019-11-19,77.5988
2019-11-18,75.5067
2019-11-15,77.0708
2019-11-14,76.4719
2019-11-13,75.7814
2019-11-12,78.3572
2019-11-11,77.4339
2019-11-08,75.8247
2019-11-07,75.4906
2019-11-06,73.5451
2019-11-05,71.2831
2019-11-04,71.4381
2019-11-01,70.4214
2019-10-31,71.3552
2019-10-30,71.4055
2019-10-29,72.0541
2019-10-28,78.4848
2019-10-25,78.7288
2019-10-24,73.409
2019-10-23,57.3998
2019-10-22,58.064
2019-10-21,56.9709
2019-10-18,59.4112
2019-10-17,63.1505
2019-10-16,62.1496
2019-10-15,61.3133
2019-10-14,60.903
2019-10-11,56.6422
2019-10-10,55.025
2019-10-09,54.9185
2019-10-08,52.6462
2019-10-07,51.4367
2019-10-04,48.0328
2019-10-03,48.8604
2019-10-02,54.4907
2019-10-01,55.4279
2019-09-30,53.5702
2019-09-27,54.2791
2019-09-26,54.513
2019-09-25,47.5996
2019-09-24,44.421
2019-09-23,54.7835
2019-09-20,54.4417
2019-09-19,58.5643
2019-09-18,56.9538
2019-09-17,57.8467
2019-09-16,56.8683
2019-09-13,58.4232
2019-09-12,58.8517
2019-09-11,59.6144
2019-09-10,54.3305
2019-09-09,52.4118
2019-09-06,50.1071
2019-09-05,51.2646
2019-09-04,46.3443
2019-09-03,48.6127
2019-08-30,48.9279
2019-08-29,46.7974
2019-08-28,43.2693
2019-08-27,42.3736
2019-08-26,42.7644
2019-08-23,40.7324
2019-08-22,45.2942
2019-08-21,44.57
2019-08-20,46.8134
2019-08-19,47.249
2019-08-16,43.7142
2019-08-15,41.3855
2019-08-14,42.9479
2019-08-13,49.8579
2019-08-12,46.6841
2019-08-09,49.6762
2019-08-08,51.392
2019-08-07,48.9052
2019-08-06,47.5093
2019-08-05,46.2395
2019-08-02,49.0311
2019-08-01,48.792
2019-07-31,52.4964
2019-07-30,52.8154
2019-07-29,49.9287
2019-07-26,46.2046
2019-07-25,46.5364
2019-07-24,67.9736
2019-07-23,66.032
2019-07-22,64.0587
2019-07-19,66.0896
2019-07-18,64.0818
2019-07-17,65.1238
2019-07-16,64.0813
2019-07-15,64.9138
2019-07-12,61.3254
2019-07-11,58.1998
2019-07-10,58.4213
2019-07-09,53.796
2019-07-08,53.9762
2019-07-05,55.7249
2019-07-03,56.8662
2019-07-02,51.4322
2019-07-01,53.0391
2019-06-28,50.9787
2019-06-27,50.6349
2019-06-26,48.6653
2019-06-25,48.9198
2019-06-24,50.9231
2019-06-21,50.0313
2019-06-20,48.9216
2019-06-19,52.2744
2019-06-18,51.4906
2019-06-17,51.6289
2019-06-14,46.9088
2019-06-13,46.4126
2019-06-12,44.1283
2019-06-11,47.362
2019-06-10,45.3128
2019-06-07,40.9782
2019-06-06,41.5191
2019-06-05,36.3679
2019-06-04,34.6202
2019-06-03,25.0516
2019-05-31,26.6174
2019-05-30,27.4224
2019-05-29,27.8512
2019-05-28,27.085
2019-05-24,27.5474
2019-05-23,28.7203
2019-05-22,27.0444
2019-05-21,30.0475
2019-05-20,30.1196
2019-05-17,31.5759
2019-05-16,36.7225
2019-05-15,37.9522
2019-05-14,38.0727
2019-05-13,35.1963
2019-05-10,39.2883
2019-05-09,40.1605
2019-05-08,41.17
2019-05-07,41.9476
2019-05-06,44.956
2019-05-03,44.8152
2019-05-02,39.6452
2019-05-01,34.2426
2019-04-30,35.6487
2019-04-29,36.4943
2019-04-26,33.0593
2019-04-25,36.7894
2019-04-24,40.636
2019-04-23,42.6486
2019-04-22,42.0502
2019-04-18,46.2387
2019-04-17,45.2378
2019-04-16,46.0932
2019-04-15,42.7215
2019-04-12,43.207
2019-04-11,43.4629
2019-04-10,46.2232
2019-04-09,44.5821
2019-04-08,44.8909
2019-04-05,45.4829
2019-04-04,42.5465
2019-04-03,51.3384
2019-04-02,48.861
2019-04-01,50.2124
2019-03-29,46.2215
2019-03-28,45.6711
2019-03-27,44.007
2019-03-26,40.798
2019-03-25,37.2406
2019-03-22,38.4686
2019-03-21,41.4678
2019-03-20,41.2753
2019-03-19,38.4695
2019-03-18,39.0536
2019-03-15,40.7836
2019-03-14,45.4637
2019-03-13,45.0514
2019-03-12,42.749
2019-03-11,45.1768
2019-03-08,42.3892
2019-03-07,39.1142
2019-03-06,38.9614
2019-03-05,39.0412
2019-03-04,41.4098
2019-03-01,44.129
2019-02-28,52.9112
2019-02-27,51.0139
2019-02-26,43.9707
2019-02-25,44.2969
2019-02-22,42.4886
2019-02-21,40.9271
2019-02-20,44.6792
2019-02-19,45.7626
2019-02-15,46.5424
2019-02-14,44.906
2019-02-13,46.349
2019-02-12,47.5498
2019-02-11,47.8833
2019-02-08,45.3967
2019-02-07,45.902
2019-02-06,48.8347
2019-02-05,50.1288
2019-02-04,47.4172
2019-02-01,47.1979
2019-01-31,45.552
2019-01-30,46.0115
2019-01-29,42.4476
2019-01-28,42.1009
2019-01-25,42.2486
2019-01-24,40.5888
2019-01-23,39.4163
2019-01-22,41.6747
2019-01-18,42.3543
2019-01-17,53.5426
2019-01-16,53.2142
2019-01-15,52.8068
2019-01-14,50.2589
2019-01-11,53.7966
2019-01-10,53.2398
2019-01-09,51.6842
2019-01-08,50.9182
2019-01-07,50.8274
2019-01-04,46.6765
2019-01-03,42.0098
2019-01-02,44.0735
2018-12-31,49.4343
2018-12-28,49.7053
2018-12-27,44.9528
2018-12-26,47.3386
2018-12-24,37.6482
2018-12-21,43.7173
2018-12-20,42.1212
2018-12-19,47.2182
2018-12-18,48.5052
2018-12-17,52.3048
2018-12-14,58.966
2018-12-13,63.9219
2018-12-12,61.0627
2018-12-11,61.1349
2018-12-10,60.6902
2018-12-07,58.6873
2018-12-06,60.7727
2018-12-04,59.8786
2018-12-03,59.5633
2018-11-30,57.461
2018-11-29,54.8702
2018-11-28,57.2541
2018-11-27,56.188
2018-11-26,56.8979
2018-11-23,51.2205
2018-11-21,55.4743
2018-11-20,58.9754
2018-11-19,61.3402
2018-11-16,61.6702
2018-11-15,60.2506
2018-11-14,59.1638
2018-11-13,57.8648
2018-11-12,55.9844
2018-11-09,62.8637
2018-11-08,63.2052
2018-11-07,62.5007
2018-11-06,60.944
2018-11-05,61.0593
2018-11-02,62.7206
2018-11-01,62.3064
2018-10-31,60.9599
2018-10-30,59.4944
2018-10-29,60.9443
2018-10-26,60.2091
2018-10-25,57.0937
2018-10-24,51.1187
2018-10-23,52.6078
2018-10-22,43.3883
2018-10-19,43.0872
2018-10-18,44.0022
2018-10-17,45.8644
2018-10-16,47.0199
2018-10-15,42.1244
2018-10-12,41.8814
2018-10-11,39.9436
2018-10-10,40.8625
2018-10-09,42.0319
2018-10-08,38.5793
2018-10-05,40.7235
2018-10-04,44.8574
2018-10-03,47.8691
2018-10-02,49.3795
2018-10-01,51.7958
2018-09-28,38.1546
2018-09-27,50.888
2018-09-26,51.6776
2018-09-25,48.5132
2018-09-24,48.02
2018-09-21,47.8098
2018-09-20,47.5422
2018-09-19,47.7506
2018-09-18,42.9048
2018-09-17,45.7365
2018-09-14,45.8412
2018-09-13,43.8953
2018-09-12,44.179
2018-09-11,40.4187
2018-09-10,41.882
2018-09-07,33.4779
2018-09-06,37.5858
2018-09-05,37.4994
2018-09-04,39.5317
2018-08-31,42.9554
2018-08-30,43.3737
2018-08-29,43.8805
2018-08-28,45.7509
2018-08-27,47.8467
2018-08-24,48.8655
2018-08-23,48.0605
2018-08-22,48.4709
2018-08-21,48.5374
2018-08-20,44.8148
2018-08-17,43.9739
2018-08-16,51.5807
2018-08-15,52.5143
2018-08-14,55.133
2018-08-13,57.8169
2018-08-10,57.6113
2018-08-09,56.9525
2018-08-08,62.3716
2018-08-07,65.4227
2018-08-06,57.3534
2018-08-03,59.5236
2018-08-02,60.0017
2018-08-01,45.1128
2018-07-31,44.0152
2018-07-30,40.6891
2018-07-27,42.8145
2018-07-26,45.8909
2018-07-25,46.5928
2018-07-24,42.0349
2018-07-23,43.8486
2018-07-20,47.3393
2018-07-19,49.7498
2018-07-18,51.0952
2018-07-17,50.6892
2018-07-16,46.0736
2018-07-13,49.116
2018-07-12,48.3174
2018-07-11,49.0796
2018-07-10,50.2544
2018-07-09,48.9446
2018-07-06,45.645
2018-07-05,45.7209
2018-07-03,46.1984
2018-07-02,53.7994
2018-06-29,56.6832
2018-06-28,59.3607
2018-06-27,57.8907
2018-06-26,57.2137
2018-06-25,54.7275
2018-06-22,54.9367
2018-06-21,59.7968
2018-06-20,65.6438
2018-06-19,63.4094
2018-06-18,71.7947
2018-06-15,69.1068
2018-06-14,69.0071
2018-06-13,66.0094
2018-06-12,65.5173
2018-06-11,62.801
2018-06-08,58.6091
2018-06-07,58.1217
2018-06-06,59.5692
2018-06-05,49.6606
2018-06-04,52.0573
2018-06-01,50.0488
2018-05-31,47.0097
2018-05-30,49.8504
2018-05-29,46.3427
2018-05-25,44.0495
2018-05-24,43.5829
2018-05-23,44.0082
2018-05-22,42.2259
2018-05-21,45.434
2018-05-18,42.0499
2018-05-17,44.7008
2018-05-16,45.3838
2018-05-15,44.4274
2018-05-14,47.08
2018-05-11,50.4169
2018-05-10,51.9405
2018-05-09,52.6389
2018-05-08,50.9688
2018-05-07,51.2502
2018-05-04,48.308
2018-05-03,44.7925
2018-05-02,50.4377
2018-05-01,49.9968
2018-04-30,47.8391
2018-04-27,47.8978
2018-04-26,44.8243
2018-04-25,43.0467
2018-04-24,43.8223
2018-04-23,43.7911
2018-04-20,45.6325
2018-04-19,48.4021
2018-04-18,46.2838
2018-04-17,44.4622
2018-04-16,45.3712
2018-04-13,47.7782
2018-04-12,45.9091
2018-04-11,47.6832
2018-04-10,48.6666
2018-04-09,44.3143
2018-04-06,46.7266
2018-04-05,48.3933
2018-04-04,42.7151
2018-04-03,35.7767
2018-04-02,29.4856
2018-03-29,32.2036
2018-03-28,28.3661
2018-03-27,32.9002
2018-03-26,39.9952
2018-03-23,38.6683
2018-03-22,41.1433
2018-03-21,43.7583
2018-03-20,40.8855
2018-03-19,41.9092
2018-03-16,44.6581
2018-03-15,46.2298
2018-03-14,46.6074
2018-03-13,52.6398
2018-03-12,54.2493
2018-03-09,46.4807
2018-03-08,47.2834
2018-03-07,48.6055
2018-03-06,46.7947
2018-03-05,48.8484
2018-03-02,49.5586
2018-03-01,47.8537
2018-02-28,52.7579
2018-02-27,56.3441
2018-02-26,59.4574
2018-02-23,57.5986
2018-02-22,55.4751
2018-02-21,50.2995
2018-02-20,50.942
2018-02-16,51.2466
2018-02-15,50.6943
2018-02-14,45.869
2018-02-13,46.3638
2018-02-12,42.9281
2018-02-09,40.5038
2018-02-08,42.0406
2018-02-07,54.1124
2018-02-06,48.9531
2018-02-05,48.5344
2018-02-02,53.8375
2018-02-01,56.8961
2018-01-31,59.8687
2018-01-30,56.2229
2018-01-29,58.4264
2018-01-26,55.4391
2018-01-25,52.9333
2018-01-24,57.825
2018-01-23,62.4073
2018-01-22,61.8959
2018-01-19,61.2693
2018-01-18,59.0026
2018-01-17,60.6039
2018-01-16,57.6077
2018-01-12,55.8838
2018-01-11,56.8737
2018-01-10,55.5106
2018-01-09,55.0348
2018-01-08,56.4399
2018-01-05,47.0831
2018-01-04,45.9938
2018-01-03,47.2332
2018-01-02,48.7909
2017-12-29,43.8689
2017-12-28,45.6914
2017-12-27,43.6274
2017-12-26,46.1585
2017-12-22,50.0179
2017-12-21,53.4877
2017-12-20,52.1803
2017-12-19,53.3063
2017-12-18,57.637
2017-12-15,60.384
2017-12-14,58.0798
2017-12-13,58.7453
2017-12-12,59.8891
2017-12-11,54.8255
2017-12-08,47.6933
2017-12-07,45.3807
2017-12-06,46.3925
2017-12-05,40.4197
2017-12-04,41.1023
2017-12-01,41.6954
2017-11-30,42.717
2017-11-29,41.9541
2017-11-28,46.444
2017-11-27,46.0384
2017-11-24,45.3692
2017-11-22,43.8196
2017-11-21,46.0092
2017-11-20,41.1454
2017-11-17,43.7502
2017-11-16,42.349
2017-11-15,41.6997
2017-11-14,40.3162
2017-11-13,42.8029
2017-11-10,35.8394
2017-11-09,35.8394
2017-11-08,36.2892
2017-11-07,36.8096
2017-11-06,35.0671
2017-11-03,36.0223
2017-11-02,32.4133
2017-11-01,39.109
2017-10-31,43.1659
2017-10-30,36.2862
2017-10-27,36.5764
2017-10-26,38.5409
2017-10-25,38.3451
2017-10-24,42.8683
2017-10-23,42.6896
2017-10-20,46.1525
2017-10-19,49.3081
2017-10-18,53.3576
2017-10-17,51.4743
2017-10-16,48.8851
2017-10-13,51.3994
2017-10-12,51.4551
2017-10-11,50.9599
2017-10-10,51.4166
2017-10-09,45.4856
2017-10-06,52.1505
2017-10-05,51.3983
2017-10-04,51.2479
2017-10-03,47.9655
2017-10-02,44.5532
2017-09-29,44.3276
2017-09-28,43.5665
2017-09-27,44.0895
2017-09-26,45.7181
2017-09-25,45.6021
2017-09-22,47.8821
2017-09-21,54.401
2017-09-20,58.0241
2017-09-19,58.6181
2017-09-18,63.7784
2017-09-15,62.1175
2017-09-14,61.4148
2017-09-13,57.4742
2017-09-12,56.1774
2017-09-11,56.6204
2017-09-08,48.2516
2017-09-07,51.613
2017-09-06,48.753
2017-09-05,51.143
2017-09-01,54.0323
2017-08-31,54.283
2017-08-30,53.1597
2017-08-29,50.6974
2017-08-28,49.9676
2017-08-25,50.9754
2017-08-24,53.051
2017-08-23,52.9914
2017-08-22,48.5624
2017-08-21,47.1158
2017-08-18,50.853
2017-08-17,52.6978
2017-08-16,57.5884
2017-08-15,57.3901
2017-08-14,58.0434
2017-08-11,56.0772
2017-08-10,55.3204
2017-08-09,58.6943
2017-08-08,59.4098
2017-08-07,56.4076
2017-08-04,57.1023
2017-08-03,54.0697
2017-08-02,46.281
2017-08-01,43.571
2017-07-31,44.8989
2017-07-28,49.1295
2017-07-27,48.8889
2017-07-26,52.5215
2017-07-25,50.9546
2017-07-24,52.0764
2017-07-21,46.6843
2017-07-20,47.2277
2017-07-19,45.3758
2017-07-18,46.3642
2017-07-17,42.928
2017-07-14,45.5534
2017-07-13,43.8159
2017-07-12,45.7554
2017-07-11,44.8829
2017-07-10,40.4651
2017-07-07,39.2939
2017-07-06,37.4816
2017-07-05,42.4947
2017-07-03,51.6748
2017-06-30,55.7001
2017-06-29,55.3842
2017-06-28,60.372
2017-06-27,57.2817
2017-06-26,65.5611
2017-06-23,69.3126
2017-06-22,69.0757
2017-06-21,67.3027
2017-06-20,66.0645
2017-06-19,65.333
2017-06-16,66.2222
2017-06-15,68.4002
2017-06-14,71.4129
2017-06-13,70.3131
2017-06-12,65.8204
2017-06-09,65.323
2017-06-08,72.8826
2017-06-07,70.2092
2017-06-06,68.2559
2017-06-05,66.5622
2017-06-02,64.1043
2017-06-01,64.4174
2017-05-31,64.7874
2017-05-30,62.9188
2017-05-26,59.4759
2017-05-25,56.2567
2017-05-24,53.4631
2017-05-23,50.5782
2017-05-22,53.8122
2017-05-19,54.055
2017-05-18,55.1535
2017-05-17,52.2824
2017-05-16,57.7954
2017-05-15,57.3525
2017-05-12,62.2574
2017-05-11,61.6609
2017-05-10,62.8304
2017-05-09,61.5358
2017-05-08,56.4117
2017-05-05,57.0065
2017-05-04,51.6215
2017-05-03,60.2798
2017-05-02,65.5636
2017-05-01,68.4158
2017-04-28,65.2201
2017-04-27,63.0121
2017-04-26,64.1066
2017-04-25,66.6935
2017-04-24,64.5299
2017-04-21,63.5817
2017-04-20,62.3665
2017-04-19,64.3537
2017-04-18,62.3588
2017-04-17,63.1165
2017-04-13,64.7238
2017-04-12,62.1637
2017-04-11,70.1858
2017-04-10,72.9589
2017-04-07,69.9388
2017-04-06,68.6417
2017-04-05,67.3522
2017-04-04,74.1645
2017-04-03,72.5967
2017-03-31,64.6398
2017-03-30,64.4555
2017-03-29,64.2037
2017-03-28,64.2597
2017-03-27,60.9104
2017-03-24,57.1886
2017-03-23,52.0393
2017-03-22,52.2031
2017-03-21,49.3534
2017-03-20,57.8603
2017-03-17,57.6009
2017-03-16,58.0454
2017-03-15,54.1855
2017-03-14,55.9417
2017-03-13,47.5208
2017-03-10,45.4442
2017-03-09,46.2933
2017-03-08,47.6709
2017-03-07,48.8773
2017-03-06,50.7354
2017-03-03,50.9884
2017-03-02,50.2751
2017-03-01,49.9833
2017-02-28,49.9651
2017-02-27,47.7
2017-02-24,54.4016
2017-02-23,53.8236
2017-02-22,68.0346
2017-02-21,72.0361
2017-02-17,69.7914
2017-02-16,68.2524
2017-02-15,81.205
2017-02-14,82.8915
2017-02-13,82.7857
2017-02-10,79.1147
2017-02-09,79.1035
2017-02-08,76.2382
2017-02-07,74.0546
2017-02-06,74.4644
2017-02-03,71.0891
2017-02-02,71.3953
2017-02-01,70.1108
2017-01-31,73.7758
2017-01-30,73.131
2017-01-27,76.3123
2017-01-26,76.1252
2017-01-25,78.7582
2017-01-24,78.9434
2017-01-23,76.8398
2017-01-20,75.0995
2017-01-19,74.681
2017-01-18,72.2115
2017-01-17,70.8196
2017-01-13,73.5517
2017-01-12,69.324
2017-01-11,69.5051
2017-01-10,69.678
2017-01-09,71.3769
2017-01-06,70.2682
2017-01-05,69.1375
2017-01-04,69.4038
2017-01-03,63.9003
2016-12-30,61.743
2016-12-29,62.8128
2016-12-28,68.5828
2016-12-27,68.4686
2016-12-23,64.8954
2016-12-22,61.6325
2016-12-21,61.1057
2016-12-20,62.2864
2016-12-19,58.0003
2016-12-16,57.8199
2016-12-15,53.979
2016-12-14,55.0557
2016-12-13,54.6375
2016-12-12,49.9514
2016-12-09,49.7358
2016-12-08,49.8256
2016-12-07,50.5022
2016-12-06,44.4153
2016-12-05,45.101
2016-12-02,40.1787
2016-12-01,40.4437
2016-11-30,45.695
2016-11-29,45.8227
2016-11-28,51.0476
2016-11-25,51.499
2016-11-23,48.6418
2016-11-22,46.9763
2016-11-21,40.8221
2016-11-18,41.1634
2016-11-17,43.6893
2016-11-16,39.0741
2016-11-15,38.9132
2016-11-14,36.6072
2016-11-11,41.1273
2016-11-10,37.8351
2016-11-09,41.0337
2016-11-08,44.758
2016-11-07,43.0161
2016-11-04,40.2757
2016-11-03,36.8576
2016-11-02,37.2445
2016-11-01,39.0422
2016-10-31,44.1095
2016-10-28,45.9377
2016-10-27,49.4494
2016-10-26,47.7881
2016-10-25,47.8726
2016-10-24,48.2125
2016-10-21,45.8924
2016-10-20,45.0248
2016-10-19,48.3421
2016-10-18,44.4543
2016-10-17,39.4664
2016-10-14,41.2105
2016-10-13,43.9069
2016-10-12,44.8562
2016-10-11,43.5693
2016-10-10,44.1595
2016-10-07,40.2325
2016-10-06,43.1484
2016-10-05,48.8658
2016-10-04,51.4257
2016-10-03,53.4922
2016-09-30,44.5541
2016-09-29,40.8342
2016-09-28,45.707
2016-09-27,45.1939
2016-09-26,48.1845
2016-09-23,46.5575
2016-09-22,45.4803
2016-09-21,44.2132
2016-09-20,43.6164
2016-09-19,44.9555
2016-09-16,44.0532
2016-09-15,39.0227
2016-09-14,34.5187
2016-09-13,34.1036
2016-09-12,35.4375
2016-09-09,31.0782
2016-09-08,32.659
2016-09-07,35.2206
2016-09-06,35.9095
2016-09-02,30.0485
2016-09-01,31.678
2016-08-31,39.286
2016-08-30,38.4488
2016-08-29,41.5871
2016-08-26,46.0147
2016-08-25,46.9769
2016-08-24,48.6301
2016-08-23,50.9061
2016-08-22,48.9534
2016-08-19,51.0437
2016-08-18,49.5712
2016-08-17,49.3088
2016-08-16,49.6451
2016-08-15,51.4288
2016-08-12,51.4465
2016-08-11,50.8833
2016-08-10,51.4831
2016-08-09,54.3016
2016-08-08,52.1845
2016-08-05,55.4169
2016-08-04,55.91
2016-08-03,52.5789
2016-08-02,53.7065
2016-08-01,55.9795
2016-07-29,60.0893
2016-07-28,57.497
2016-07-27,56.1239
2016-07-26,56.9651
2016-07-25,57.3655
2016-07-22,52.4507
2016-07-21,51.2294
2016-07-20,57.4554
2016-07-19,55.4257
2016-07-18,56.2397
2016-07-15,52.3076
2016-07-14,53.1846
2016-07-13,53.9449
2016-07-12,55.5441
2016-07-11,55.6402
2016-07-08,50.649
2016-07-07,50.0888
2016-07-06,49.1088
2016-07-05,48.816
2016-07-01,50.3227
2016-06-30,47.7575
2016-06-29,46.4567
2016-06-28,40.8312
2016-06-27,38.4621
2016-06-24,34.2968
2016-06-23,35.6776
2016-06-22,35.7871
2016-06-21,48.1889
2016-06-20,48.2511
2016-06-17,45.0813
2016-06-16,46.6604
2016-06-15,46.4939
2016-06-14,44.5348
2016-06-13,46.2431
2016-06-10,46.7821
2016-06-09,53.6006
2016-06-08,58.3055
2016-06-07,56.4299
2016-06-06,48.3341
2016-06-03,46.9775
2016-06-02,46.954
2016-06-01,47.3526
2016-05-31,49.8094
2016-05-27,49.681
2016-05-26,51.0389
2016-05-25,47.4011
2016-05-24,46.2577
2016-05-23,45.1105
2016-05-20,47.4207
2016-05-19,44.0196
2016-05-18,41.1373
2016-05-17,36.101
2016-05-16,37.8149
2016-05-13,37.285
2016-05-12,37.0377
2016-05-11,37.7579
2016-05-10,37.5725
2016-05-09,37.6633
2016-05-06,40.0657
2016-05-05,37.9382
2016-05-04,42.5986
2016-05-03,47.504
2016-05-02,53.1518
2016-04-29,52.564
2016-04-28,57.1131
2016-04-27,59.7718
2016-04-26,61.4114
2016-04-25,60.5417
2016-04-22,61.8733
2016-04-21,59.4778
2016-04-20,60.5906
2016-04-19,59.4759
2016-04-18,63.7662
2016-04-15,64.1919
2016-04-14,63.2104
2016-04-13,64.9134
2016-04-12,62.5014
2016-04-11,63.8055
2016-04-08,63.896
2016-04-07,68.2668
2016-04-06,73.7954
2016-04-05,71.1044
2016-04-04,68.484
2016-04-01,65.1566
2016-03-31,61.9845
2016-03-30,60.7337
2016-03-29,62.9471
2016-03-28,63.0346
2016-03-24,62.0668
2016-03-23,60.0183
2016-03-22,67.871
2016-03-21,70.9571
2016-03-18,69.1336
2016-03-17,66.882
2016-03-16,65.1944
2016-03-15,63.7799
2016-03-14,62.4931
2016-03-11,59.1901
2016-03-10,58.1277
2016-03-09,60.4072
2016-03-08,57.6817
2016-03-07,59.3888
2016-03-04,57.5009
2016-03-03,55.024
2016-03-02,51.2558
2016-03-01,50.1896
2016-02-29,53.2948
2016-02-26,52.4993
2016-02-25,51.0496
2016-02-24,46.5613
2016-02-23,45.5542
2016-02-22,45.797
2016-02-19,39.3296
2016-02-18,39.4057
2016-02-17,40.147
2016-02-16,31.4857
2016-02-12,28.48
2016-02-11,28.0663
2016-02-10,23.019
2016-02-09,24.1011
2016-02-08,23.9082
2016-02-05,27.6609
2016-02-04,31.7916
2016-02-03,30.3558
2016-02-02,33.7486
2016-02-01,40.2568
2016-01-29,35.4641
2016-01-28,34.1527
2016-01-27,32.7418
2016-01-26,35.1518
2016-01-25,36.4614
2016-01-22,39.5219
2016-01-21,37.4358
2016-01-20,36.41
2016-01-19,39.3125
2016-01-15,39.4465
2016-01-14,40.0175
2016-01-13,35.6523
2016-01-12,40.2294
2016-01-11,38.5855
2016-01-08,40.144
2016-01-07,42.5543
2016-01-06,44.4006
2016-01-05,46.9042
2016-01-04,46.8913
2015-12-31,58.0679
2015-12-30,56.9402
2015-12-29,56.4182
2015-12-28,51.2818
2015-12-24,52.4361
2015-12-23,51.8835
2015-12-22,52.0486
2015-12-21,53.7443
2015-12-18,52.563
2015-12-17,54.4047
2015-12-16,55.1058
2015-12-15,47.3877
2015-12-14,45.7299
2015-12-11,44.7011
2015-12-10,50.568
2015-12-09,48.9531
2015-12-08,50.3
2015-12-07,53.0811
2015-12-04,52.6582
2015-12-03,54.0973
2015-12-02,53.7261
2015-12-01,56.8825
2015-11-30,53.4176
2015-11-27,54.224
2015-11-25,53.2456
2015-11-24,47.0261
2015-11-23,46.7306
2015-11-20,47.8774
2015-11-19,48.7782
2015-11-18,48.4021
2015-11-17,44.6638
2015-11-16,44.799
2015-11-13,40.8953
2015-11-12,43.2414
2015-11-11,45.9134
2015-11-10,44.5455
2015-11-09,48.5366
2015-11-06,52.0647
2015-11-05,51.7853
2015-11-04,51.7219
2015-11-03,39.0534
2015-11-02,41.4691
2015-10-30,36.7848
2015-10-29,38.8062
2015-10-28,39.3881
2015-10-27,37.645
2015-10-26,39.6846
2015-10-23,35.5137
2015-10-22,36.5368
2015-10-21,35.4417
2015-10-20,36.5215
2015-10-19,42.884
2015-10-16,42.192
2015-10-15,38.4898
2015-10-14,35.4369
2015-10-13,36.3539
2015-10-12,33.8351
2015-10-09,35.7042
2015-10-08,38.0611
2015-10-07,40.2549
2015-10-06,44.6915
2015-10-05,47.1275
2015-10-02,47.8782
2015-10-01,43.2259
2015-09-30,47.7079
2015-09-29,46.628
2015-09-28,47.5774
2015-09-25,52.4066
2015-09-24,56.3884
2015-09-23,55.3186
2015-09-22,55.2578
2015-09-21,57.267
2015-09-18,55.5821
2015-09-17,56.4384
2015-09-16,56.5411
2015-09-15,52.5881
2015-09-14,52.408
2015-09-11,51.0368
2015-09-10,50.2239
2015-09-09,50.4182
2015-09-08,50.1026
2015-09-04,47.4221
2015-09-03,48.8772
2015-09-02,49.7213
2015-09-01,45.9301
2015-08-31,50.0582
2015-08-28,49.82
2015-08-27,47.5708
2015-08-26,38.9808
2015-08-25,36.3556
2015-08-24,35.722
2015-08-21,39.56
2015-08-20,43.8517
2015-08-19,49.7215
2015-08-18,52.5164
2015-08-17,49.7028
2015-08-14,43.0825
2015-08-13,42.6951
2015-08-12,40.0677
2015-08-11,39.5826
2015-08-10,41.0709
2015-08-07,41.611
2015-08-06,43.0315
2015-08-05,54.8179
2015-08-04,52.8498
2015-08-03,49.4309
2015-07-31,53.0068
2015-07-30,53.388
2015-07-29,51.8618
2015-07-28,52.4108
2015-07-27,45.9981
2015-07-24,53.1406
2015-07-23,54.2968
2015-07-22,54.7202
2015-07-21,54.1628
2015-07-20,64.8417
2015-07-17,61.2837
2015-07-16,56.9366
2015-07-15,54.7977
2015-07-14,56.6944
2015-07-13,54.6195
2015-07-10,52.7652
2015-07-09,52.0039
2015-07-08,50.1676
2015-07-07,59.6272
2015-07-06,71.3379
2015-07-02,71.6768
2015-07-01,66.1407
2015-06-30,65.618
2015-06-29,61.6774
2015-06-26,67.6634
2015-06-25,69.8219
2015-06-24,67.74
2015-06-23,70.9514
2015-06-22,66.1456
2015-06-19,69.9399
2015-06-18,69.5618
2015-06-17,68.6681
2015-06-16,63.6778
2015-06-15,61.4876
2015-06-12,61.8887
2015-06-11,62.7925
2015-06-10,62.2764
2015-06-09,69.0705
2015-06-08,69.4644
2015-06-05,64.7564
2015-06-04,62.2675
2015-06-03,66.5226
2015-06-02,66.0633
2015-06-01,67.5771
2015-05-29,69.4321
2015-05-28,70.3149
2015-05-27,67.9182
2015-05-26,67.9506
2015-05-22,68.2912
2015-05-21,67.0888
2015-05-20,66.3594
2015-05-19,69.5776
2015-05-18,71.4779
2015-05-15,71.5817
2015-05-14,69.3546
2015-05-13,68.9052
2015-05-12,70.5721
2015-05-11,68.1054
2015-05-08,66.6484
2015-05-07,66.8398
2015-05-06,63.5022
2015-05-05,65.9987
2015-05-04,64.723
2015-05-01,62.2527
2015-04-30,62.2712
2015-04-29,68.4532
2015-04-28,67.51
2015-04-27,68.5678
2015-04-24,61.5466
2015-04-23,61.7213
2015-04-22,62.5303
2015-04-21,55.9856
2015-04-20,52.7494
2015-04-17,54.1378
2015-04-16,54.0698
2015-04-15,55.0433
2015-04-14,54.7901
2015-04-13,56.692
2015-04-10,57.6091
2015-04-09,57.1326
2015-04-08,55.7201
2015-04-07,53.0347
2015-04-06,52.9427
2015-04-02,44.6304
2015-04-01,41.8819
2015-03-31,42.5767
2015-03-30,43.6254
2015-03-27,39.2245
2015-03-26,42.2662
2015-03-25,44.6358
2015-03-24,49.6761
2015-03-23,48.1081
2015-03-20,46.9434
2015-03-19,45.1085
2015-03-18,48.4212
2015-03-17,43.7864
2015-03-16,44.4012
2015-03-13,38.4603
2015-03-12,39.837
2015-03-11,41.4103
2015-03-10,38.4526
2015-03-09,38.7569
2015-03-06,40.3836
2015-03-05,44.3637
2015-03-04,45.5029
2015-03-03,43.2997
2015-03-02,41.5546
2015-02-27,45.1037
2015-02-26,47.5743
2015-02-25,45.0256
2015-02-24,45.2388
2015-02-23,47.195
2015-02-20,53.9069
2015-02-19,50.1855
2015-02-18,44.4771
2015-02-17,44.3852
2015-02-13,43.9201
2015-02-12,43.228
2015-02-11,49.7259
2015-02-10,52.3562
2015-02-09,53.269
2015-02-06,53.1908
2015-02-05,55.877
2015-02-04,54.4067
2015-02-03,54.294
2015-02-02,49.6806
2015-01-30,44.4074
2015-01-29,45.3925
2015-01-28,40.8505
2015-01-27,44.8703
2015-01-26,45.235
2015-01-23,41.0339
2015-01-22,41.2224
2015-01-21,37.0169
2015-01-20,32.8213
2015-01-16,33.3397
2015-01-15,32.27
2015-01-14,32.6097
2015-01-13,37.9616
2015-01-12,36.2064
2015-01-09,38.4614
2015-01-08,40.5963
2015-01-07,40.7784
2015-01-06,40.9504
2015-01-05,40.085
2015-01-02,44.9319
2014-12-31,46.737
2014-12-30,46.6187
2014-12-29,48.6013
2014-12-26,49.8217
2014-12-24,46.4559
2014-12-23,45.6524
2014-12-22,46.4898
2014-12-19,44.5267
2014-12-18,43.9185
2014-12-17,35.8482
2014-12-16,29.6561
2014-12-15,31.9336
2014-12-12,33.0803
2014-12-11,33.8128
2014-12-10,34.18
2014-12-09,36.9819
2014-12-08,35.1701
2014-12-05,39.1187
2014-12-04,41.2701
2014-12-03,41.757
2014-12-02,42.7579
2014-12-01,42.8541
2014-11-28,49.3198
2014-11-26,51.5694
2014-11-25,51.3813
2014-11-24,50.6688
2014-11-21,48.6113
2014-11-20,51.6941
2014-11-19,51.2133
2014-11-18,56.72
2014-11-17,55.0033
2014-11-14,57.7529
2014-11-13,54.5472
2014-11-12,53.2931
2014-11-11,54.3786
2014-11-10,49.8986
2014-11-07,48.999
2014-11-06,49.4968
2014-11-05,44.0727
2014-11-04,47.8653
2014-11-03,49.7348
2014-10-31,49.2771
2014-10-30,47.7329
2014-10-29,47.453
2014-10-28,49.5558
2014-10-27,37.707
2014-10-24,44.0251
2014-10-23,44.0509
2014-10-22,41.3089
2014-10-21,43.3514
2014-10-20,40.1208
2014-10-17,38.0606
2014-10-16,37.2858
2014-10-15,38.6472
2014-10-14,36.923
2014-10-13,35.3071
2014-10-10,40.1853
2014-10-09,51.136
2014-10-08,52.676
2014-10-07,52.8693
2014-10-06,53.5449
2014-10-03,50.445
2014-10-02,48.142
2014-10-01,40.3769
2014-09-30,41.6706
2014-09-29,43.0564
2014-09-26,43.7747
2014-09-25,43.9566
2014-09-24,46.6906
2014-09-23,45.6196
2014-09-22,45.3906
2014-09-19,50.31
2014-09-18,52.9508
2014-09-17,51.6433
2014-09-16,51.3061
2014-09-15,47.5727
2014-09-12,65.0142
2014-09-11,66.0215
2014-09-10,66.7204
2014-09-09,65.5721
2014-09-08,68.6918
2014-09-05,66.737
2014-09-04,74.8764
2014-09-03,73.1309
2014-09-02,76.1681
2014-08-29,70.4254
2014-08-28,67.4034
2014-08-27,67.0695
2014-08-26,66.2567
2014-08-25,67.1007
2014-08-22,63.9969
2014-08-21,62.5787
2014-08-20,63.9218
2014-08-19,64.9366
2014-08-18,68.0446
2014-08-15,70.12
2014-08-14,69.8542
2014-08-13,69.4151
2014-08-12,69.2761
2014-08-11,69.0315
2014-08-08,64.3126
2014-08-07,68.0635
2014-08-06,66.5586
2014-08-05,61.336
2014-08-04,61.3621
2014-08-01,58.4133
2014-07-31,51.773
2014-07-30,56.6139
2014-07-29,53.756
2014-07-28,53.615
2014-07-25,52.7136
2014-07-24,52.6926
2014-07-23,51.9849
2014-07-22,50.0163
2014-07-21,50.6674
2014-07-18,50.3347
2014-07-17,47.3373
2014-07-16,48.3943
2014-07-15,49.8483
2014-07-14,54.418
2014-07-11,49.0803
2014-07-10,49.9426
2014-07-09,52.3054
2014-07-08,49.8049
2014-07-07,52.1415
2014-07-03,56.7875
2014-07-02,56.9155
2014-07-01,65.114
2014-06-30,65.4096
2014-06-27,64.9652
2014-06-26,63.4204
2014-06-25,64.4274
2014-06-24,62.5036
2014-06-23,66.1571
2014-06-20,62.8196
2014-06-19,61.9793
2014-06-18,61.673
2014-06-17,65.0542
2014-06-16,61.9817
2014-06-13,51.5566
2014-06-12,49.4575
2014-06-11,50.1336
2014-06-10,48.6092
2014-06-09,50.6495
2014-06-06,52.6447
2014-06-05,51.8441
2014-06-04,50.0057
2014-06-03,50.6048
2014-06-02,50.4624
2014-05-30,52.2951
2014-05-29,53.7883
2014-05-28,53.7883
2014-05-27,54.5393
2014-05-23,52.5061
2014-05-22,51.3314
2014-05-21,48.6226
2014-05-20,46.459
2014-05-19,46.8156
2014-05-16,44.4952
2014-05-15,42.9448
2014-05-14,43.7381
2014-05-13,43.5135
2014-05-12,40.8353
2014-05-09,39.6418
2014-05-08,37.8275
2014-05-07,45.9683
2014-05-06,48.5547
2014-05-05,53.0129
2014-05-02,50.368
2014-05-01,48.8417
2014-04-30,48.9136
2014-04-29,48.4768
2014-04-28,44.5733
2014-04-25,45.0904
2014-04-24,48.2704
2014-04-23,48.323
2014-04-22,52.7958
2014-04-21,46.4963
2014-04-17,43.343
2014-04-16,43.7302
2014-04-15,41.1048
2014-04-14,42.6235
2014-04-11,44.7621
2014-04-10,44.9164
2014-04-09,50.0038
2014-04-08,49.3753
2014-04-07,45.8844
2014-04-04,47.7375
2014-04-03,53.4835
2014-04-02,55.8541
2014-04-01,50.1348
2014-03-31,45.8737
2014-03-28,47.6536
2014-03-27,45.044
2014-03-26,47.5595
2014-03-25,51.1592
2014-03-24,51.0321
2014-03-21,55.46
2014-03-20,58.8064
2014-03-19,59.3318
2014-03-18,61.6968
2014-03-17,59.4831
2014-03-14,58.3472
2014-03-13,62.0944
2014-03-12,64.22
2014-03-11,61.8457
2014-03-10,64.3854
2014-03-07,68.8543
2014-03-06,73.2657
2014-03-05,73.1978
2014-03-04,74.5986
2014-03-03,73.6584
2014-02-28,72.3523
2014-02-27,77.2437
2014-02-26,77.54
2014-02-25,76.6135
2014-02-24,69.3142
2014-02-21,66.6949
2014-02-20,66.9444
2014-02-19,60.7946
2014-02-18,68.2227
2014-02-14,66.082
2014-02-13,67.1824
2014-02-12,65.5023
2014-02-11,66.4775
2014-02-10,66.4556
2014-02-07,62.5731
2014-02-06,58.9011
2014-02-05,56.9516
2014-02-04,59.8889
2014-02-03,59.1364
2014-01-31,62.0731
2014-01-30,63.0625
2014-01-29,59.8251
2014-01-28,61.9606
2014-01-27,57.9998
2014-01-24,61.4557
2014-01-23,66.6858
2014-01-22,65.4972
2014-01-21,64.7329
2014-01-17,61.887
2014-01-16,62.5775
2014-01-15,59.5207
2014-01-14,58.1632
2014-01-13,44.6397
2014-01-10,49.0189
2014-01-09,50.3502
2014-01-08,53.1936
2014-01-07,51.8716
2014-01-06,50.2301
2014-01-03,52.0598
2014-01-02,52.4426
2013-12-31,52.6668
2013-12-30,54.0072
2013-12-27,53.2655
2013-12-26,56.1182
2013-12-24,53.9294
2013-12-23,49.3136
2013-12-20,49.1226
2013-12-19,47.5978
2013-12-18,51.851
2013-12-17,54.7174
2013-12-16,52.1838
2013-12-13,52.0225
2013-12-12,51.9233
2013-12-11,47.5464
2013-12-10,48.9207
2013-12-09,48.5928
2013-12-06,46.2366
2013-12-05,47.7671
2013-12-04,46.949
2013-12-03,49.7298
2013-12-02,37.0915
2013-11-29,38.4838
2013-11-27,38.2431
2013-11-26,33.5641
2013-11-25,33.6922
2013-11-22,33.8872
2013-11-21,34.1375
2013-11-20,33.4958
2013-11-19,35.1315
2013-11-18,32.2867
2013-11-15,37.0313
2013-11-14,37.8504
2013-11-13,38.2618
2013-11-12,37.7358
2013-11-11,40.2313
2013-11-08,36.3175
2013-11-07,36.9379
2013-11-06,41.1079
2013-11-05,54.2005
2013-11-04,53.3139
2013-11-01,45.1497
2013-10-31,43.5446
2013-10-30,43.0332
2013-10-29,45.9139
2013-10-28,44.8381
2013-10-25,48.7269
2013-10-24,50.8784
2013-10-23,45.179
2013-10-22,49.6314
2013-10-21,50.341
2013-10-18,58.427
2013-10-17,58.0728
2013-10-16,58.6748
2013-10-15,58.966
2013-10-14,56.6992
2013-10-11,56.1429
2013-10-10,52.8904
2013-10-09,50.3757
2013-10-08,54.3254
2013-10-07,60.6583
2013-10-04,59.5353
2013-10-03,55.0633
2013-10-02,61.4944
2013-10-01,74.5386
2013-09-30,75.0027
2013-09-27,73.9751
2013-09-26,73.0107
2013-09-25,71.5004
2013-09-24,70.1437
2013-09-23,69.5663
2013-09-20,72.0399
2013-09-19,69.5741
2013-09-18,62.9302
2013-09-17,62.9436
2013-09-16,63.3169
2013-09-13,62.6923
2013-09-12,62.335
2013-09-11,61.5257
2013-09-10,64.1732
2013-09-09,61.0016
2013-09-06,67.2564
2013-09-05,70.4982
2013-09-04,71.2611
2013-09-03,70.5246
2013-08-30,70.5859
2013-08-29,69.3455
2013-08-28,69.716
2013-08-27,70.2278
2013-08-26,69.1561
2013-08-23,68.2289
2013-08-22,66.3141
2013-08-21,62.0812
2013-08-20,63.4921
2013-08-19,61.2136
2013-08-16,59.7342
2013-08-15,58.5268
2013-08-14,58.3691
2013-08-13,62.8143
2013-08-12,64.309
2013-08-09,68.7909
2013-08-08,69.1821
2013-08-07,60.6581
2013-08-06,68.0106
2013-08-05,70.6078
2013-08-02,67.4941
2013-08-01,66.2483
2013-07-31,65.599
2013-07-30,64.2939
2013-07-29,67.0332
2013-07-26,64.4178
2013-07-25,61.4636
2013-07-24,60.0601
2013-07-23,60.986
2013-07-22,60.815
2013-07-19,59.3115
2013-07-18,58.9579
2013-07-17,59.8859
2013-07-16,53.5035
2013-07-15,70.9364
2013-07-12,74.2692
2013-07-11,72.257
2013-07-10,70.5538
2013-07-09,72.0381
2013-07-08,71.1387
2013-07-05,70.3912
2013-07-03,67.8688
2013-07-02,70.9222
2013-07-01,70.6101
2013-06-28,65.1701
2013-06-27,67.4532
2013-06-26,65.296
2013-06-25,63.1114
2013-06-24,62.4967
2013-06-21,61.1868
2013-06-20,62.36
2013-06-19,66.8195
2013-06-18,66.0819
2013-06-17,65.408
2013-06-14,64.3332
2013-06-13,63.1184
2013-06-12,62.8633
2013-06-11,61.0075
2013-06-10,66.4034
2013-06-07,68.4546
2013-06-06,66.1107
2013-06-05,65.0698
2013-06-04,64.7948
2013-06-03,63.6405
2013-05-31,68.5468
2013-05-30,76.3204
2013-05-29,76.206
2013-05-28,82.9771
2013-05-24,78.8245
2013-05-23,77.0813
2013-05-22,74.5715
2013-05-21,75.0694
2013-05-20,78.4086
2013-05-17,80.6716
2013-05-16,81.7463
2013-05-15,79.1313
2013-05-14,78.4983
2013-05-13,85.5121
2013-05-10,81.7664
2013-05-09,78.1923
2013-05-08,66.7441
2013-05-07,66.4038
2013-05-06,77.239
2013-05-03,71.8197
2013-05-02,71.2415
2013-05-01,70.1437
2013-04-30,72.3893
2013-04-29,75.4602
2013-04-26,70.8326
2013-04-25,73.6551
2013-04-24,71.5408
2013-04-23,73.6142
2013-04-22,72.5455
2013-04-19,69.1267
2013-04-18,67.7359
2013-04-17,65.0956
2013-04-16,65.565
2013-04-15,61.2188
2013-04-12,62.696
2013-04-11,62.3895
2013-04-10,58.922
2013-04-09,55.8845
2013-04-08,60.0068
2013-04-05,59.0134
2013-04-04,61.0166
2013-04-03,59.1433
2013-04-02,70.6227
2013-04-01,69.9208
2013-03-28,54.812
2013-03-27,56.0067
2013-03-26,54.9707
2013-03-25,53.8346
2013-03-22,50.5675
2013-03-21,48.2345
2013-03-20,48.0052
2013-03-19,44.6265
2013-03-18,44.8492
2013-03-15,45.2787
2013-03-14,50.3858
2013-03-13,59.021
2013-03-12,59.6594
2013-03-11,59.6001
2013-03-08,57.7409
2013-03-07,57.0252
2013-03-06,55.411
2013-03-05,52.1204
2013-03-04,48.3984
2013-03-01,44.8591
2013-02-28,45.4321
2013-02-27,46.2743
2013-02-26,43.819
2013-02-25,43.6364
2013-02-22,48.8564
2013-02-21,45.4524
2013-02-20,58.6458
2013-02-19,62.4138
2013-02-15,53.8952
2013-02-14,61.3221
2013-02-13,62.2929
2013-02-12,60.0497
2013-02-11,63.4431
2013-02-08,69.1899
2013-02-07,70.9775
2013-02-06,70.0273
2013-02-05,66.5352
2013-02-04,65.086
2013-02-01,69.1721
2013-01-31,66.3401
2013-01-30,66.4134
2013-01-29,69.5558
2013-01-28,70.1423
2013-01-25,66.6339
2013-01-24,66.7048
2013-01-23,63.0013
2013-01-22,59.4998
2013-01-18,56.246
2013-01-17,55.5369
2013-01-16,54.1242
2013-01-15,53.1134
2013-01-14,49.7472
2013-01-11,47.8002
2013-01-10,51.1342
2013-01-09,51.7425
2013-01-08,51.956
2013-01-07,55.549
2013-01-04,55.8827
2013-01-03,57.9215
2013-01-02,61.3099
2012-12-31,54.9932
2012-12-28,51.727
2012-12-27,54.4409
2012-12-26,53.9526
2012-12-24,58.0298
2012-12-21,56.7704
2012-12-20,59.3695
2012-12-19,60.4704
2012-12-18,60.3929
2012-12-17,59.6792
2012-12-14,57.4155
2012-12-13,56.6314
2012-12-12,66.182
2012-12-11,66.3108
2012-12-10,63.9448
2012-12-07,62.5367
2012-12-06,61.5744
2012-12-05,60.903
2012-12-04,61.931
2012-12-03,65.9377
2012-11-30,63.441
2012-11-29,63.0226
2012-11-28,61.5431
2012-11-27,57.775
2012-11-26,58.3788
2012-11-23,57.891
2012-11-21,59.4997
2012-11-20,62.0533
2012-11-19,61.8183
2012-11-16,58.5241
2012-11-15,55.0449
2012-11-14,57.5637
2012-11-13,58.63
2012-11-12,56.8666
2012-11-09,54.3176
2012-11-08,58.665
2012-11-07,59.72
2012-11-06,58.5184
2012-11-05,60.0455
2012-11-02,51.1032
2012-11-01,52.5184
2012-10-31,47.8471
2012-10-26,44.3381
2012-10-25,44.8725
2012-10-24,44.4179
2012-10-23,48.0707
2012-10-22,45.7095
2012-10-19,45.2275
2012-10-18,46.2923
2012-10-17,49.1468
2012-10-16,46.0686
2012-10-15,42.9117
2012-10-12,43.9495
2012-10-11,46.2822
2012-10-10,46.5584
2012-10-09,46.4445
2012-10-08,49.3759
2012-10-05,48.1029
2012-10-04,49.7878
2012-10-03,49.458
2012-10-02,51.0506
2012-10-01,49.0558
2012-09-28,49.4145
2012-09-27,46.9904
2012-09-26,43.9204
2012-09-25,44.2277
2012-09-24,53.0445
2012-09-21,51.0676
2012-09-20,54.0395
2012-09-19,54.5537
2012-09-18,55.5238
2012-09-17,59.6973
2012-09-14,53.7846
2012-09-13,50.8875
2012-09-12,46.702
2012-09-11,44.9182
2012-09-10,43.3033
2012-09-07,49.674
2012-09-06,46.662
2012-09-05,44.2448
2012-09-04,44.8783
2012-08-31,46.0689
2012-08-30,45.6725
2012-08-29,45.6725
2012-08-28,46.4569
2012-08-27,45.2771
2012-08-24,48.5158
2012-08-23,52.2142
2012-08-22,49.914
2012-08-21,47.3197
2012-08-20,48.4551
2012-08-17,49.8762
2012-08-16,50.6955
2012-08-15,48.1863
2012-08-14,48.2381
2012-08-13,52.9742
2012-08-10,49.675
2012-08-09,48.187
2012-08-08,47.2932
2012-08-07,50.2804
2012-08-06,44.6067
2012-08-03,41.3982
2012-08-02,37.3657
2012-08-01,37.6815
2012-07-31,40.1991
2012-07-30,39.9711
2012-07-27,44.9995
2012-07-26,40.4528
2012-07-25,42.4329
2012-07-24,44.6884
2012-07-23,46.8689
2012-07-20,50.0671
2012-07-19,51.4848
2012-07-18,51.1563
2012-07-17,54.673
2012-07-16,63.7243
2012-07-13,59.5569
2012-07-12,55.1168
2012-07-11,51.2101
2012-07-10,50.3826
2012-07-09,51.1379
2012-07-06,49.5035
2012-07-05,50.2702
2012-07-03,48.4694
2012-07-02,47.6479
2012-06-29,50.2532
2012-06-28,50.6076
2012-06-27,52.211
2012-06-26,51.2778
2012-06-25,55.7068
2012-06-22,57.8427
2012-06-21,53.8726
2012-06-20,59.1476
2012-06-19,54.6653
2012-06-18,53.9554
2012-06-15,47.9807
2012-06-14,46.1937
2012-06-13,47.3223
2012-06-12,46.966
2012-06-11,45.2385
2012-06-08,47.8721
2012-06-07,44.1735
2012-06-06,44.9374
2012-06-05,40.524
2012-06-04,40.4202
2012-06-01,41.033
2012-05-31,44.2174
2012-05-30,46.5297
2012-05-29,50.0255
2012-05-25,44.1732
2012-05-24,45.5478
2012-05-23,47.4742
2012-05-22,46.7715
2012-05-21,40.0836
2012-05-18,35.4698
2012-05-17,37.7765
2012-05-16,39.2408
2012-05-15,39.842
2012-05-14,41.3591
2012-05-11,47.3081
2012-05-10,49.5011
2012-05-09,38.4259
2012-05-08,38.7882
2012-05-07,46.0166
2012-05-04,43.1936
2012-05-03,45.4145
2012-05-02,51.3013
2012-05-01,50.6442
2012-04-30,47.933
2012-04-27,48.755
2012-04-26,49.329
2012-04-25,47.0385
2012-04-24,42.3889
2012-04-23,42.7817
2012-04-20,46.9872
2012-04-19,46.9872
2012-04-18,44.987
2012-04-17,43.2791
2012-04-16,43.3095
2012-04-13,47.5643
2012-04-12,47.0107
2012-04-11,45.7409
2012-04-10,43.4225
2012-04-09,45.4428
2012-04-05,49.6748
2012-04-04,51.4547
2012-04-03,64.0808
2012-04-02,59.6074
2012-03-30,63.0503
2012-03-29,63.5256
2012-03-28,66.2678
2012-03-27,66.7416
2012-03-26,65.3289
2012-03-23,53.889
2012-03-22,55.5678
2012-03-21,59.7097
2012-03-20,58.9737
2012-03-19,59.0816
2012-03-16,60.8809
2012-03-15,59.7859
2012-03-14,61.2622
2012-03-13,65.5011
2012-03-12,65.2729
2012-03-09,61.4233
2012-03-08,55.2226
2012-03-07,55.4763
2012-03-06,55.4374
2012-03-05,58.6491
2012-03-02,60.0001
2012-03-01,61.8549
2012-02-29,58.5661
2012-02-28,60.5499
2012-02-27,59.9376
2012-02-24,60.5485
2012-02-23,64.283
2012-02-22,63.4314
2012-02-21,64.7563
2012-02-17,66.9874
2012-02-16,65.0654
2012-02-15,63.5868
2012-02-14,62.468
2012-02-13,57.6369
2012-02-10,56.3992
2012-02-09,63.0391
2012-02-08,61.1298
2012-02-07,60.1366
2012-02-06,61.0345
2012-02-03,59.1513
2012-02-02,56.3783
2012-02-01,54.1784
2012-01-31,52.444
2012-01-30,54.3603
2012-01-27,53.587
2012-01-26,52.3403
2012-01-25,49.1105
2012-01-24,47.1824
2012-01-23,44.8359
2012-01-20,44.2202
2012-01-19,44.666
2012-01-18,44.8
2012-01-17,44.1309
2012-01-13,29.3761
2012-01-12,45.8676
2012-01-11,45.7617
2012-01-10,42.5006
2012-01-09,40.4369
2012-01-06,38.5104
2012-01-05,39.2554
2012-01-04,41.3927
2012-01-03,42.7803
2011-12-30,44.624
2011-12-29,45.2806
2011-12-28,44.2725
2011-12-27,44.4849
2011-12-23,41.509
2011-12-22,40.9253
2011-12-21,40.051
2011-12-20,41.0023
2011-12-19,40.3909
2011-12-16,41.0646
2011-12-15,42.7445
2011-12-14,42.4197
2011-12-13,44.8931
2011-12-12,47.6472
2011-12-09,49.5419
2011-12-08,49.084
2011-12-07,60.575
2011-12-06,63.4844
2011-12-05,62.3475
2011-12-02,59.3553
2011-12-01,57.3425
2011-11-30,57.8872
2011-11-29,55.0169
2011-11-28,58.0945
2011-11-25,55.4648
2011-11-23,54.8366
2011-11-22,57.0956
2011-11-21,56.2393
2011-11-18,59.2852
2011-11-17,63.4849
2011-11-16,68.8939
2011-11-15,66.7356
2011-11-14,65.1194
2011-11-11,66.9474
2011-11-10,61.2662
2011-11-09,59.9937
2011-11-08,64.2733
2011-11-07,62.7755
2011-11-04,67.6948
2011-11-03,68.4295
2011-11-02,57.465
2011-11-01,58.3375
2011-10-31,60.8683
2011-10-28,63.5404
2011-10-27,59.8204
2011-10-26,56.8836
2011-10-25,58.2845
2011-10-24,59.8401
2011-10-21,57.994
2011-10-20,55.4101
2011-10-19,56.5109
2011-10-18,60.3222
2011-10-17,57.0329
2011-10-14,60.284
2011-10-13,59.9049
2011-10-12,59.4367
2011-10-11,58.8168
2011-10-10,60.0559
2011-10-07,57.2344
2011-10-06,57.1375
2011-10-05,51.6144
2011-10-04,44.2787
2011-10-03,44.5413
2011-09-30,47.0403
2011-09-29,45.8598
2011-09-28,47.6149
2011-09-27,54.341
2011-09-26,51.6224
2011-09-23,55.6638
2011-09-22,52.5887
2011-09-21,53.6252
2011-09-20,54.3655
2011-09-19,53.4497
2011-09-16,53.5774
2011-09-15,49.8607
2011-09-14,47.9205
2011-09-13,46.8624
2011-09-12,41.666
2011-09-09,41.9583
2011-09-08,44.0462
2011-09-07,44.8074
2011-09-06,41.0182
2011-09-02,41.4083
2011-09-01,44.2696
2011-08-31,46.7094
2011-08-30,46.2914
2011-08-29,46.5437
2011-08-26,42.9244
2011-08-25,40.5033
2011-08-24,42.608
2011-08-23,39.0026
2011-08-22,34.6755
2011-08-19,35.5047
2011-08-18,40.6796
2011-08-17,45.7543
2011-08-16,46.7062
2011-08-15,47.1549
2011-08-12,47.4213
2011-08-11,43.6004
2011-08-10,37.2526
2011-08-09,40.9182
2011-08-08,33.8354
2011-08-05,35.5459
2011-08-04,37.0587
2011-08-03,45.9918
2011-08-02,46.6016
2011-08-01,53.4827
2011-07-29,50.5736
2011-07-28,50.5736
2011-07-27,47.9801
2011-07-26,49.6616
2011-07-25,52.0189
2011-07-22,56.153
2011-07-21,53.5676
2011-07-20,53.5234
2011-07-19,49.9054
2011-07-18,46.6504
2011-07-15,48.2292
2011-07-14,48.3624
2011-07-13,53.1532
2011-07-12,51.0513
2011-07-11,51.8985
2011-07-08,54.0772
2011-07-07,58.7646
2011-07-06,55.7123
2011-07-05,56.6434
2011-07-01,56.1796
2011-06-30,56.7079
2011-06-29,53.5382
2011-06-28,52.8353
2011-06-27,50.2532
2011-06-24,50.6789
2011-06-23,51.2486
2011-06-22,49.3849
2011-06-21,50.56
2011-06-20,44.6124
2011-06-17,46.3189
2011-06-16,46.3189
2011-06-15,49.1588
2011-06-14,54.0755
2011-06-13,53.4886
2011-06-10,51.5148
2011-06-09,50.6775
2011-06-08,48.9322
2011-06-07,53.4218
2011-06-06,54.6801
2011-06-03,60.5513
2011-06-02,56.2786
2011-06-01,55.4659
2011-05-31,62.8831
2011-05-27,61.0859
2011-05-26,60.8724
2011-05-25,59.3592
2011-05-24,51.2659
2011-05-23,51.6987
2011-05-20,56.951
2011-05-19,58.0719
2011-05-18,50.6495
2011-05-17,48.8356
2011-05-16,51.8041
2011-05-13,56.6609
2011-05-12,57.3056
2011-05-11,54.8662
2011-05-10,61.9247
2011-05-09,60.3077
2011-05-06,57.0482
2011-05-05,53.9563
2011-05-04,55.3478
2011-05-03,56.3417
2011-05-02,59.619
2011-04-29,60.4833
2011-04-28,60.8184
2011-04-27,58.7182
2011-04-26,58.1673
2011-04-25,56.1668
2011-04-21,57.8708
2011-04-20,54.1313
2011-04-19,51.7042
2011-04-18,51.1633
2011-04-15,53.575
2011-04-14,51.85
2011-04-13,51.025
2011-04-12,49.9384
2011-04-11,52.3831
2011-04-08,57.6599
2011-04-07,61.2641
2011-04-06,58.8187
2011-04-05,59.8233
2011-04-04,56.9279
2011-04-01,60.906
2011-03-31,66.7228
2011-03-30,49.8622
2011-03-29,51.1418
2011-03-28,47.021
2011-03-25,43.6517
2011-03-24,40.6392
2011-03-23,39.7651
2011-03-22,39.6243
2011-03-21,42.1509
2011-03-18,43.2673
2011-03-17,42.3208
2011-03-16,42.3656
2011-03-15,42.9263
2011-03-14,44.2091
2011-03-11,47.9281
2011-03-10,47.6218
2011-03-09,50.9936
2011-03-08,50.7135
2011-03-07,52.0322
2011-03-04,52.0782
2011-03-03,49.5828
2011-03-02,48.1033
2011-03-01,47.7607
2011-02-28,47.5551
2011-02-25,46.4335
2011-02-24,41.879
2011-02-23,38.668
2011-02-22,38.7844
2011-02-18,42.7889
2011-02-17,44.1783
2011-02-16,48.1765
2011-02-15,39.4725
2011-02-14,40.2888
2011-02-11,40.8574
2011-02-10,40.6937
2011-02-09,40.6714
2011-02-08,44.7622
2011-02-07,38.2125
2011-02-04,39.4324
2011-02-03,39.9607
2011-02-02,40.9102
2011-02-01,40.7809
2011-01-31,41.3252
2011-01-28,40.9706
2011-01-27,43.4953
2011-01-26,42.8705
2011-01-25,42.6223
2011-01-24,41.9724
2011-01-21,36.7802
2011-01-20,35.1843
2011-01-19,38.2649
2011-01-18,42.2807
2011-01-14,42.5707
2011-01-13,43.7897
2011-01-12,45.7493
2011-01-11,45.7493
2011-01-10,49.7988
2011-01-07,49.1967
2011-01-06,48.1846
2011-01-05,45.1573
2011-01-04,44.6895
2011-01-03,44.5491
2010-12-31,44.5706
2010-12-30,44.2382
2010-12-29,46.7581
2010-12-28,43.4755
2010-12-27,41.2303
2010-12-23,51.475
2010-12-22,59.3055
2010-12-21,58.4304
2010-12-20,57.1041
2010-12-17,56.2999
2010-12-16,55.0035
2010-12-15,52.0292
2010-12-14,49.2088
2010-12-13,55.0092
2010-12-10,58.1353
2010-12-09,59.9023
2010-12-08,60.9652
2010-12-07,59.2255
2010-12-06,56.375
2010-12-03,60.1458
2010-12-02,63.0664
2010-12-01,70.6454
2010-11-30,74.8315
2010-11-29,73.2977
2010-11-26,77.7543
2010-11-24,78.4408
2010-11-23,77.2984
2010-11-22,75.7086
2010-11-19,71.8512
2010-11-18,69.7697
2010-11-17,68.9772
2010-11-16,69.759
2010-11-15,74.8162
2010-11-12,73.2511
2010-11-11,69.9112
2010-11-10,76.5794
2010-11-09,65.3814
2010-11-08,67.6553
2010-11-05,65.9179
2010-11-04,68.9135
2010-11-03,55.9833
2010-11-02,52.8907
2010-11-01,53.9997
2010-10-29,57.054
2010-10-28,53.2573
2010-10-27,52.0809
2010-10-26,54.5522
2010-10-25,51.4519
2010-10-22,50.6364
2010-10-21,50.8236
2010-10-20,50.2412
2010-10-19,46.6391
2010-10-18,47.6216
2010-10-15,49.3215
2010-10-14,50.4812
2010-10-13,49.3498
2010-10-12,47.7291
2010-10-11,47.7291
2010-10-08,48.6183
2010-10-07,48.6183
2010-10-06,48.7477
2010-10-05,51.6196
2010-10-04,51.0803
2010-10-01,49.4752
2010-09-30,48.6753
2010-09-29,55.4059
2010-09-28,53.1391
2010-09-27,49.4795
2010-09-24,47.5564
2010-09-23,45.0616
2010-09-22,46.2618
2010-09-21,49.9298
2010-09-20,51.1498
2010-09-17,47.6308
2010-09-16,50.6116
2010-09-15,55.4395
2010-09-14,51.8298
2010-09-13,50.0415
2010-09-10,47.4955
2010-09-09,49.8659
2010-09-08,50.7118
2010-09-07,49.1593
2010-09-03,51.3355
2010-09-02,51.3779
2010-09-01,48.9357
2010-08-31,44.7429
2010-08-30,46.1916
2010-08-27,45.4603
2010-08-26,45.6336
2010-08-25,46.1348
2010-08-24,43.378
2010-08-23,46.3735
2010-08-20,42.1718
2010-08-19,40.8466
2010-08-18,40.7634
2010-08-17,41.8252
2010-08-16,40.3889
2010-08-13,38.5984
2010-08-12,35.7278
2010-08-11,36.4014
2010-08-10,39.035
2010-08-09,40.437
2010-08-06,40.4013
2010-08-05,42.48
2010-08-04,44.5301
2010-08-03,46.3398
2010-08-02,43.0581
2010-07-30,39.7261
2010-07-29,40.672
2010-07-28,41.5195
